{"type": "FeatureCollection", "metadata": {"years": [2001, 2002, 2003, 2004, 2005, 2006, 2007, 2008, 2009, 2010, 2011, 2012, 2013, 2014, 2015, 2016, 2017, 2018, 2019], "unit": "kg N ha-1 yr-1", "method": "Same-HUC flow x concentration allocated to county-HUC8 pieces; DNR + USGS pooled nitrate; 2001-2019", "note": "Estimated loads, not gauged flux."}, "features": [{"type": "Feature", "geometry": {"type": "Polygon", "coordinates": [[[-94.70051093599994, 41.50433805800003], [-94.24149302899997, 41.50360797700006], [-94.24161226699994, 41.15705030300006], [-94.70050629099995, 41.15799649600007], [-94.70051093599994, 41.50433805800003]]]}, "properties": {"county": "Adair", "mean_load": 9.05, "load": {"2001": 9.45, "2002": 1.47, "2003": 3.91, "2004": 7.33, "2005": 4.84, "2006": 2.04, "2007": 18.53, "2008": 12.51, "2009": 7.26, "2010": 19.54, "2011": 10.09, "2012": 3.88, "2013": 11.27, "2014": 13.48, "2015": 14.93, "2016": 9.03, "2017": 6.45, "2018": 7.75, "2019": 8.19}, "fwmc": {"2001": 4.23, "2002": 2.45, "2003": 4.46, "2004": 4.07, "2005": 3.71, "2006": 3.09, "2007": 4.73, "2008": 2.61, "2009": 3.13, "2010": 3.39, "2011": 3.63, "2012": 3.36, "2013": 6.04, "2014": 3.38, "2015": 3.24, "2016": 3.03, "2017": 2.71, "2018": 2.37, "2019": 1.86}, "coverage": {"2001": 0.79, "2002": 0.76, "2003": 0.78, "2004": 0.87, "2005": 0.82, "2006": 0.79, "2007": 0.88, "2008": 0.88, "2009": 0.9, "2010": 0.93, "2011": 0.91, "2012": 0.86, "2013": 0.84, "2014": 0.91, "2015": 0.93, "2016": 0.93, "2017": 0.8, "2018": 0.84, "2019": 0.89}}}, {"type": "Feature", "geometry": {"type": "Polygon", "coordinates": [[[-94.92750810799998, 41.15871965600007], [-94.47074619399996, 41.15753074500003], [-94.47104864499994, 40.89933341200003], [-94.92860211899995, 40.90069582700005], [-94.92750810799998, 41.15871965600007]]]}, "properties": {"county": "Adams", "mean_load": 3.42, "load": {"2001": 3.13, "2002": 0.32, "2003": 0.68, "2004": 2.51, "2005": 1.13, "2006": 0.48, "2007": 8.02, "2008": 4.22, "2009": 2.03, "2010": 6.5, "2011": 2.75, "2012": 1.9, "2013": 4.63, "2014": 6.37, "2015": 7.06, "2016": 4.28, "2017": 2.88, "2018": 2.72, "2019": 3.37}, "fwmc": {"2001": 1.4, "2002": 0.77, "2003": 1.03, "2004": 1.77, "2005": 1.18, "2006": 1.06, "2007": 1.94, "2008": 1.01, "2009": 1.15, "2010": 1.2, "2011": 1.2, "2012": 1.3, "2013": 2.71, "2014": 1.32, "2015": 1.36, "2016": 1.2, "2017": 1.04, "2018": 0.92, "2019": 0.69}, "coverage": {"2001": 0.28, "2002": 0.28, "2003": 0.28, "2004": 0.28, "2005": 0.28, "2006": 0.28, "2007": 0.28, "2008": 0.28, "2009": 0.28, "2010": 0.28, "2011": 0.28, "2012": 0.28, "2013": 0.28, "2014": 0.28, "2015": 0.28, "2016": 0.28, "2017": 0.28, "2018": 0.28, "2019": 0.28}}}, {"type": "Feature", "geometry": {"type": "Polygon", "coordinates": [[[-91.61075005999999, 43.500597017000075], [-91.21760800699997, 43.50080043400004], [-91.21578487199997, 43.48027894300003], [-91.23307468499996, 43.45798345400004], [-91.19968726399998, 43.41283844800006], [-91.19892388999995, 43.389442779000035], [-91.21457980799994, 43.36857364300005], [-91.21221414999997, 43.36145040700006], [-91.20398912499996, 43.350309408000044], [-91.10646872899997, 43.313745753000035], [-91.07245612799994, 43.27256843400005], [-91.07169405199994, 43.26116521000006], [-91.05957692899995, 43.25886224900006], [-91.05937847299998, 43.248116795000044], [-91.12116297999995, 43.197841992000065], [-91.15250189199998, 43.144812398000056], [-91.17620205499998, 43.13243345800004], [-91.17675145299995, 43.08027917700008], [-91.60563300099994, 43.08161527500005], [-91.61075005999999, 43.500597017000075]]]}, "properties": {"county": "Allamakee", "mean_load": 21.41, "load": {"2001": 20.43, "2002": 10.87, "2003": 6.3, "2004": 14.29, "2005": 8.86, "2006": 13.06, "2007": 35.45, "2008": 29.9, "2009": 8.1, "2010": 21.19, "2011": 25.14, "2012": 7.87, "2013": 25.81, "2014": 20.77, "2015": 14.93, "2016": 39.89, "2017": 29.53, "2018": 34.66, "2019": 39.72}, "fwmc": {"2001": 7.55, "2002": 5.86, "2003": 4.76, "2004": 5.93, "2005": 4.8, "2006": 7.05, "2007": 8.03, "2008": 7.56, "2009": 4.27, "2010": 6.37, "2011": 7.68, "2012": 5.41, "2013": 6.31, "2014": 6.23, "2015": 6.19, "2016": 7.46, "2017": 6.95, "2018": 6.31, "2019": 5.99}, "coverage": {"2001": 1.0, "2002": 1.0, "2003": 1.0, "2004": 1.0, "2005": 1.0, "2006": 1.0, "2007": 1.0, "2008": 0.82, "2009": 0.82, "2010": 1.0, "2011": 1.0, "2012": 0.97, "2013": 1.0, "2014": 1.0, "2015": 1.0, "2016": 1.0, "2017": 1.0, "2018": 1.0, "2019": 1.0}}}, {"type": "Feature", "geometry": {"type": "Polygon", "coordinates": [[[-93.09758544199997, 40.89823000400003], [-92.63925866099999, 40.89895861800005], [-92.63790517699994, 40.59095450700005], [-93.09719025999999, 40.58392054800004], [-93.09758544199997, 40.89823000400003]]]}, "properties": {"county": "Appanoose", "mean_load": 3.47, "load": {"2001": 3.59, "2002": 1.39, "2003": 0.92, "2004": 2.26, "2005": 1.23, "2006": 0.84, "2007": 4.56, "2008": 6.04, "2009": 3.97, "2010": 8.74, "2011": 4.66, "2012": 0.86, "2013": 4.49, "2014": 4.09, "2015": 5.33, "2016": 4.06, "2017": 1.58, "2018": 2.46, "2019": 4.86}, "fwmc": {"2001": 1.08, "2002": 1.57, "2003": 1.34, "2004": 1.08, "2005": 1.34, "2006": 3.12, "2007": 1.3, "2008": 1.04, "2009": 0.87, "2010": 1.06, "2011": 1.53, "2012": 1.71, "2013": 1.46, "2014": 1.19, "2015": 1.15, "2016": 2.55, "2017": 1.16, "2018": 0.86, "2019": 1.05}, "coverage": {"2001": 0.91, "2002": 0.92, "2003": 0.71, "2004": 0.91, "2005": 0.91, "2006": 0.91, "2007": 0.91, "2008": 0.76, "2009": 0.83, "2010": 0.91, "2011": 0.91, "2012": 0.91, "2013": 0.85, "2014": 0.91, "2015": 0.91, "2016": 0.91, "2017": 0.71, "2018": 0.58, "2019": 0.91}}}, {"type": "Feature", "geometry": {"type": "Polygon", "coordinates": [[[-95.09284562799996, 41.86336264500005], [-94.74482663099997, 41.86232426400005], [-94.74412279299997, 41.60220300000003], [-94.70061989599998, 41.60228741900005], [-94.70051093599994, 41.50433805800003], [-95.04082528599997, 41.50507266300008], [-95.04078042399999, 41.602264810000065], [-95.09258407399994, 41.602180084000054], [-95.09284562799996, 41.86336264500005]]]}, "properties": {"county": "Audubon", "mean_load": 17.21, "load": {"2001": 9.07, "2002": 1.79, "2003": 6.06, "2004": 16.01, "2005": 9.58, "2006": 4.85, "2007": 37.1, "2008": 21.49, "2009": 12.73, "2010": 31.45, "2011": 12.61, "2012": 4.68, "2013": 18.7, "2014": 20.97, "2015": 33.72, "2016": 31.24, "2017": 15.68, "2018": 20.91, "2019": 18.41}, "fwmc": {"2001": 5.47, "2002": 3.13, "2003": 6.3, "2004": 7.94, "2005": 6.7, "2006": 4.72, "2007": 8.03, "2008": 6.01, "2009": 5.72, "2010": 5.73, "2011": 5.56, "2012": 4.01, "2013": 9.67, "2014": 6.16, "2015": 7.5, "2016": 7.03, "2017": 5.56, "2018": 5.83, "2019": 4.65}, "coverage": {"2001": 0.87, "2002": 1.0, "2003": 0.94, "2004": 1.0, "2005": 1.0, "2006": 1.0, "2007": 1.0, "2008": 0.98, "2009": 1.0, "2010": 1.0, "2011": 1.0, "2012": 0.87, "2013": 1.0, "2014": 1.0, "2015": 1.0, "2016": 1.0, "2017": 1.0, "2018": 1.0, "2019": 1.0}}}, {"type": "Feature", "geometry": {"type": "Polygon", "coordinates": [[[-92.29863309099994, 42.29745047200004], [-91.83112365099998, 42.29898684500006], [-91.83149274199997, 41.86183093100004], [-92.29797475899994, 41.86288542800003], [-92.29863309099994, 42.29745047200004]]]}, "properties": {"county": "Benton", "mean_load": 27.49, "load": {"2001": 31.11, "2002": 9.09, "2003": 13.82, "2004": 21.7, "2005": 16.24, "2006": 17.94, "2007": 42.23, "2008": 50.77, "2009": 27.9, "2010": 36.47, "2011": 19.98, "2012": 5.21, "2013": 37.35, "2014": 21.55, "2015": 32.09, "2016": 44.22, "2017": 26.86, "2018": 36.96, "2019": 30.77}, "fwmc": {"2001": 10.62, "2002": 7.95, "2003": 8.87, "2004": 8.23, "2005": 8.3, "2006": 10.02, "2007": 8.98, "2008": 8.2, "2009": 6.68, "2010": 7.17, "2011": 7.06, "2012": 5.7, "2013": 9.34, "2014": 6.62, "2015": 9.49, "2016": 9.08, "2017": 8.49, "2018": 6.58, "2019": 6.23}, "coverage": {"2001": 1.0, "2002": 1.0, "2003": 1.0, "2004": 1.0, "2005": 1.0, "2006": 1.0, "2007": 1.0, "2008": 0.97, "2009": 0.96, "2010": 1.0, "2011": 1.0, "2012": 1.0, "2013": 1.0, "2014": 1.0, "2015": 1.0, "2016": 1.0, "2017": 1.0, "2018": 1.0, "2019": 1.0}}}, {"type": "Feature", "geometry": {"type": "Polygon", "coordinates": [[[-92.55443347199997, 42.642399590000025], [-92.08164337699998, 42.64197382200007], [-92.08144904299996, 42.46821743500004], [-92.06434128899997, 42.468241085000045], [-92.06483243299994, 42.29729599600006], [-92.53364059699999, 42.297049825000045], [-92.53423292599996, 42.46958020000005], [-92.55446662199995, 42.469552355000076], [-92.55443347199997, 42.642399590000025]]]}, "properties": {"county": "Black Hawk", "mean_load": 27.98, "load": {"2001": 31.26, "2002": 8.51, "2003": 12.97, "2004": 22.61, "2005": 15.75, "2006": 19.23, "2007": 41.45, "2008": 49.44, "2009": 26.54, "2010": 37.52, "2011": 21.62, "2012": 5.67, "2013": 42.18, "2014": 20.98, "2015": 28.72, "2016": 47.47, "2017": 29.25, "2018": 39.11, "2019": 31.4}, "fwmc": {"2001": 10.58, "2002": 7.37, "2003": 8.53, "2004": 8.23, "2005": 7.88, "2006": 10.09, "2007": 8.8, "2008": 8.25, "2009": 6.76, "2010": 7.56, "2011": 7.26, "2012": 5.76, "2013": 10.32, "2014": 6.38, "2015": 9.1, "2016": 8.97, "2017": 8.4, "2018": 6.46, "2019": 6.12}, "coverage": {"2001": 1.0, "2002": 1.0, "2003": 1.0, "2004": 1.0, "2005": 1.0, "2006": 1.0, "2007": 1.0, "2008": 0.99, "2009": 0.96, "2010": 1.0, "2011": 1.0, "2012": 1.0, "2013": 1.0, "2014": 1.0, "2015": 1.0, "2016": 1.0, "2017": 1.0, "2018": 1.0, "2019": 1.0}}}, {"type": "Feature", "geometry": {"type": "Polygon", "coordinates": [[[-94.16454520899998, 42.209887080000044], [-93.69839950199997, 42.20929057700005], [-93.69806542199996, 41.86326139000005], [-94.16426930399996, 41.86341618600005], [-94.16454520899998, 42.209887080000044]]]}, "properties": {"county": "Boone", "mean_load": 24.53, "load": {"2001": 25.03, "2002": 10.3, "2003": 17.88, "2004": 21.56, "2005": 19.18, "2006": 20.63, "2007": 34.9, "2008": 24.25, "2009": 14.91, "2010": 32.75, "2011": 21.54, "2012": 4.09, "2013": 32.5, "2014": 25.62, "2015": 39.06, "2016": 31.35, "2017": 19.71, "2018": 40.47, "2019": 30.35}, "fwmc": {"2001": 10.02, "2002": 10.76, "2003": 12.25, "2004": 10.48, "2005": 10.23, "2006": 10.98, "2007": 9.22, "2008": 6.06, "2009": 5.06, "2010": 5.84, "2011": 8.34, "2012": 6.86, "2013": 17.47, "2014": 11.66, "2015": 11.03, "2016": 8.72, "2017": 8.07, "2018": 7.37, "2019": 6.63}, "coverage": {"2001": 1.0, "2002": 1.0, "2003": 1.0, "2004": 1.0, "2005": 1.0, "2006": 1.0, "2007": 1.0, "2008": 0.81, "2009": 0.81, "2010": 1.0, "2011": 1.0, "2012": 1.0, "2013": 1.0, "2014": 1.0, "2015": 1.0, "2016": 1.0, "2017": 1.0, "2018": 1.0, "2019": 1.0}}}, {"type": "Feature", "geometry": {"type": "Polygon", "coordinates": [[[-92.55427841899996, 42.90714785000006], [-92.08158060499994, 42.906800299000054], [-92.08164337699998, 42.64197382200007], [-92.55443347199997, 42.642399590000025], [-92.55427841899996, 42.90714785000006]]]}, "properties": {"county": "Bremer", "mean_load": 29.67, "load": {"2001": 29.44, "2002": 8.55, "2003": 11.08, "2004": 27.9, "2005": 16.46, "2006": 23.63, "2007": 35.42, "2008": 41.25, "2009": 17.82, "2010": 41.51, "2011": 27.1, "2012": 6.15, "2013": 56.58, "2014": 26.43, "2015": 26.84, "2016": 55.03, "2017": 35.73, "2018": 43.33, "2019": 33.43}, "fwmc": {"2001": 9.18, "2002": 6.83, "2003": 7.61, "2004": 8.38, "2005": 7.41, "2006": 10.37, "2007": 8.46, "2008": 8.5, "2009": 8.23, "2010": 9.51, "2011": 8.12, "2012": 5.97, "2013": 13.24, "2014": 8.03, "2015": 9.49, "2016": 8.96, "2017": 8.32, "2018": 6.17, "2019": 5.62}, "coverage": {"2001": 0.96, "2002": 1.0, "2003": 1.0, "2004": 1.0, "2005": 1.0, "2006": 1.0, "2007": 1.0, "2008": 0.89, "2009": 1.0, "2010": 1.0, "2011": 1.0, "2012": 1.0, "2013": 1.0, "2014": 1.0, "2015": 1.0, "2016": 1.0, "2017": 1.0, "2018": 1.0, "2019": 1.0}}}, {"type": "Feature", "geometry": {"type": "Polygon", "coordinates": [[[-92.08164337699998, 42.64197382200007], [-91.60713305399997, 42.643904201000055], [-91.60855673399999, 42.469123067000055], [-91.59740192199996, 42.46914920900008], [-91.59698259199996, 42.296369765000065], [-92.06483243299994, 42.29729599600006], [-92.06434128899997, 42.468241085000045], [-92.08144904299996, 42.46821743500004], [-92.08164337699998, 42.64197382200007]]]}, "properties": {"county": "Buchanan", "mean_load": 30.36, "load": {"2001": 30.81, "2002": 11.38, "2003": 10.24, "2004": 27.2, "2005": 13.6, "2006": 20.35, "2007": 40.87, "2008": 49.43, "2009": 23.33, "2010": 50.73, "2011": 26.91, "2012": 8.03, "2013": 53.74, "2014": 23.66, "2015": 26.49, "2016": 51.69, "2017": 36.35, "2018": 40.26, "2019": 31.69}, "fwmc": {"2001": 10.31, "2002": 7.74, "2003": 6.93, "2004": 8.76, "2005": 6.99, "2006": 10.07, "2007": 8.88, "2008": 8.46, "2009": 6.51, "2010": 9.94, "2011": 8.09, "2012": 6.7, "2013": 12.56, "2014": 7.01, "2015": 9.59, "2016": 8.95, "2017": 8.73, "2018": 5.76, "2019": 5.52}, "coverage": {"2001": 1.0, "2002": 1.0, "2003": 1.0, "2004": 1.0, "2005": 1.0, "2006": 1.0, "2007": 1.0, "2008": 1.0, "2009": 0.83, "2010": 1.0, "2011": 1.0, "2012": 1.0, "2013": 1.0, "2014": 1.0, "2015": 1.0, "2016": 1.0, "2017": 1.0, "2018": 1.0, "2019": 1.0}}}, {"type": "Feature", "geometry": {"type": "Polygon", "coordinates": [[[-95.38820373799996, 42.90987763800007], [-94.91388387199999, 42.909845285000074], [-94.91460085999995, 42.560338295000065], [-95.38804831099998, 42.561708331000034], [-95.38820373799996, 42.90987763800007]]]}, "properties": {"county": "Buena Vista", "mean_load": 28.94, "load": {"2001": 16.87, "2002": 11.38, "2003": 18.98, "2004": 21.94, "2005": 16.08, "2006": 14.08, "2007": 34.61, "2008": 31.4, "2009": 18.8, "2010": 43.28, "2011": 21.71, "2012": 5.11, "2013": 35.46, "2014": 33.55, "2015": 74.17, "2016": 50.98, "2017": 26.43, "2018": 42.28, "2019": 32.67}, "fwmc": {"2001": 9.14, "2002": 11.33, "2003": 11.92, "2004": 11.59, "2005": 10.87, "2006": 11.97, "2007": 10.16, "2008": 8.89, "2009": 8.25, "2010": 8.27, "2011": 9.16, "2012": 8.22, "2013": 21.64, "2014": 15.6, "2015": 18.82, "2016": 13.34, "2017": 11.11, "2018": 10.16, "2019": 7.48}, "coverage": {"2001": 1.0, "2002": 1.0, "2003": 1.0, "2004": 1.0, "2005": 1.0, "2006": 1.0, "2007": 1.0, "2008": 0.93, "2009": 0.95, "2010": 1.0, "2011": 1.0, "2012": 1.0, "2013": 1.0, "2014": 1.0, "2015": 1.0, "2016": 1.0, "2017": 1.0, "2018": 1.0, "2019": 1.0}}}, {"type": "Feature", "geometry": {"type": "Polygon", "coordinates": [[[-93.02528296499997, 42.90758465300007], [-92.55427841899996, 42.90714785000006], [-92.55440663999997, 42.55574677100003], [-93.02699405299995, 42.556804604000035], [-93.02528296499997, 42.90758465300007]]]}, "properties": {"county": "Butler", "mean_load": 27.34, "load": {"2001": 22.08, "2002": 10.02, "2003": 15.76, "2004": 22.43, "2005": 24.37, "2006": 23.44, "2007": 40.86, "2008": 42.48, "2009": 22.24, "2010": 29.14, "2011": 20.52, "2012": 3.43, "2013": 46.56, "2014": 24.88, "2015": 26.0, "2016": 51.52, "2017": 26.96, "2018": 40.69, "2019": 26.16}, "fwmc": {"2001": 6.3, "2002": 7.32, "2003": 9.74, "2004": 8.11, "2005": 9.89, "2006": 11.19, "2007": 9.83, "2008": 8.55, "2009": 5.97, "2010": 6.66, "2011": 7.0, "2012": 4.75, "2013": 13.33, "2014": 7.78, "2015": 8.77, "2016": 9.02, "2017": 7.64, "2018": 6.19, "2019": 5.39}, "coverage": {"2001": 0.74, "2002": 1.0, "2003": 1.0, "2004": 1.0, "2005": 1.0, "2006": 1.0, "2007": 1.0, "2008": 0.77, "2009": 0.8, "2010": 1.0, "2011": 1.0, "2012": 0.96, "2013": 1.0, "2014": 1.0, "2015": 1.0, "2016": 1.0, "2017": 1.0, "2018": 1.0, "2019": 1.0}}}, {"type": "Feature", "geometry": {"type": "Polygon", "coordinates": [[[-94.91460085999995, 42.560338295000065], [-94.44301424799994, 42.55888768400007], [-94.44289197699999, 42.473371995000036], [-94.39757134099995, 42.47339180800003], [-94.39737194899999, 42.20918119600003], [-94.85860023999999, 42.20969975500003], [-94.85661574299996, 42.473984845000075], [-94.91465853099999, 42.474326845000064], [-94.91460085999995, 42.560338295000065]]]}, "properties": {"county": "Calhoun", "mean_load": 35.21, "load": {"2001": 21.06, "2002": 15.16, "2003": 23.61, "2004": 27.13, "2005": 18.74, "2006": 16.41, "2007": 41.52, "2008": 39.32, "2009": 23.93, "2010": 47.97, "2011": 21.28, "2012": 5.53, "2013": 49.44, "2014": 45.63, "2015": 99.47, "2016": 54.53, "2017": 30.62, "2018": 51.62, "2019": 36.07}, "fwmc": {"2001": 10.62, "2002": 13.33, "2003": 13.09, "2004": 13.19, "2005": 11.73, "2006": 13.85, "2007": 10.84, "2008": 9.61, "2009": 9.38, "2010": 8.1, "2011": 9.55, "2012": 10.04, "2013": 25.98, "2014": 18.91, "2015": 21.67, "2016": 14.71, "2017": 13.1, "2018": 12.01, "2019": 8.07}, "coverage": {"2001": 1.0, "2002": 1.0, "2003": 1.0, "2004": 1.0, "2005": 1.0, "2006": 1.0, "2007": 1.0, "2008": 1.0, "2009": 1.0, "2010": 1.0, "2011": 1.0, "2012": 1.0, "2013": 1.0, "2014": 1.0, "2015": 1.0, "2016": 1.0, "2017": 1.0, "2018": 1.0, "2019": 1.0}}}, {"type": "Feature", "geometry": {"type": "Polygon", "coordinates": [[[-95.09079853399999, 42.21025034100006], [-94.62867286099998, 42.20947447700007], [-94.62867216499995, 41.86297624600007], [-95.09284562799996, 41.86336264500005], [-95.09079853399999, 42.21025034100006]]]}, "properties": {"county": "Carroll", "mean_load": 22.11, "load": {"2001": 12.25, "2002": 8.59, "2003": 13.75, "2004": 18.8, "2005": 9.9, "2006": 7.49, "2007": 35.75, "2008": 26.39, "2009": 15.52, "2010": 32.84, "2011": 12.7, "2012": 2.95, "2013": 26.18, "2014": 22.55, "2015": 59.82, "2016": 37.34, "2017": 20.57, "2018": 28.91, "2019": 27.81}, "fwmc": {"2001": 7.02, "2002": 8.0, "2003": 9.31, "2004": 9.19, "2005": 7.98, "2006": 7.18, "2007": 9.82, "2008": 6.74, "2009": 6.03, "2010": 6.36, "2011": 6.36, "2012": 4.68, "2013": 13.05, "2014": 8.09, "2015": 12.03, "2016": 9.5, "2017": 8.14, "2018": 7.88, "2019": 6.86}, "coverage": {"2001": 0.99, "2002": 1.0, "2003": 1.0, "2004": 1.0, "2005": 1.0, "2006": 1.0, "2007": 1.0, "2008": 0.8, "2009": 0.81, "2010": 1.0, "2011": 1.0, "2012": 0.99, "2013": 1.0, "2014": 1.0, "2015": 1.0, "2016": 1.0, "2017": 1.0, "2018": 1.0, "2019": 1.0}}}, {"type": "Feature", "geometry": {"type": "Polygon", "coordinates": [[[-95.15470442999998, 41.505264932000046], [-94.70051093599994, 41.50433805800003], [-94.70050629099995, 41.15799649600007], [-95.15577213399996, 41.15927783600006], [-95.15470442999998, 41.505264932000046]]]}, "properties": {"county": "Cass", "mean_load": 14.68, "load": {"2001": 9.74, "2002": 1.11, "2003": 4.23, "2004": 13.05, "2005": 7.3, "2006": 3.51, "2007": 33.46, "2008": 18.15, "2009": 10.49, "2010": 27.25, "2011": 10.8, "2012": 5.49, "2013": 18.51, "2014": 20.79, "2015": 28.84, "2016": 23.48, "2017": 12.61, "2018": 15.79, "2019": 14.37}, "fwmc": {"2001": 5.26, "2002": 2.2, "2003": 5.09, "2004": 7.32, "2005": 5.8, "2006": 4.32, "2007": 7.2, "2008": 4.6, "2009": 4.95, "2010": 4.89, "2011": 4.77, "2012": 4.15, "2013": 9.93, "2014": 5.19, "2015": 5.96, "2016": 5.74, "2017": 4.45, "2018": 4.57, "2019": 3.33}, "coverage": {"2001": 0.99, "2002": 0.92, "2003": 0.88, "2004": 0.99, "2005": 0.99, "2006": 0.99, "2007": 0.96, "2008": 0.95, "2009": 0.99, "2010": 0.99, "2011": 0.99, "2012": 0.9, "2013": 0.99, "2014": 0.99, "2015": 0.99, "2016": 0.99, "2017": 0.96, "2018": 0.96, "2019": 0.99}}}, {"type": "Feature", "geometry": {"type": "Polygon", "coordinates": [[[-91.36586234299995, 41.94744117400006], [-90.89860021099997, 41.946305797000036], [-90.89994342299997, 41.597004869000045], [-91.36654249099996, 41.59836272100006], [-91.36586234299995, 41.94744117400006]]]}, "properties": {"county": "Cedar", "mean_load": 22.4, "load": {"2001": 31.62, "2002": 12.07, "2003": 5.26, "2004": 21.3, "2005": 10.44, "2006": 11.86, "2007": 28.81, "2008": 34.17, "2009": 21.03, "2010": 28.39, "2011": 20.96, "2012": 5.4, "2013": 30.0, "2014": 22.18, "2015": 27.11, "2016": 33.03, "2017": 24.05, "2018": 30.47, "2019": 27.41}, "fwmc": {"2001": 9.17, "2002": 5.52, "2003": 3.77, "2004": 7.57, "2005": 6.96, "2006": 7.94, "2007": 7.95, "2008": 6.15, "2009": 5.38, "2010": 6.04, "2011": 6.94, "2012": 5.22, "2013": 7.61, "2014": 6.11, "2015": 8.5, "2016": 7.38, "2017": 7.17, "2018": 5.2, "2019": 5.21}, "coverage": {"2001": 1.0, "2002": 1.0, "2003": 0.98, "2004": 1.0, "2005": 1.0, "2006": 1.0, "2007": 1.0, "2008": 0.86, "2009": 0.86, "2010": 1.0, "2011": 1.0, "2012": 1.0, "2013": 1.0, "2014": 1.0, "2015": 0.98, "2016": 1.0, "2017": 1.0, "2018": 1.0, "2019": 1.0}}}, {"type": "Feature", "geometry": {"type": "Polygon", "coordinates": [[[-93.49749246499994, 43.25532891600005], [-93.02405556099995, 43.255266935000066], [-93.02528296499997, 42.90758465300007], [-93.49877058599998, 42.90837054600007], [-93.49749246499994, 43.25532891600005]]]}, "properties": {"county": "Cerro Gordo", "mean_load": 22.25, "load": {"2001": 22.26, "2002": 11.21, "2003": 14.64, "2004": 22.03, "2005": 23.55, "2006": 22.51, "2007": 32.4, "2008": 31.48, "2009": 18.87, "2010": 25.64, "2011": 19.59, "2012": 2.39, "2013": 42.87, "2014": 27.73, "2015": 15.84, "2016": 33.21, "2017": 16.23, "2018": 25.05, "2019": 15.3}, "fwmc": {"2001": 6.27, "2002": 7.29, "2003": 9.14, "2004": 7.17, "2005": 8.87, "2006": 10.65, "2007": 8.55, "2008": 7.43, "2009": 5.53, "2010": 6.2, "2011": 6.72, "2012": 4.0, "2013": 11.85, "2014": 9.21, "2015": 5.39, "2016": 5.68, "2017": 4.56, "2018": 3.71, "2019": 3.2}, "coverage": {"2001": 0.86, "2002": 1.0, "2003": 1.0, "2004": 1.0, "2005": 1.0, "2006": 1.0, "2007": 1.0, "2008": 0.73, "2009": 0.76, "2010": 1.0, "2011": 1.0, "2012": 0.97, "2013": 1.0, "2014": 0.89, "2015": 0.61, "2016": 0.61, "2017": 0.64, "2018": 0.61, "2019": 0.61}}}, {"type": "Feature", "geometry": {"type": "Polygon", "coordinates": [[[-95.85948289599997, 42.90918066100005], [-95.38820373799996, 42.90987763800007], [-95.38804831099998, 42.561708331000034], [-95.86006187099997, 42.560588049000046], [-95.85948289599997, 42.90918066100005]]]}, "properties": {"county": "Cherokee", "mean_load": 14.17, "load": {"2001": 9.08, "2002": 3.36, "2003": 8.07, "2004": 10.17, "2005": 10.28, "2006": 9.84, "2007": 16.06, "2008": 13.11, "2009": 7.16, "2010": 28.62, "2011": 20.01, "2012": 3.97, "2013": 8.72, "2014": 8.15, "2015": 18.25, "2016": 36.42, "2017": 14.45, "2018": 22.38, "2019": 21.09}, "fwmc": {"2001": 5.1, "2002": 4.84, "2003": 7.65, "2004": 6.2, "2005": 7.45, "2006": 7.19, "2007": 6.2, "2008": 6.35, "2009": 5.26, "2010": 7.13, "2011": 7.1, "2012": 4.89, "2013": 7.63, "2014": 5.47, "2015": 8.34, "2016": 9.36, "2017": 6.12, "2018": 5.14, "2019": 4.9}, "coverage": {"2001": 0.83, "2002": 0.83, "2003": 0.85, "2004": 0.85, "2005": 0.85, "2006": 0.85, "2007": 0.83, "2008": 0.78, "2009": 0.8, "2010": 0.83, "2011": 0.83, "2012": 0.85, "2013": 0.83, "2014": 0.85, "2015": 0.83, "2016": 0.83, "2017": 0.83, "2018": 0.83, "2019": 0.83}}}, {"type": "Feature", "geometry": {"type": "Polygon", "coordinates": [[[-92.55444316299997, 43.212775374000046], [-92.08104037899994, 43.21293200900004], [-92.08158060499994, 42.906800299000054], [-92.55427841899996, 42.90714785000006], [-92.55444316299997, 43.212775374000046]]]}, "properties": {"county": "Chickasaw", "mean_load": 29.16, "load": {"2001": 29.27, "2002": 8.72, "2003": 8.91, "2004": 28.35, "2005": 13.38, "2006": 21.01, "2007": 37.66, "2008": 42.3, "2009": 18.26, "2010": 43.21, "2011": 25.87, "2012": 7.56, "2013": 54.09, "2014": 25.73, "2015": 25.16, "2016": 53.01, "2017": 37.84, "2018": 41.18, "2019": 32.59}, "fwmc": {"2001": 9.78, "2002": 6.59, "2003": 6.57, "2004": 8.35, "2005": 6.53, "2006": 9.79, "2007": 8.57, "2008": 8.08, "2009": 7.01, "2010": 9.52, "2011": 7.75, "2012": 6.4, "2013": 12.39, "2014": 7.51, "2015": 9.43, "2016": 8.67, "2017": 8.24, "2018": 5.7, "2019": 5.38}, "coverage": {"2001": 1.0, "2002": 1.0, "2003": 1.0, "2004": 1.0, "2005": 1.0, "2006": 1.0, "2007": 1.0, "2008": 0.94, "2009": 0.86, "2010": 1.0, "2011": 1.0, "2012": 1.0, "2013": 1.0, "2014": 1.0, "2015": 1.0, "2016": 1.0, "2017": 1.0, "2018": 1.0, "2019": 1.0}}}, {"type": "Feature", "geometry": {"type": "Polygon", "coordinates": [[[-94.01443317899998, 41.15665557600005], [-93.55748138799999, 41.161371802000076], [-93.55647516999994, 40.89837618800004], [-94.01479841199995, 40.89704923200003], [-94.01443317899998, 41.15665557600005]]]}, "properties": {"county": "Clarke", "mean_load": 8.14, "load": {"2001": 10.22, "2002": 2.2, "2003": 6.14, "2004": 7.42, "2005": 6.46, "2006": 2.76, "2007": 13.96, "2008": 12.96, "2009": 8.63, "2010": 19.68, "2011": 10.79, "2012": 2.19, "2013": 10.01, "2014": 8.18, "2015": 9.18, "2016": 5.43, "2017": 4.53, "2018": 7.3, "2019": 6.56}, "fwmc": {"2001": 4.51, "2002": 2.87, "2003": 5.64, "2004": 3.41, "2005": 3.93, "2006": 3.3, "2007": 3.86, "2008": 2.49, "2009": 3.09, "2010": 3.1, "2011": 3.47, "2012": 2.48, "2013": 4.87, "2014": 2.41, "2015": 2.19, "2016": 2.18, "2017": 2.49, "2018": 2.09, "2019": 1.59}, "coverage": {"2001": 0.92, "2002": 0.88, "2003": 0.88, "2004": 0.94, "2005": 0.88, "2006": 0.83, "2007": 0.98, "2008": 1.0, "2009": 0.97, "2010": 1.0, "2011": 0.98, "2012": 0.92, "2013": 0.89, "2014": 0.98, "2015": 1.0, "2016": 1.0, "2017": 0.85, "2018": 0.91, "2019": 0.96}}}, {"type": "Feature", "geometry": {"type": "Polygon", "coordinates": [[[-95.38793172299995, 43.25527058500006], [-94.91385289399994, 43.25497695100006], [-94.91388387199999, 42.909845285000074], [-95.38820373799996, 42.90987763800007], [-95.38793172299995, 43.25527058500006]]]}, "properties": {"county": "Clay", "mean_load": 15.76, "load": {"2001": 12.3, "2002": 3.38, "2003": 6.79, "2004": 9.48, "2005": 12.66, "2006": 12.9, "2007": 16.37, "2008": 14.56, "2009": 7.74, "2010": 31.8, "2011": 24.51, "2012": 4.97, "2013": 10.15, "2014": 7.92, "2015": 16.04, "2016": 41.77, "2017": 15.84, "2018": 27.13, "2019": 23.06}, "fwmc": {"2001": 6.2, "2002": 5.38, "2003": 7.37, "2004": 5.81, "2005": 8.61, "2006": 8.39, "2007": 6.33, "2008": 6.71, "2009": 4.86, "2010": 7.93, "2011": 8.17, "2012": 5.79, "2013": 9.28, "2014": 5.82, "2015": 8.95, "2016": 11.02, "2017": 6.74, "2018": 5.69, "2019": 5.22}, "coverage": {"2001": 1.0, "2002": 1.0, "2003": 1.0, "2004": 1.0, "2005": 1.0, "2006": 1.0, "2007": 1.0, "2008": 0.91, "2009": 0.91, "2010": 1.0, "2011": 1.0, "2012": 1.0, "2013": 1.0, "2014": 1.0, "2015": 1.0, "2016": 1.0, "2017": 1.0, "2018": 1.0, "2019": 1.0}}}, {"type": "Feature", "geometry": {"type": "Polygon", "coordinates": [[[-91.60563300099994, 43.08161527500005], [-91.17675145299995, 43.08027917700008], [-91.17499684199998, 43.040892264000036], [-91.14548585399996, 42.959717872000056], [-91.14592882399995, 42.90785750900005], [-91.07981125399994, 42.86937060300005], [-91.07877283399995, 42.81070458200003], [-91.06948045299998, 42.76952194100005], [-91.06044781499997, 42.76189527100007], [-91.06479632099996, 42.75114484900007], [-91.05310815399997, 42.73803370300004], [-91.03510216399997, 42.737456190000046], [-91.02689320499996, 42.72452806500007], [-90.99397940499995, 42.71299746500006], [-90.97589793599997, 42.695767955000065], [-90.89702513099996, 42.67512121400006], [-90.89714841299997, 42.64557824600007], [-91.60713305399997, 42.643904201000055], [-91.60563300099994, 43.08161527500005]]]}, "properties": {"county": "Clayton", "mean_load": 19.72, "load": {"2001": 20.64, "2002": 7.3, "2003": 5.57, "2004": 21.07, "2005": 7.4, "2006": 13.43, "2007": 28.96, "2008": 28.36, "2009": 11.73, "2010": 18.91, "2011": 18.08, "2012": 7.34, "2013": 28.18, "2014": 21.49, "2015": 15.37, "2016": 34.68, "2017": 28.16, "2018": 30.85, "2019": 27.17}, "fwmc": {"2001": 8.14, "2002": 4.55, "2003": 4.48, "2004": 5.95, "2005": 4.11, "2006": 6.88, "2007": 6.87, "2008": 5.35, "2009": 4.2, "2010": 4.8, "2011": 5.51, "2012": 5.17, "2013": 6.76, "2014": 6.13, "2015": 6.25, "2016": 6.16, "2017": 5.84, "2018": 4.62, "2019": 4.34}, "coverage": {"2001": 0.96, "2002": 0.83, "2003": 0.83, "2004": 0.83, "2005": 0.83, "2006": 0.83, "2007": 0.83, "2008": 0.75, "2009": 0.75, "2010": 0.83, "2011": 0.83, "2012": 0.83, "2013": 0.83, "2014": 0.83, "2015": 0.83, "2016": 0.83, "2017": 0.83, "2018": 0.83, "2019": 0.83}}}, {"type": "Feature", "geometry": {"type": "Polygon", "coordinates": [[[-90.89840118499995, 42.033551103000036], [-90.15438603299998, 42.03323830700003], [-90.14009762699999, 42.003111528000034], [-90.16425163299994, 41.956081307000034], [-90.15183051499997, 41.93117048600004], [-90.15289845399997, 41.91136677900005], [-90.18216533399999, 41.843655703000024], [-90.18143210399995, 41.80780409700003], [-90.28244838099994, 41.76511252900008], [-90.31675104399994, 41.72893202300003], [-90.33995983499995, 41.74075647500007], [-90.35708132099995, 41.72802107600006], [-90.38828576199995, 41.73721866500006], [-90.38967607999996, 41.73092804800007], [-90.40795570699999, 41.729982187000076], [-90.41235054799995, 41.74138388100005], [-90.42744190199994, 41.73665254800005], [-90.42412991599997, 41.74923179600006], [-90.43676420299994, 41.760690889000045], [-90.45058908399994, 41.76468208800003], [-90.46287428599999, 41.75807364100007], [-90.47204347799999, 41.77385615900005], [-90.51174893999996, 41.765564220000044], [-90.53746110199995, 41.776583161000076], [-90.54222229999993, 41.76590493800006], [-90.57893516299998, 41.759146369000064], [-90.59100607499994, 41.77073868300005], [-90.61626008699994, 41.75645944200005], [-90.62761197699996, 41.76539424300006], [-90.65010487299998, 41.75567958100004], [-90.66870590299999, 41.76451519700004], [-90.69386971699998, 41.750361026000064], [-90.69177787099994, 41.74318609100004], [-90.71398065599999, 41.734605645000045], [-90.74921436099999, 41.744415477000075], [-90.76120822399997, 41.76296836500006], [-90.78629441099997, 41.77137977600006], [-90.89875635699997, 41.771500754000044], [-90.89840118499995, 42.033551103000036]]]}, "properties": {"county": "Clinton", "mean_load": 20.14, "load": {"2001": 22.51, "2002": 14.91, "2003": 7.35, "2004": 21.5, "2005": 6.41, "2006": 14.74, "2007": 25.18, "2008": 33.47, "2009": 17.69, "2010": 27.51, "2011": 20.8, "2012": 8.26, "2013": 25.22, "2014": 18.91, "2015": 17.65, "2016": 27.1, "2017": 22.87, "2018": 27.28, "2019": 23.35}, "fwmc": {"2001": 6.88, "2002": 5.8, "2003": 4.4, "2004": 6.82, "2005": 4.27, "2006": 7.54, "2007": 6.06, "2008": 5.52, "2009": 4.24, "2010": 5.33, "2011": 6.11, "2012": 5.33, "2013": 6.21, "2014": 5.78, "2015": 6.1, "2016": 5.9, "2017": 6.19, "2018": 4.67, "2019": 4.44}, "coverage": {"2001": 0.87, "2002": 0.87, "2003": 0.79, "2004": 0.87, "2005": 0.86, "2006": 0.86, "2007": 0.84, "2008": 0.81, "2009": 0.81, "2010": 0.86, "2011": 0.85, "2012": 0.85, "2013": 0.86, "2014": 0.86, "2015": 0.81, "2016": 0.86, "2017": 0.86, "2018": 0.87, "2019": 0.86}}}, {"type": "Feature", "geometry": {"type": "Polygon", "coordinates": [[[-95.67082848799998, 42.21151200300005], [-95.09079853399999, 42.21025034100006], [-95.09284562799996, 41.86336264500005], [-95.67278347099995, 41.86308897200007], [-95.67082848799998, 42.21151200300005]]]}, "properties": {"county": "Crawford", "mean_load": 16.63, "load": {"2001": 8.51, "2002": 4.49, "2003": 7.54, "2004": 9.92, "2005": 6.59, "2006": 3.87, "2007": 24.91, "2008": 19.92, "2009": 11.34, "2010": 25.38, "2011": 14.86, "2012": 3.51, "2013": 9.53, "2014": 20.88, "2015": 38.81, "2016": 36.92, "2017": 20.93, "2018": 23.59, "2019": 24.51}, "fwmc": {"2001": 5.87, "2002": 5.73, "2003": 6.93, "2004": 7.92, "2005": 6.88, "2006": 6.32, "2007": 8.85, "2008": 6.31, "2009": 6.07, "2010": 6.9, "2011": 7.0, "2012": 5.31, "2013": 8.95, "2014": 8.82, "2015": 9.81, "2016": 9.59, "2017": 7.73, "2018": 7.51, "2019": 6.72}, "coverage": {"2001": 1.0, "2002": 1.0, "2003": 1.0, "2004": 1.0, "2005": 1.0, "2006": 1.0, "2007": 1.0, "2008": 0.9, "2009": 0.93, "2010": 1.0, "2011": 1.0, "2012": 1.0, "2013": 1.0, "2014": 1.0, "2015": 1.0, "2016": 1.0, "2017": 1.0, "2018": 1.0, "2019": 1.0}}}, {"type": "Feature", "geometry": {"type": "Polygon", "coordinates": [[[-94.28053051399996, 41.86304349100004], [-93.81591258799995, 41.86345689800004], [-93.81417598399997, 41.600545270000055], [-93.79061192399996, 41.600448554000025], [-93.79047571799998, 41.511862595000025], [-93.89690956499999, 41.50302905800004], [-94.24149302899997, 41.50360797700006], [-94.24129613799994, 41.60099581900005], [-94.28006905999996, 41.60150730000004], [-94.28053051399996, 41.86304349100004]]]}, "properties": {"county": "Dallas", "mean_load": 27.18, "load": {"2001": 18.48, "2002": 11.38, "2003": 18.5, "2004": 21.94, "2005": 14.84, "2006": 13.48, "2007": 36.76, "2008": 29.73, "2009": 17.92, "2010": 38.19, "2011": 17.56, "2012": 3.85, "2013": 36.52, "2014": 30.08, "2015": 69.91, "2016": 41.74, "2017": 23.64, "2018": 39.99, "2019": 31.95}, "fwmc": {"2001": 9.02, "2002": 10.33, "2003": 11.39, "2004": 10.64, "2005": 9.82, "2006": 10.36, "2007": 9.99, "2008": 7.62, "2009": 7.16, "2010": 6.97, "2011": 7.99, "2012": 6.81, "2013": 18.64, "2014": 12.36, "2015": 15.46, "2016": 11.17, "2017": 9.84, "2018": 9.25, "2019": 7.38}, "coverage": {"2001": 1.0, "2002": 1.0, "2003": 1.0, "2004": 1.0, "2005": 1.0, "2006": 1.0, "2007": 1.0, "2008": 0.86, "2009": 0.86, "2010": 1.0, "2011": 1.0, "2012": 1.0, "2013": 1.0, "2014": 1.0, "2015": 1.0, "2016": 1.0, "2017": 1.0, "2018": 1.0, "2019": 1.0}}}, {"type": "Feature", "geometry": {"type": "Polygon", "coordinates": [[[-92.63925866099999, 40.89895861800005], [-92.17902823699995, 40.89987580900004], [-92.17970138299995, 40.600406693000025], [-92.63790517699994, 40.59095450700005], [-92.63925866099999, 40.89895861800005]]]}, "properties": {"county": "Davis", "mean_load": 5.47, "load": {"2001": 4.21, "2002": 1.56, "2003": 2.78, "2004": 3.98, "2005": 3.45, "2006": 2.24, "2007": 8.43, "2008": 8.3, "2009": 5.71, "2010": 9.64, "2011": 7.05, "2012": 0.74, "2013": 5.17, "2014": 3.97, "2015": 10.98, "2016": 8.02, "2017": 4.84, "2018": 6.55, "2019": 6.26}, "fwmc": {"2001": 1.6, "2002": 1.5, "2003": 2.31, "2004": 2.07, "2005": 2.52, "2006": 2.57, "2007": 2.32, "2008": 1.7, "2009": 1.31, "2010": 1.44, "2011": 2.41, "2012": 1.1, "2013": 2.56, "2014": 1.51, "2015": 2.78, "2016": 2.74, "2017": 2.44, "2018": 1.73, "2019": 1.41}, "coverage": {"2001": 0.41, "2002": 0.48, "2003": 0.41, "2004": 0.41, "2005": 0.44, "2006": 0.44, "2007": 0.41, "2008": 0.41, "2009": 0.78, "2010": 0.41, "2011": 0.41, "2012": 0.41, "2013": 0.44, "2014": 0.41, "2015": 0.41, "2016": 0.41, "2017": 0.41, "2018": 0.41, "2019": 0.44}}}, {"type": "Feature", "geometry": {"type": "Polygon", "coordinates": [[[-94.01479841199995, 40.89704923200003], [-93.55647516999994, 40.89837618800004], [-93.55704812399995, 40.58028103700008], [-94.01568880699995, 40.57415938500003], [-94.01479841199995, 40.89704923200003]]]}, "properties": {"county": "Decatur", "mean_load": 4.68, "load": {"2001": 4.32, "2002": 0.23, "2003": 0.6, "2004": 3.01, "2005": 1.81, "2006": 0.45, "2007": 7.22, "2008": 6.16, "2009": 4.12, "2010": 13.94, "2011": 13.04, "2012": 2.5, "2013": 1.56, "2014": 8.86, "2015": 6.87, "2016": 3.38, "2017": 2.42, "2018": 3.98, "2019": 4.38}, "fwmc": {"2001": 1.86, "2002": 0.42, "2003": 1.58, "2004": 1.86, "2005": 1.66, "2006": 1.63, "2007": 2.21, "2008": 1.23, "2009": 1.32, "2010": 2.72, "2011": 3.91, "2012": 2.5, "2013": 0.81, "2014": 2.44, "2015": 1.64, "2016": 1.5, "2017": 1.7, "2018": 1.68, "2019": 1.09}, "coverage": {"2001": 0.63, "2002": 0.48, "2003": 0.59, "2004": 0.7, "2005": 0.48, "2006": 0.32, "2007": 0.85, "2008": 0.93, "2009": 0.83, "2010": 0.93, "2011": 0.85, "2012": 0.63, "2013": 0.55, "2014": 0.85, "2015": 0.93, "2016": 0.93, "2017": 0.68, "2018": 0.83, "2019": 0.78}}}, {"type": "Feature", "geometry": {"type": "Polygon", "coordinates": [[[-91.60713305399997, 42.643904201000055], [-91.13296027899997, 42.64590756700005], [-91.13034874499994, 42.295627857000056], [-91.59698259199996, 42.296369765000065], [-91.59740192199996, 42.46914920900008], [-91.60855673399999, 42.469123067000055], [-91.60713305399997, 42.643904201000055]]]}, "properties": {"county": "Delaware", "mean_load": 28.77, "load": {"2001": 28.44, "2002": 25.83, "2003": 12.33, "2004": 25.65, "2005": 7.97, "2006": 18.07, "2007": 32.67, "2008": 50.38, "2009": 26.44, "2010": 44.25, "2011": 36.24, "2012": 13.11, "2013": 35.91, "2014": 29.0, "2015": 20.19, "2016": 36.67, "2017": 28.65, "2018": 40.3, "2019": 34.62}, "fwmc": {"2001": 9.43, "2002": 8.62, "2003": 6.66, "2004": 7.87, "2005": 5.43, "2006": 9.4, "2007": 8.37, "2008": 7.22, "2009": 6.49, "2010": 7.94, "2011": 9.31, "2012": 7.45, "2013": 9.46, "2014": 9.08, "2015": 7.64, "2016": 8.46, "2017": 8.08, "2018": 6.69, "2019": 5.79}, "coverage": {"2001": 1.0, "2002": 1.0, "2003": 1.0, "2004": 1.0, "2005": 1.0, "2006": 1.0, "2007": 1.0, "2008": 0.99, "2009": 0.97, "2010": 1.0, "2011": 1.0, "2012": 1.0, "2013": 1.0, "2014": 1.0, "2015": 1.0, "2016": 1.0, "2017": 1.0, "2018": 1.0, "2019": 1.0}}}, {"type": "Feature", "geometry": {"type": "Polygon", "coordinates": [[[-91.37082274099998, 41.07418554000003], [-90.94923963199994, 41.07276172700006], [-90.94231250399997, 41.03233946200004], [-90.95781494799996, 40.98290338600003], [-90.95186467799994, 40.95672114800004], [-90.96300378399997, 40.924509486000034], [-91.00510325899995, 40.90429410300004], [-91.05629667699998, 40.848735340000076], [-91.09253811899998, 40.822164016000045], [-91.09272130899996, 40.774777046000054], [-91.11594450399997, 40.725335888000075], [-91.11248183499998, 40.69636365100007], [-91.15038427499996, 40.70623758600004], [-91.16233403699994, 40.72256183500008], [-91.17623371399998, 40.72116991100006], [-91.18088836299995, 40.70817274500007], [-91.19634563299996, 40.719558290000066], [-91.20948433399997, 40.71404279600006], [-91.20760733699996, 40.72311176300008], [-91.21711368899997, 40.73280752000005], [-91.24618305499996, 40.749917794000055], [-91.28219346799995, 40.754098233000036], [-91.29330338899996, 40.773251695000056], [-91.31079031199994, 40.77196841500006], [-91.40904518899998, 40.81225105300007], [-91.37204107099996, 40.81257308700003], [-91.37082274099998, 41.07418554000003]]]}, "properties": {"county": "Des Moines", "mean_load": 4.08, "load": {"2001": 6.14, "2002": 3.68, "2003": 1.07, "2004": 3.1, "2005": 1.78, "2006": 1.52, "2007": 6.16, "2008": 7.75, "2009": 5.51, "2010": 6.91, "2011": 5.64, "2012": 0.78, "2013": 4.58, "2014": 3.14, "2015": 5.7, "2016": 3.24, "2017": 3.1, "2018": 2.94, "2019": 4.86}, "fwmc": {"2001": 1.76, "2002": 1.97, "2003": 1.06, "2004": 1.48, "2005": 1.39, "2006": 1.53, "2007": 1.65, "2008": 1.46, "2009": 0.93, "2010": 0.93, "2011": 1.64, "2012": 1.01, "2013": 1.35, "2014": 1.07, "2015": 1.53, "2016": 1.28, "2017": 1.69, "2018": 0.93, "2019": 1.0}, "coverage": {"2001": 0.26, "2002": 0.31, "2003": 0.28, "2004": 0.23, "2005": 0.21, "2006": 0.2, "2007": 0.23, "2008": 0.28, "2009": 0.21, "2010": 0.23, "2011": 0.28, "2012": 0.2, "2013": 0.2, "2014": 0.23, "2015": 0.23, "2016": 0.23, "2017": 0.17, "2018": 0.21, "2019": 0.23}}}, {"type": "Feature", "geometry": {"type": "Polygon", "coordinates": [[[-95.38780740599998, 43.50024333400006], [-94.91475795899999, 43.50086659600004], [-94.91385289399994, 43.25497695100006], [-95.38793172299995, 43.25527058500006], [-95.38780740599998, 43.50024333400006]]]}, "properties": {"county": "Dickinson", "mean_load": 15.36, "load": {"2001": 12.14, "2002": 3.21, "2003": 6.54, "2004": 9.12, "2005": 12.61, "2006": 12.89, "2007": 15.82, "2008": 14.19, "2009": 7.37, "2010": 31.02, "2011": 24.2, "2012": 4.97, "2013": 9.34, "2014": 7.4, "2015": 14.98, "2016": 41.4, "2017": 15.78, "2018": 26.38, "2019": 22.5}, "fwmc": {"2001": 6.04, "2002": 5.2, "2003": 7.23, "2004": 5.65, "2005": 8.49, "2006": 8.24, "2007": 6.18, "2008": 7.31, "2009": 5.79, "2010": 7.76, "2011": 7.94, "2012": 5.74, "2013": 8.75, "2014": 5.52, "2015": 8.69, "2016": 11.02, "2017": 6.66, "2018": 5.49, "2019": 5.03}, "coverage": {"2001": 1.0, "2002": 1.0, "2003": 1.0, "2004": 1.0, "2005": 1.0, "2006": 0.99, "2007": 1.0, "2008": 0.98, "2009": 0.98, "2010": 1.0, "2011": 1.0, "2012": 0.99, "2013": 1.0, "2014": 1.0, "2015": 0.99, "2016": 1.0, "2017": 1.0, "2018": 1.0, "2019": 0.99}}}, {"type": "Feature", "geometry": {"type": "Polygon", "coordinates": [[[-91.13296027899997, 42.64590756700005], [-90.89714841299997, 42.64557824600007], [-90.89702513099996, 42.67512121400006], [-90.71201127999996, 42.637653175000025], [-90.70104032199998, 42.62883383800005], [-90.68610175899994, 42.590010292000045], [-90.64397308699995, 42.54047107400004], [-90.63614540999998, 42.515042047000065], [-90.65659241999998, 42.49063554700007], [-90.65265512899998, 42.47646219500007], [-90.61426459999996, 42.453273929000034], [-90.56671891699995, 42.43986533100008], [-90.55315411499998, 42.41502004600005], [-90.47414823499997, 42.38186972800003], [-90.66512322799997, 42.382308185000056], [-90.66542981299995, 42.29470326900008], [-91.13034874499994, 42.295627857000056], [-91.13296027899997, 42.64590756700005]]]}, "properties": {"county": "Dubuque", "mean_load": 14.89, "load": {"2001": 16.8, "2002": 14.68, "2003": 6.7, "2004": 12.92, "2005": 3.74, "2006": 9.15, "2007": 16.22, "2008": 26.45, "2009": 14.23, "2010": 22.73, "2011": 19.54, "2012": 7.14, "2013": 17.06, "2014": 15.22, "2015": 10.05, "2016": 17.58, "2017": 13.87, "2018": 20.73, "2019": 18.02}, "fwmc": {"2001": 6.16, "2002": 4.5, "2003": 3.46, "2004": 4.0, "2005": 2.7, "2006": 4.81, "2007": 4.26, "2008": 3.66, "2009": 3.38, "2010": 3.97, "2011": 4.91, "2012": 3.88, "2013": 4.61, "2014": 4.84, "2015": 3.78, "2016": 4.34, "2017": 4.14, "2018": 3.57, "2019": 3.02}, "coverage": {"2001": 0.74, "2002": 0.51, "2003": 0.51, "2004": 0.51, "2005": 0.51, "2006": 0.51, "2007": 0.51, "2008": 0.51, "2009": 0.51, "2010": 0.51, "2011": 0.51, "2012": 0.51, "2013": 0.51, "2014": 0.51, "2015": 0.51, "2016": 0.51, "2017": 0.51, "2018": 0.51, "2019": 0.51}}}, {"type": "Feature", "geometry": {"type": "Polygon", "coordinates": [[[-94.91475795899999, 43.50086659600004], [-94.44264746599998, 43.50040366700006], [-94.44309033699994, 43.25515051600007], [-94.91385289399994, 43.25497695100006], [-94.91475795899999, 43.50086659600004]]]}, "properties": {"county": "Emmet", "mean_load": 18.07, "load": {"2001": 21.75, "2002": 5.07, "2003": 12.24, "2004": 11.43, "2005": 19.3, "2006": 18.62, "2007": 19.5, "2008": 16.33, "2009": 7.93, "2010": 25.09, "2011": 21.91, "2012": 4.26, "2013": 16.1, "2014": 14.4, "2015": 19.62, "2016": 39.89, "2017": 19.41, "2018": 28.56, "2019": 21.85}, "fwmc": {"2001": 7.5, "2002": 7.52, "2003": 11.11, "2004": 6.88, "2005": 9.03, "2006": 8.99, "2007": 6.65, "2008": 7.17, "2009": 5.96, "2010": 5.79, "2011": 6.6, "2012": 5.76, "2013": 11.95, "2014": 9.38, "2015": 10.88, "2016": 10.94, "2017": 7.48, "2018": 4.96, "2019": 4.24}, "coverage": {"2001": 0.97, "2002": 0.97, "2003": 0.97, "2004": 0.97, "2005": 0.97, "2006": 0.92, "2007": 0.97, "2008": 0.72, "2009": 0.75, "2010": 0.97, "2011": 0.91, "2012": 0.78, "2013": 0.97, "2014": 0.97, "2015": 0.92, "2016": 0.97, "2017": 0.94, "2018": 0.97, "2019": 0.92}}}, {"type": "Feature", "geometry": {"type": "Polygon", "coordinates": [[[-92.08112129299997, 43.082752319000065], [-91.60563300099994, 43.08161527500005], [-91.60713305399997, 42.643904201000055], [-92.08164337699998, 42.64197382200007], [-92.08112129299997, 43.082752319000065]]]}, "properties": {"county": "Fayette", "mean_load": 26.11, "load": {"2001": 25.66, "2002": 9.42, "2003": 7.42, "2004": 27.46, "2005": 10.28, "2006": 17.92, "2007": 36.16, "2008": 38.93, "2009": 16.86, "2010": 32.1, "2011": 23.66, "2012": 8.85, "2013": 41.92, "2014": 26.24, "2015": 21.03, "2016": 45.77, "2017": 35.8, "2018": 38.58, "2019": 32.1}, "fwmc": {"2001": 9.32, "2002": 6.04, "2003": 5.78, "2004": 7.66, "2005": 5.5, "2006": 8.89, "2007": 8.44, "2008": 7.08, "2009": 5.64, "2010": 7.4, "2011": 7.08, "2012": 6.48, "2013": 9.77, "2014": 7.49, "2015": 8.33, "2016": 7.9, "2017": 7.51, "2018": 5.52, "2019": 5.21}, "coverage": {"2001": 1.0, "2002": 1.0, "2003": 1.0, "2004": 1.0, "2005": 1.0, "2006": 1.0, "2007": 1.0, "2008": 0.94, "2009": 0.88, "2010": 1.0, "2011": 1.0, "2012": 1.0, "2013": 1.0, "2014": 1.0, "2015": 1.0, "2016": 1.0, "2017": 1.0, "2018": 1.0, "2019": 1.0}}}, {"type": "Feature", "geometry": {"type": "Polygon", "coordinates": [[[-93.02431189499998, 43.21283654800004], [-92.55444316299997, 43.212775374000046], [-92.55427841899996, 42.90714785000006], [-93.02528296499997, 42.90758465300007], [-93.02431189499998, 43.21283654800004]]]}, "properties": {"county": "Floyd", "mean_load": 24.99, "load": {"2001": 13.88, "2002": 7.0, "2003": 14.76, "2004": 25.68, "2005": 25.36, "2006": 26.67, "2007": 32.1, "2008": 37.85, "2009": 13.93, "2010": 21.04, "2011": 22.78, "2012": 2.82, "2013": 43.58, "2014": 24.21, "2015": 21.62, "2016": 47.68, "2017": 25.2, "2018": 40.48, "2019": 28.13}, "fwmc": {"2001": 4.02, "2002": 5.62, "2003": 9.27, "2004": 7.52, "2005": 9.88, "2006": 11.49, "2007": 9.25, "2008": 9.62, "2009": 6.84, "2010": 6.0, "2011": 7.08, "2012": 3.84, "2013": 11.51, "2014": 8.24, "2015": 7.6, "2016": 7.87, "2017": 6.74, "2018": 6.31, "2019": 5.18}, "coverage": {"2001": 0.58, "2002": 1.0, "2003": 1.0, "2004": 1.0, "2005": 1.0, "2006": 1.0, "2007": 1.0, "2008": 0.75, "2009": 1.0, "2010": 1.0, "2011": 1.0, "2012": 1.0, "2013": 1.0, "2014": 1.0, "2015": 0.99, "2016": 0.99, "2017": 0.99, "2018": 0.99, "2019": 0.99}}}, {"type": "Feature", "geometry": {"type": "Polygon", "coordinates": [[[-93.49877058599998, 42.90837054600007], [-93.02528296499997, 42.90758465300007], [-93.02699405299995, 42.556804604000035], [-93.49955246899998, 42.55765532300006], [-93.49877058599998, 42.90837054600007]]]}, "properties": {"county": "Franklin", "mean_load": 31.79, "load": {"2001": 34.29, "2002": 14.1, "2003": 16.7, "2004": 20.64, "2005": 21.91, "2006": 23.96, "2007": 48.2, "2008": 39.92, "2009": 27.56, "2010": 35.4, "2011": 22.04, "2012": 3.68, "2013": 55.36, "2014": 34.59, "2015": 35.19, "2016": 59.79, "2017": 32.23, "2018": 48.12, "2019": 30.28}, "fwmc": {"2001": 9.63, "2002": 9.07, "2003": 10.41, "2004": 9.02, "2005": 9.14, "2006": 11.44, "2007": 10.46, "2008": 7.82, "2009": 6.93, "2010": 7.26, "2011": 8.17, "2012": 5.42, "2013": 17.49, "2014": 10.18, "2015": 11.15, "2016": 11.19, "2017": 9.36, "2018": 7.27, "2019": 6.37}, "coverage": {"2001": 1.0, "2002": 1.0, "2003": 1.0, "2004": 1.0, "2005": 1.0, "2006": 1.0, "2007": 1.0, "2008": 0.78, "2009": 0.83, "2010": 1.0, "2011": 1.0, "2012": 0.93, "2013": 1.0, "2014": 1.0, "2015": 1.0, "2016": 1.0, "2017": 1.0, "2018": 1.0, "2019": 1.0}}}, {"type": "Feature", "geometry": {"type": "Polygon", "coordinates": [[[-95.81290567099995, 40.90161604900004], [-95.38471516799996, 40.901601983000035], [-95.38538151499995, 40.728410791000044], [-95.37062565699995, 40.72822821600005], [-95.37397453799997, 40.58038828800005], [-95.76624164999998, 40.585260393000056], [-95.74844330399998, 40.60378135800005], [-95.76821915699998, 40.62156668000006], [-95.77675000299996, 40.64784326600005], [-95.79254385099995, 40.661126237000076], [-95.84212145499998, 40.67670540200004], [-95.85205536099994, 40.701266135000026], [-95.88167359499994, 40.717013347000034], [-95.88880093399996, 40.73287681700003], [-95.87900303199996, 40.75328860900004], [-95.83537788299998, 40.77835473600004], [-95.84555667199999, 40.81142093200003], [-95.83672161199996, 40.835912363000034], [-95.84813643699994, 40.86212932300003], [-95.81420015599997, 40.88193135200004], [-95.81290567099995, 40.90161604900004]]]}, "properties": {"county": "Fremont", "mean_load": 12.48, "load": {"2001": 4.93, "2002": 1.23, "2003": 3.25, "2004": 10.58, "2005": 6.56, "2006": 3.26, "2007": 24.11, "2008": 16.4, "2009": 8.27, "2010": 22.66, "2011": 10.62, "2012": 4.02, "2013": 11.07, "2014": 17.62, "2015": 24.31, "2016": 24.64, "2017": 12.94, "2018": 14.98, "2019": 15.69}, "fwmc": {"2001": 3.08, "2002": 2.02, "2003": 3.44, "2004": 5.63, "2005": 4.85, "2006": 3.65, "2007": 5.83, "2008": 4.42, "2009": 3.8, "2010": 4.48, "2011": 4.53, "2012": 3.45, "2013": 6.16, "2014": 5.17, "2015": 5.77, "2016": 5.42, "2017": 4.42, "2018": 4.37, "2019": 3.78}, "coverage": {"2001": 0.5, "2002": 0.57, "2003": 0.53, "2004": 0.69, "2005": 0.73, "2006": 0.73, "2007": 0.73, "2008": 0.58, "2009": 0.59, "2010": 0.69, "2011": 0.73, "2012": 0.71, "2013": 0.73, "2014": 0.73, "2015": 0.73, "2016": 0.73, "2017": 0.73, "2018": 0.73, "2019": 0.73}}}, {"type": "Feature", "geometry": {"type": "Polygon", "coordinates": [[[-94.62867286099998, 42.20947447700007], [-94.16454520899998, 42.209887080000044], [-94.16426930399996, 41.86341618600005], [-94.62867216499995, 41.86297624600007], [-94.62867286099998, 42.20947447700007]]]}, "properties": {"county": "Greene", "mean_load": 32.25, "load": {"2001": 20.09, "2002": 13.77, "2003": 21.72, "2004": 25.22, "2005": 17.29, "2006": 15.32, "2007": 39.79, "2008": 35.79, "2009": 21.71, "2010": 44.35, "2011": 19.89, "2012": 4.91, "2013": 44.67, "2014": 39.88, "2015": 88.61, "2016": 49.83, "2017": 28.06, "2018": 47.32, "2019": 34.57}, "fwmc": {"2001": 10.01, "2002": 12.24, "2003": 12.5, "2004": 12.25, "2005": 11.05, "2006": 12.48, "2007": 10.55, "2008": 8.9, "2009": 8.57, "2010": 7.71, "2011": 8.98, "2012": 8.83, "2013": 23.21, "2014": 16.48, "2015": 19.4, "2016": 13.4, "2017": 11.87, "2018": 10.99, "2019": 7.83}, "coverage": {"2001": 1.0, "2002": 1.0, "2003": 1.0, "2004": 1.0, "2005": 1.0, "2006": 1.0, "2007": 1.0, "2008": 0.94, "2009": 0.94, "2010": 1.0, "2011": 1.0, "2012": 1.0, "2013": 1.0, "2014": 1.0, "2015": 1.0, "2016": 1.0, "2017": 1.0, "2018": 1.0, "2019": 1.0}}}, {"type": "Feature", "geometry": {"type": "Polygon", "coordinates": [[[-93.02699405299995, 42.556804604000035], [-92.55440663999997, 42.55574677100003], [-92.55446662199995, 42.469552355000076], [-92.53423292599996, 42.46958020000005], [-92.53364059699999, 42.297049825000045], [-92.76816059199996, 42.296626882000055], [-92.76758068199996, 42.21025597600004], [-93.00171194499995, 42.20924806000005], [-93.00299276699997, 42.47069453300003], [-93.02705560299995, 42.47090765000007], [-93.02699405299995, 42.556804604000035]]]}, "properties": {"county": "Grundy", "mean_load": 28.26, "load": {"2001": 31.54, "2002": 9.26, "2003": 13.85, "2004": 21.48, "2005": 16.26, "2006": 19.59, "2007": 43.9, "2008": 49.59, "2009": 28.1, "2010": 35.64, "2011": 20.84, "2012": 5.16, "2013": 40.26, "2014": 22.79, "2015": 30.91, "2016": 47.19, "2017": 28.42, "2018": 40.33, "2019": 31.86}, "fwmc": {"2001": 10.76, "2002": 7.83, "2003": 9.01, "2004": 8.25, "2005": 8.19, "2006": 10.5, "2007": 9.22, "2008": 8.26, "2009": 6.98, "2010": 7.12, "2011": 7.27, "2012": 5.53, "2013": 10.26, "2014": 6.99, "2015": 9.52, "2016": 9.35, "2017": 8.7, "2018": 6.96, "2019": 6.41}, "coverage": {"2001": 1.0, "2002": 1.0, "2003": 1.0, "2004": 1.0, "2005": 1.0, "2006": 1.0, "2007": 1.0, "2008": 1.0, "2009": 1.0, "2010": 1.0, "2011": 1.0, "2012": 0.99, "2013": 1.0, "2014": 1.0, "2015": 1.0, "2016": 1.0, "2017": 1.0, "2018": 1.0, "2019": 1.0}}}, {"type": "Feature", "geometry": {"type": "Polygon", "coordinates": [[[-94.74482663099997, 41.86232426400005], [-94.28053051399996, 41.86304349100004], [-94.28006905999996, 41.60150730000004], [-94.24129613799994, 41.60099581900005], [-94.24149302899997, 41.50360797700006], [-94.70051093599994, 41.50433805800003], [-94.70061989599998, 41.60228741900005], [-94.74412279299997, 41.60220300000003], [-94.74482663099997, 41.86232426400005]]]}, "properties": {"county": "Guthrie", "mean_load": 18.58, "load": {"2001": 10.99, "2002": 7.55, "2003": 12.39, "2004": 17.17, "2005": 8.09, "2006": 5.79, "2007": 33.14, "2008": 22.88, "2009": 13.92, "2010": 28.39, "2011": 9.62, "2012": 1.87, "2013": 23.15, "2014": 15.04, "2015": 49.97, "2016": 29.75, "2017": 16.41, "2018": 22.79, "2019": 24.13}, "fwmc": {"2001": 6.16, "2002": 6.85, "2003": 8.37, "2004": 7.92, "2005": 6.55, "2006": 5.4, "2007": 9.04, "2008": 5.55, "2009": 5.14, "2010": 5.34, "2011": 4.88, "2012": 3.07, "2013": 10.71, "2014": 5.26, "2015": 9.72, "2016": 7.95, "2017": 6.8, "2018": 6.29, "2019": 6.09}, "coverage": {"2001": 0.99, "2002": 1.0, "2003": 0.99, "2004": 1.0, "2005": 1.0, "2006": 1.0, "2007": 1.0, "2008": 0.76, "2009": 0.76, "2010": 1.0, "2011": 1.0, "2012": 0.99, "2013": 1.0, "2014": 1.0, "2015": 1.0, "2016": 1.0, "2017": 0.99, "2018": 1.0, "2019": 1.0}}}, {"type": "Feature", "geometry": {"type": "Polygon", "coordinates": [[[-93.97141862399997, 42.55803305000006], [-93.49955246899998, 42.55765532300006], [-93.49915586299994, 42.47097699600005], [-93.46261026799999, 42.47076121900005], [-93.46299471299994, 42.209278281000024], [-93.93154843399998, 42.209954251000056], [-93.93171376099997, 42.47206979900005], [-93.97152565599998, 42.47199061200007], [-93.97141862399997, 42.55803305000006]]]}, "properties": {"county": "Hamilton", "mean_load": 30.89, "load": {"2001": 32.56, "2002": 18.23, "2003": 21.48, "2004": 28.67, "2005": 22.25, "2006": 24.35, "2007": 52.0, "2008": 39.27, "2009": 25.19, "2010": 35.96, "2011": 17.95, "2012": 3.15, "2013": 46.52, "2014": 35.77, "2015": 45.9, "2016": 41.59, "2017": 25.32, "2018": 43.46, "2019": 27.32}, "fwmc": {"2001": 12.17, "2002": 13.26, "2003": 12.54, "2004": 12.19, "2005": 11.96, "2006": 12.98, "2007": 11.95, "2008": 8.14, "2009": 7.26, "2010": 5.6, "2011": 8.2, "2012": 6.82, "2013": 19.28, "2014": 12.82, "2015": 11.51, "2016": 10.63, "2017": 9.84, "2018": 7.42, "2019": 6.05}, "coverage": {"2001": 1.0, "2002": 1.0, "2003": 0.95, "2004": 0.95, "2005": 0.97, "2006": 1.0, "2007": 1.0, "2008": 0.99, "2009": 0.97, "2010": 1.0, "2011": 0.87, "2012": 0.81, "2013": 0.92, "2014": 1.0, "2015": 1.0, "2016": 1.0, "2017": 0.97, "2018": 1.0, "2019": 1.0}}}, {"type": "Feature", "geometry": {"type": "Polygon", "coordinates": [[[-93.97039910799998, 43.255254696000065], [-93.49749246499994, 43.25532891600005], [-93.49877058599998, 42.90837054600007], [-93.97137494699996, 42.90758087000006], [-93.97039910799998, 43.255254696000065]]]}, "properties": {"county": "Hancock", "mean_load": 34.37, "load": {"2001": 37.23, "2002": 18.98, "2003": 19.61, "2004": 21.79, "2005": 22.61, "2006": 27.08, "2007": 55.85, "2008": 39.19, "2009": 26.94, "2010": 40.11, "2011": 22.83, "2012": 2.42, "2013": 54.51, "2014": 44.4, "2015": 43.56, "2016": 57.59, "2017": 32.41, "2018": 53.22, "2019": 32.62}, "fwmc": {"2001": 11.27, "2002": 11.31, "2003": 11.72, "2004": 9.88, "2005": 10.26, "2006": 13.95, "2007": 12.87, "2008": 9.42, "2009": 8.8, "2010": 7.81, "2011": 9.44, "2012": 5.49, "2013": 21.38, "2014": 16.07, "2015": 14.1, "2016": 12.81, "2017": 11.28, "2018": 8.77, "2019": 6.79}, "coverage": {"2001": 1.0, "2002": 1.0, "2003": 0.95, "2004": 0.95, "2005": 0.98, "2006": 1.0, "2007": 1.0, "2008": 0.95, "2009": 0.93, "2010": 1.0, "2011": 0.86, "2012": 0.76, "2013": 0.93, "2014": 0.98, "2015": 0.93, "2016": 0.93, "2017": 0.91, "2018": 0.93, "2019": 0.93}}}, {"type": "Feature", "geometry": {"type": "Polygon", "coordinates": [[[-93.49955246899998, 42.55765532300006], [-93.02699405299995, 42.556804604000035], [-93.02705560299995, 42.47090765000007], [-93.00299276699997, 42.47069453300003], [-93.00171194499995, 42.20924806000005], [-93.46299471299994, 42.209278281000024], [-93.46261026799999, 42.47076121900005], [-93.49915586299994, 42.47097699600005], [-93.49955246899998, 42.55765532300006]]]}, "properties": {"county": "Hardin", "mean_load": 36.91, "load": {"2001": 34.36, "2002": 18.92, "2003": 17.59, "2004": 20.96, "2005": 20.87, "2006": 30.41, "2007": 64.48, "2008": 40.02, "2009": 31.01, "2010": 37.64, "2011": 23.89, "2012": 2.43, "2013": 56.93, "2014": 51.16, "2015": 49.3, "2016": 63.36, "2017": 38.16, "2018": 61.13, "2019": 38.67}, "fwmc": {"2001": 11.19, "2002": 10.59, "2003": 11.54, "2004": 10.25, "2005": 9.61, "2006": 14.84, "2007": 13.48, "2008": 8.75, "2009": 8.69, "2010": 7.58, "2011": 10.05, "2012": 3.96, "2013": 22.01, "2014": 16.16, "2015": 15.01, "2016": 14.46, "2017": 12.87, "2018": 10.64, "2019": 8.05}, "coverage": {"2001": 1.0, "2002": 1.0, "2003": 1.0, "2004": 1.0, "2005": 1.0, "2006": 1.0, "2007": 1.0, "2008": 1.0, "2009": 1.0, "2010": 1.0, "2011": 1.0, "2012": 0.92, "2013": 1.0, "2014": 1.0, "2015": 1.0, "2016": 1.0, "2017": 1.0, "2018": 1.0, "2019": 1.0}}}, {"type": "Feature", "geometry": {"type": "Polygon", "coordinates": [[[-96.13947111499999, 41.86631915600003], [-95.55717958199995, 41.86339898400007], [-95.55817358199994, 41.60236138700003], [-95.49792959099995, 41.60229054800004], [-95.49808307799998, 41.506036453000036], [-95.99638035099997, 41.506854418000046], [-95.99922087899995, 41.53812960300007], [-96.01637174799998, 41.54613718600007], [-96.03984100399998, 41.51854653800007], [-96.07934684199995, 41.52428523400005], [-96.09668126099996, 41.546757006000064], [-96.08200085399994, 41.58061676900007], [-96.10928440999999, 41.59719051700006], [-96.11825761199998, 41.614652327000044], [-96.09492552199998, 41.65325081700007], [-96.12220903099995, 41.68590490400004], [-96.11442780199997, 41.69676068500007], [-96.08612126899999, 41.69744379800005], [-96.07284495599998, 41.70549052500007], [-96.07809512999995, 41.71713814800006], [-96.10304374199995, 41.72861508200003], [-96.10617261199997, 41.73890477900005], [-96.08116098599999, 41.75591474700008], [-96.07789607899997, 41.77639116300003], [-96.06455892499997, 41.79353452200007], [-96.07553116599996, 41.80813640200006], [-96.10662947899999, 41.81936643500006], [-96.10969705099996, 41.84854243700005], [-96.13947111499999, 41.86631915600003]]]}, "properties": {"county": "Harrison", "mean_load": 12.47, "load": {"2001": 6.48, "2002": 3.63, "2003": 5.97, "2004": 6.98, "2005": 4.76, "2006": 3.03, "2007": 17.4, "2008": 14.54, "2009": 8.67, "2010": 18.21, "2011": 11.33, "2012": 2.46, "2013": 7.11, "2014": 14.92, "2015": 29.75, "2016": 28.5, "2017": 16.11, "2018": 18.4, "2019": 18.75}, "fwmc": {"2001": 4.51, "2002": 4.57, "2003": 5.45, "2004": 6.11, "2005": 5.33, "2006": 5.13, "2007": 6.68, "2008": 4.78, "2009": 4.79, "2010": 5.28, "2011": 5.48, "2012": 4.19, "2013": 7.53, "2014": 7.05, "2015": 7.72, "2016": 7.71, "2017": 6.12, "2018": 5.9, "2019": 5.3}, "coverage": {"2001": 0.77, "2002": 0.77, "2003": 0.78, "2004": 0.78, "2005": 0.78, "2006": 0.78, "2007": 0.77, "2008": 0.72, "2009": 0.74, "2010": 0.77, "2011": 0.77, "2012": 0.78, "2013": 0.77, "2014": 0.78, "2015": 0.77, "2016": 0.77, "2017": 0.77, "2018": 0.77, "2019": 0.77}}}, {"type": "Feature", "geometry": {"type": "Polygon", "coordinates": [[[-91.71606483999994, 41.16301594000004], [-91.37042463099993, 41.161182919000055], [-91.37204107099996, 40.81257308700003], [-91.71876263699994, 40.81362416200005], [-91.71606483999994, 41.16301594000004]]]}, "properties": {"county": "Henry", "mean_load": 15.35, "load": {"2001": 21.89, "2002": 9.77, "2003": 1.31, "2004": 12.69, "2005": 7.0, "2006": 5.96, "2007": 24.65, "2008": 22.62, "2009": 22.61, "2010": 30.52, "2011": 19.72, "2012": 2.92, "2013": 18.86, "2014": 12.56, "2015": 24.66, "2016": 10.33, "2017": 12.54, "2018": 10.66, "2019": 20.31}, "fwmc": {"2001": 6.21, "2002": 4.96, "2003": 1.45, "2004": 6.29, "2005": 5.71, "2006": 6.3, "2007": 6.92, "2008": 3.96, "2009": 3.75, "2010": 3.81, "2011": 5.87, "2012": 4.32, "2013": 5.8, "2014": 4.59, "2015": 6.55, "2016": 4.84, "2017": 7.57, "2018": 3.77, "2019": 4.28}, "coverage": {"2001": 0.82, "2002": 0.74, "2003": 0.58, "2004": 0.98, "2005": 0.9, "2006": 0.82, "2007": 0.98, "2008": 0.9, "2009": 0.9, "2010": 0.98, "2011": 0.9, "2012": 0.82, "2013": 0.82, "2014": 0.98, "2015": 0.98, "2016": 0.98, "2017": 0.66, "2018": 0.9, "2019": 0.98}}}, {"type": "Feature", "geometry": {"type": "Polygon", "coordinates": [[[-92.55314131499995, 43.50039955200003], [-92.07990591899994, 43.500811800000065], [-92.08104037899994, 43.21293200900004], [-92.55444316299997, 43.212775374000046], [-92.55314131499995, 43.50039955200003]]]}, "properties": {"county": "Howard", "mean_load": 25.44, "load": {"2001": 23.61, "2002": 7.29, "2003": 6.44, "2004": 24.66, "2005": 11.92, "2006": 17.7, "2007": 33.22, "2008": 37.43, "2009": 14.06, "2010": 30.3, "2011": 24.61, "2012": 7.47, "2013": 42.37, "2014": 25.64, "2015": 20.84, "2016": 48.72, "2017": 34.44, "2018": 37.96, "2019": 34.7}, "fwmc": {"2001": 8.23, "2002": 5.12, "2003": 5.45, "2004": 6.99, "2005": 5.49, "2006": 8.19, "2007": 7.73, "2008": 7.13, "2009": 5.8, "2010": 7.29, "2011": 7.22, "2012": 5.95, "2013": 8.79, "2014": 7.2, "2015": 7.92, "2016": 7.87, "2017": 7.25, "2018": 5.53, "2019": 5.35}, "coverage": {"2001": 1.0, "2002": 1.0, "2003": 1.0, "2004": 1.0, "2005": 1.0, "2006": 1.0, "2007": 1.0, "2008": 0.88, "2009": 0.91, "2010": 1.0, "2011": 1.0, "2012": 0.98, "2013": 1.0, "2014": 1.0, "2015": 1.0, "2016": 1.0, "2017": 1.0, "2018": 1.0, "2019": 1.0}}}, {"type": "Feature", "geometry": {"type": "Polygon", "coordinates": [[[-94.44315163099998, 42.90821838700003], [-93.97137494699996, 42.90758087000006], [-93.97126706399996, 42.64466085000004], [-94.44310631699994, 42.64516813000006], [-94.44315163099998, 42.90821838700003]]]}, "properties": {"county": "Humboldt", "mean_load": 24.06, "load": {"2001": 29.82, "2002": 9.6, "2003": 17.03, "2004": 16.23, "2005": 22.29, "2006": 20.89, "2007": 29.52, "2008": 24.8, "2009": 13.21, "2010": 33.14, "2011": 23.25, "2012": 3.93, "2013": 29.32, "2014": 22.39, "2015": 29.43, "2016": 46.06, "2017": 22.86, "2018": 37.31, "2019": 26.11}, "fwmc": {"2001": 9.63, "2002": 10.6, "2003": 12.27, "2004": 8.53, "2005": 10.31, "2006": 10.65, "2007": 8.9, "2008": 8.64, "2009": 6.94, "2010": 6.94, "2011": 7.8, "2012": 6.45, "2013": 17.06, "2014": 12.48, "2015": 12.63, "2016": 11.56, "2017": 8.85, "2018": 6.27, "2019": 5.26}, "coverage": {"2001": 1.0, "2002": 1.0, "2003": 0.97, "2004": 0.97, "2005": 0.98, "2006": 0.98, "2007": 1.0, "2008": 0.74, "2009": 0.76, "2010": 1.0, "2011": 0.85, "2012": 0.74, "2013": 0.95, "2014": 1.0, "2015": 0.98, "2016": 1.0, "2017": 0.95, "2018": 1.0, "2019": 0.98}}}, {"type": "Feature", "geometry": {"type": "Polygon", "coordinates": [[[-95.74164867099995, 42.56114146900006], [-95.38804831099998, 42.561708331000034], [-95.38749847099996, 42.474783811000066], [-95.32218973599998, 42.47463032400003], [-95.32330102599997, 42.21100050200005], [-95.67082848799998, 42.21151200300005], [-95.66930459899999, 42.47484364500008], [-95.74166436099995, 42.47484608800005], [-95.74164867099995, 42.56114146900006]]]}, "properties": {"county": "Ida", "mean_load": 18.46, "load": {"2001": 7.82, "2002": 5.61, "2003": 13.42, "2004": 14.65, "2005": 10.16, "2006": 8.03, "2007": 25.15, "2008": 17.44, "2009": 10.49, "2010": 35.47, "2011": 20.38, "2012": 3.83, "2013": 12.2, "2014": 14.74, "2015": 36.18, "2016": 43.18, "2017": 19.62, "2018": 24.11, "2019": 28.19}, "fwmc": {"2001": 5.96, "2002": 6.51, "2003": 9.73, "2004": 9.65, "2005": 9.32, "2006": 8.99, "2007": 9.92, "2008": 7.67, "2009": 6.86, "2010": 9.38, "2011": 9.13, "2012": 5.86, "2013": 9.85, "2014": 7.95, "2015": 11.44, "2016": 11.16, "2017": 8.56, "2018": 7.69, "2019": 7.44}, "coverage": {"2001": 1.0, "2002": 1.0, "2003": 1.0, "2004": 1.0, "2005": 1.0, "2006": 1.0, "2007": 1.0, "2008": 0.78, "2009": 0.85, "2010": 1.0, "2011": 1.0, "2012": 1.0, "2013": 1.0, "2014": 1.0, "2015": 1.0, "2016": 1.0, "2017": 1.0, "2018": 1.0, "2019": 1.0}}}, {"type": "Feature", "geometry": {"type": "Polygon", "coordinates": [[[-92.29797475899994, 41.86288542800003], [-91.83149274199997, 41.86183093100004], [-91.82936516599995, 41.511749344000066], [-92.29734901599994, 41.50983454000004], [-92.29797475899994, 41.86288542800003]]]}, "properties": {"county": "Iowa", "mean_load": 22.47, "load": {"2001": 24.01, "2002": 10.4, "2003": 9.82, "2004": 18.35, "2005": 13.28, "2006": 10.74, "2007": 37.23, "2008": 41.04, "2009": 28.11, "2010": 33.58, "2011": 17.33, "2012": 4.56, "2013": 25.54, "2014": 21.92, "2015": 34.08, "2016": 29.7, "2017": 18.98, "2018": 23.04, "2019": 25.31}, "fwmc": {"2001": 7.91, "2002": 7.32, "2003": 7.51, "2004": 7.61, "2005": 8.24, "2006": 8.58, "2007": 8.68, "2008": 6.02, "2009": 5.14, "2010": 6.15, "2011": 6.45, "2012": 4.98, "2013": 6.8, "2014": 6.45, "2015": 8.92, "2016": 8.19, "2017": 7.92, "2018": 5.29, "2019": 5.06}, "coverage": {"2001": 1.0, "2002": 1.0, "2003": 1.0, "2004": 1.0, "2005": 1.0, "2006": 1.0, "2007": 1.0, "2008": 0.94, "2009": 0.9, "2010": 1.0, "2011": 1.0, "2012": 1.0, "2013": 1.0, "2014": 1.0, "2015": 1.0, "2016": 1.0, "2017": 1.0, "2018": 1.0, "2019": 1.0}}}, {"type": "Feature", "geometry": {"type": "Polygon", "coordinates": [[[-90.89810016999996, 42.294816395000055], [-90.66542981299995, 42.29470326900008], [-90.66512322799997, 42.382308185000056], [-90.47414823499997, 42.38186972800003], [-90.41651164399997, 42.32490729800003], [-90.43119002899994, 42.27993316700008], [-90.42044788599998, 42.25615277300005], [-90.39266213999997, 42.226473500000054], [-90.35634633299998, 42.20566826700008], [-90.23621450599995, 42.166481350000026], [-90.20893122399997, 42.152186664000055], [-90.19877103799996, 42.12903880600004], [-90.16623602799996, 42.12139544200005], [-90.16120067799994, 42.10380089000006], [-90.16655699999995, 42.055764570000065], [-90.15405966899993, 42.033581413000036], [-90.89840118499995, 42.033551103000036], [-90.89810016999996, 42.294816395000055]]]}, "properties": {"county": "Jackson", "mean_load": 19.6, "load": {"2001": 19.4, "2002": 19.91, "2003": 9.01, "2004": 16.99, "2005": 4.88, "2006": 12.09, "2007": 21.31, "2008": 35.33, "2009": 19.12, "2010": 30.55, "2011": 26.22, "2012": 9.55, "2013": 22.43, "2014": 20.15, "2015": 13.26, "2016": 22.94, "2017": 18.08, "2018": 27.42, "2019": 23.85}, "fwmc": {"2001": 6.35, "2002": 5.97, "2003": 4.58, "2004": 5.29, "2005": 3.56, "2006": 6.37, "2007": 5.62, "2008": 4.84, "2009": 4.48, "2010": 5.27, "2011": 6.54, "2012": 5.14, "2013": 6.1, "2014": 6.44, "2015": 4.98, "2016": 5.77, "2017": 5.5, "2018": 4.75, "2019": 4.01}, "coverage": {"2001": 0.68, "2002": 0.68, "2003": 0.68, "2004": 0.68, "2005": 0.68, "2006": 0.68, "2007": 0.68, "2008": 0.68, "2009": 0.68, "2010": 0.68, "2011": 0.68, "2012": 0.68, "2013": 0.68, "2014": 0.68, "2015": 0.68, "2016": 0.68, "2017": 0.68, "2018": 0.68, "2019": 0.68}}}, {"type": "Feature", "geometry": {"type": "Polygon", "coordinates": [[[-93.34791043999996, 41.863090982000074], [-92.76639976699994, 41.86237404800005], [-92.76680903799996, 41.60148593500003], [-92.75731698899995, 41.60148443600008], [-92.75664715499994, 41.50877097700004], [-93.32859325199996, 41.507885187000056], [-93.32874495199997, 41.60101229900005], [-93.34881176199997, 41.600809076000075], [-93.34791043999996, 41.863090982000074]]]}, "properties": {"county": "Jasper", "mean_load": 22.19, "load": {"2001": 22.03, "2002": 11.38, "2003": 15.03, "2004": 25.11, "2005": 17.15, "2006": 16.96, "2007": 39.13, "2008": 30.39, "2009": 22.58, "2010": 29.19, "2011": 15.03, "2012": 3.57, "2013": 29.46, "2014": 22.96, "2015": 38.15, "2016": 20.66, "2017": 15.53, "2018": 25.33, "2019": 21.93}, "fwmc": {"2001": 9.31, "2002": 10.62, "2003": 10.53, "2004": 10.75, "2005": 10.46, "2006": 10.99, "2007": 9.23, "2008": 5.41, "2009": 5.13, "2010": 4.0, "2011": 6.08, "2012": 5.86, "2013": 10.52, "2014": 7.15, "2015": 8.29, "2016": 7.04, "2017": 7.46, "2018": 5.3, "2019": 4.9}, "coverage": {"2001": 1.0, "2002": 1.0, "2003": 0.97, "2004": 1.0, "2005": 1.0, "2006": 0.97, "2007": 1.0, "2008": 0.89, "2009": 0.89, "2010": 1.0, "2011": 0.97, "2012": 0.84, "2013": 0.92, "2014": 0.97, "2015": 1.0, "2016": 1.0, "2017": 0.97, "2018": 1.0, "2019": 1.0}}}, {"type": "Feature", "geometry": {"type": "Polygon", "coordinates": [[[-92.18020337899998, 41.162638962000074], [-91.71606483999994, 41.16301594000004], [-91.71822976599998, 40.90108610400006], [-92.17902823699995, 40.89987580900004], [-92.18020337899998, 41.162638962000074]]]}, "properties": {"county": "Jefferson", "mean_load": 15.42, "load": {"2001": 21.24, "2002": 9.4, "2003": 1.81, "2004": 12.68, "2005": 7.26, "2006": 6.04, "2007": 24.74, "2008": 22.76, "2009": 22.01, "2010": 30.4, "2011": 19.78, "2012": 2.87, "2013": 18.67, "2014": 12.55, "2015": 25.27, "2016": 11.29, "2017": 12.68, "2018": 11.32, "2019": 20.21}, "fwmc": {"2001": 6.17, "2002": 5.33, "2003": 1.79, "2004": 6.31, "2005": 5.69, "2006": 6.7, "2007": 6.93, "2008": 3.92, "2009": 3.81, "2010": 3.85, "2011": 6.02, "2012": 4.53, "2013": 5.96, "2014": 4.6, "2015": 6.68, "2016": 5.13, "2017": 7.54, "2018": 3.69, "2019": 4.28}, "coverage": {"2001": 0.85, "2002": 0.77, "2003": 0.62, "2004": 1.0, "2005": 0.92, "2006": 0.85, "2007": 1.0, "2008": 0.92, "2009": 0.92, "2010": 1.0, "2011": 0.92, "2012": 0.85, "2013": 0.85, "2014": 1.0, "2015": 1.0, "2016": 1.0, "2017": 0.69, "2018": 0.92, "2019": 1.0}}}, {"type": "Feature", "geometry": {"type": "Polygon", "coordinates": [[[-91.83149274199997, 41.86183093100004], [-91.36615027899995, 41.860014111000055], [-91.36847581899997, 41.42315046600004], [-91.48411785199994, 41.42399210600007], [-91.50277254699995, 41.448942929000054], [-91.49936885799997, 41.45950010200005], [-91.51624613199994, 41.46830261400004], [-91.50164306599999, 41.47774221900005], [-91.50164383599997, 41.488794006000035], [-91.51108822699996, 41.495113426000046], [-91.50817525299999, 41.502506579000055], [-91.51908519099999, 41.49772954600007], [-91.52779779299999, 41.50792916700004], [-91.52198525099999, 41.51094410700006], [-91.82936516599995, 41.511749344000066], [-91.83149274199997, 41.86183093100004]]]}, "properties": {"county": "Johnson", "mean_load": 21.73, "load": {"2001": 24.31, "2002": 10.13, "2003": 8.46, "2004": 17.89, "2005": 12.34, "2006": 10.13, "2007": 35.26, "2008": 38.61, "2009": 27.29, "2010": 31.74, "2011": 17.81, "2012": 4.58, "2013": 25.49, "2014": 20.94, "2015": 31.5, "2016": 29.24, "2017": 18.8, "2018": 23.1, "2019": 25.19}, "fwmc": {"2001": 7.89, "2002": 6.62, "2003": 6.68, "2004": 7.38, "2005": 7.91, "2006": 8.24, "2007": 8.46, "2008": 5.75, "2009": 5.05, "2010": 5.95, "2011": 6.46, "2012": 4.82, "2013": 6.78, "2014": 6.06, "2015": 8.49, "2016": 7.85, "2017": 7.59, "2018": 5.15, "2019": 4.97}, "coverage": {"2001": 1.0, "2002": 1.0, "2003": 1.0, "2004": 1.0, "2005": 1.0, "2006": 1.0, "2007": 1.0, "2008": 0.93, "2009": 0.91, "2010": 1.0, "2011": 1.0, "2012": 1.0, "2013": 1.0, "2014": 1.0, "2015": 1.0, "2016": 1.0, "2017": 1.0, "2018": 1.0, "2019": 1.0}}}, {"type": "Feature", "geometry": {"type": "Polygon", "coordinates": [[[-91.36334725899997, 42.29626667400004], [-90.89810016999996, 42.294816395000055], [-90.89860021099997, 41.946305797000036], [-91.36586234299995, 41.94744117400006], [-91.36334725899997, 42.29626667400004]]]}, "properties": {"county": "Jones", "mean_load": 27.44, "load": {"2001": 28.07, "2002": 23.0, "2003": 11.12, "2004": 26.44, "2005": 8.05, "2006": 18.52, "2007": 32.43, "2008": 47.28, "2009": 24.93, "2010": 40.96, "2011": 32.1, "2012": 11.99, "2013": 34.38, "2014": 26.64, "2015": 21.4, "2016": 35.48, "2017": 28.73, "2018": 37.67, "2019": 32.18}, "fwmc": {"2001": 8.78, "2002": 8.09, "2003": 6.12, "2004": 8.11, "2005": 5.38, "2006": 9.33, "2007": 7.99, "2008": 6.94, "2009": 5.95, "2010": 7.33, "2011": 8.59, "2012": 7.18, "2013": 8.57, "2014": 8.06, "2015": 7.82, "2016": 7.92, "2017": 7.86, "2018": 6.14, "2019": 5.62}, "coverage": {"2001": 1.0, "2002": 1.0, "2003": 0.97, "2004": 1.0, "2005": 1.0, "2006": 1.0, "2007": 1.0, "2008": 0.97, "2009": 0.95, "2010": 1.0, "2011": 1.0, "2012": 1.0, "2013": 1.0, "2014": 1.0, "2015": 0.97, "2016": 1.0, "2017": 1.0, "2018": 1.0, "2019": 1.0}}}, {"type": "Feature", "geometry": {"type": "Polygon", "coordinates": [[[-92.41192871499999, 41.509620261000066], [-91.94577848299997, 41.511071489000074], [-91.94585323799998, 41.16369738700007], [-92.41043500099994, 41.16188388300003], [-92.41192871499999, 41.509620261000066]]]}, "properties": {"county": "Keokuk", "mean_load": 19.39, "load": {"2001": 22.04, "2002": 9.27, "2003": 8.47, "2004": 18.51, "2005": 12.42, "2006": 10.89, "2007": 32.95, "2008": 28.41, "2009": 24.27, "2010": 31.77, "2011": 17.22, "2012": 3.81, "2013": 24.57, "2014": 17.26, "2015": 32.44, "2016": 17.38, "2017": 14.13, "2018": 19.1, "2019": 23.49}, "fwmc": {"2001": 7.47, "2002": 7.06, "2003": 7.1, "2004": 8.62, "2005": 8.63, "2006": 9.26, "2007": 8.17, "2008": 4.77, "2009": 4.61, "2010": 4.28, "2011": 5.99, "2012": 5.02, "2013": 7.29, "2014": 5.32, "2015": 7.68, "2016": 6.45, "2017": 7.43, "2018": 4.71, "2019": 4.89}, "coverage": {"2001": 0.97, "2002": 0.95, "2003": 0.88, "2004": 1.0, "2005": 0.98, "2006": 0.93, "2007": 1.0, "2008": 0.87, "2009": 0.87, "2010": 1.0, "2011": 0.95, "2012": 0.75, "2013": 0.86, "2014": 0.96, "2015": 1.0, "2016": 1.0, "2017": 0.9, "2018": 0.98, "2019": 1.0}}}, {"type": "Feature", "geometry": {"type": "Polygon", "coordinates": [[[-94.44264746599998, 43.50040366700006], [-93.97090631099996, 43.49979007300004], [-93.97137494699996, 42.90758087000006], [-94.44315163099998, 42.90821838700003], [-94.44264746599998, 43.50040366700006]]]}, "properties": {"county": "Kossuth", "mean_load": 19.38, "load": {"2001": 24.66, "2002": 6.74, "2003": 14.32, "2004": 12.57, "2005": 20.11, "2006": 17.41, "2007": 21.62, "2008": 19.23, "2009": 10.85, "2010": 25.3, "2011": 19.69, "2012": 2.83, "2013": 22.68, "2014": 18.38, "2015": 23.64, "2016": 41.64, "2017": 18.45, "2018": 28.48, "2019": 19.63}, "fwmc": {"2001": 7.57, "2002": 8.08, "2003": 10.03, "2004": 6.56, "2005": 8.35, "2006": 8.77, "2007": 6.51, "2008": 6.6, "2009": 5.66, "2010": 5.75, "2011": 6.75, "2012": 6.47, "2013": 11.89, "2014": 9.99, "2015": 10.22, "2016": 9.64, "2017": 7.66, "2018": 4.77, "2019": 4.05}, "coverage": {"2001": 0.74, "2002": 0.74, "2003": 0.72, "2004": 0.72, "2005": 0.73, "2006": 0.74, "2007": 0.74, "2008": 0.53, "2009": 0.57, "2010": 0.74, "2011": 0.59, "2012": 0.63, "2013": 0.71, "2014": 0.74, "2015": 0.74, "2016": 0.74, "2017": 0.68, "2018": 0.74, "2019": 0.74}}}, {"type": "Feature", "geometry": {"type": "Polygon", "coordinates": [[[-91.71876263699994, 40.81362416200005], [-91.40917444099995, 40.81298247800004], [-91.31079031199994, 40.77196841500006], [-91.29330338899996, 40.773251695000056], [-91.28031755599994, 40.75325960200007], [-91.24505444699997, 40.74936916300004], [-91.21593902999996, 40.731924596000056], [-91.20948433399997, 40.71404279600006], [-91.19634563299996, 40.719558290000066], [-91.18088836299995, 40.70817274500007], [-91.17623371399998, 40.72116991100006], [-91.16233403699994, 40.72256183500008], [-91.15038427499996, 40.70623758600004], [-91.11289238499995, 40.695550636000064], [-91.12310210099997, 40.67007125600003], [-91.18612172599995, 40.63749665200004], [-91.25436114699994, 40.63777403700004], [-91.30746414899994, 40.62617792400005], [-91.35899415399996, 40.60267113200007], [-91.40699839799998, 40.55049122300005], [-91.40333732299996, 40.53881093200005], [-91.38241649799994, 40.529286443000046], [-91.36399850299995, 40.49914639800005], [-91.38171485299995, 40.44581292700008], [-91.37496930299994, 40.39517088900004], [-91.39115942599994, 40.38400130300005], [-91.41947583499996, 40.378401007000036], [-91.44398731499996, 40.386183635000066], [-91.44832115999998, 40.376980898000056], [-91.46385572899999, 40.37632345500003], [-91.46365638399999, 40.38545566700003], [-91.48204321199995, 40.38160851600003], [-91.49019271499998, 40.389967212000045], [-91.49145868699998, 40.396361917000036], [-91.48080819599994, 40.396105369000054], [-91.48192255299995, 40.404984583000044], [-91.49733424399994, 40.39986173500006], [-91.52567021799996, 40.41177547500007], [-91.51912518499995, 40.43332178700007], [-91.53359082899999, 40.43847883800004], [-91.52353492899994, 40.44983700000006], [-91.52631159099997, 40.45822343200007], [-91.57289896599997, 40.46448296700004], [-91.59143850099997, 40.492772122000076], [-91.61805094999994, 40.505245665000075], [-91.61937855499997, 40.54047559300005], [-91.68691535799996, 40.55624308600005], [-91.69189072699999, 40.563866553000025], [-91.68613756099995, 40.58090833000006], [-91.71676531899999, 40.59810695700003], [-91.71876263699994, 40.81362416200005]]]}, "properties": {"county": "Lee", "mean_load": 6.4, "load": {"2001": 6.71, "2002": 3.4, "2003": 2.83, "2004": 4.69, "2005": 3.64, "2006": 2.51, "2007": 9.69, "2008": 10.74, "2009": 6.26, "2010": 11.32, "2011": 8.88, "2012": 0.93, "2013": 6.33, "2014": 4.66, "2015": 11.83, "2016": 7.82, "2017": 5.39, "2018": 6.64, "2019": 7.4}, "fwmc": {"2001": 2.31, "2002": 2.53, "2003": 2.4, "2004": 2.42, "2005": 2.61, "2006": 2.78, "2007": 2.68, "2008": 2.31, "2009": 1.71, "2010": 1.62, "2011": 2.81, "2012": 1.4, "2013": 2.63, "2014": 1.76, "2015": 3.03, "2016": 2.85, "2017": 2.83, "2018": 1.84, "2019": 1.61}, "coverage": {"2001": 0.47, "2002": 0.51, "2003": 0.49, "2004": 0.45, "2005": 0.44, "2006": 0.43, "2007": 0.45, "2008": 0.5, "2009": 0.45, "2010": 0.45, "2011": 0.48, "2012": 0.43, "2013": 0.43, "2014": 0.45, "2015": 0.45, "2016": 0.45, "2017": 0.41, "2018": 0.44, "2019": 0.45}}}, {"type": "Feature", "geometry": {"type": "Polygon", "coordinates": [[[-91.83112365099998, 42.29898684500006], [-91.36334725899997, 42.29626667400004], [-91.36615027899995, 41.860014111000055], [-91.83149274199997, 41.86183093100004], [-91.83112365099998, 42.29898684500006]]]}, "properties": {"county": "Linn", "mean_load": 26.29, "load": {"2001": 31.86, "2002": 10.28, "2003": 9.28, "2004": 22.38, "2005": 13.7, "2006": 15.57, "2007": 36.66, "2008": 43.72, "2009": 24.09, "2010": 37.54, "2011": 22.09, "2012": 5.56, "2013": 39.64, "2014": 22.39, "2015": 29.25, "2016": 42.43, "2017": 28.06, "2018": 35.3, "2019": 29.77}, "fwmc": {"2001": 10.17, "2002": 6.51, "2003": 6.43, "2004": 8.07, "2005": 7.69, "2006": 9.29, "2007": 8.73, "2008": 7.53, "2009": 6.03, "2010": 7.72, "2011": 7.38, "2012": 5.66, "2013": 9.91, "2014": 6.51, "2015": 9.22, "2016": 8.57, "2017": 8.13, "2018": 5.84, "2019": 5.64}, "coverage": {"2001": 1.0, "2002": 1.0, "2003": 1.0, "2004": 1.0, "2005": 1.0, "2006": 1.0, "2007": 1.0, "2008": 0.9, "2009": 0.84, "2010": 1.0, "2011": 1.0, "2012": 1.0, "2013": 1.0, "2014": 1.0, "2015": 1.0, "2016": 1.0, "2017": 1.0, "2018": 1.0, "2019": 1.0}}}, {"type": "Feature", "geometry": {"type": "Polygon", "coordinates": [[[-91.48411785199994, 41.42399210600007], [-91.36847581899997, 41.42315046600004], [-91.36935866799996, 41.33588307700006], [-91.07220117199995, 41.333652338000036], [-91.07484174399997, 41.30602672500004], [-91.11338528399995, 41.252000063000025], [-91.11366001599998, 41.241204982000056], [-91.06872042699996, 41.203386857000055], [-91.04191057599996, 41.16649119300007], [-91.00779127599998, 41.166068403000054], [-90.98935776999997, 41.155624045000025], [-90.94684528399995, 41.09734498500006], [-90.94923963199994, 41.07276172700006], [-91.37082274099998, 41.07418554000003], [-91.37042463099993, 41.161182919000055], [-91.48587679099995, 41.162396304000026], [-91.48411785199994, 41.42399210600007]]]}, "properties": {"county": "Louisa", "mean_load": 16.12, "load": {"2001": 18.51, "2002": 7.75, "2003": 4.99, "2004": 13.18, "2005": 8.22, "2006": 7.09, "2007": 27.09, "2008": 28.13, "2009": 23.05, "2010": 23.78, "2011": 15.22, "2012": 4.02, "2013": 19.37, "2014": 14.12, "2015": 20.82, "2016": 21.11, "2017": 13.72, "2018": 16.25, "2019": 19.84}, "fwmc": {"2001": 6.09, "2002": 4.63, "2003": 4.6, "2004": 5.71, "2005": 5.9, "2006": 6.38, "2007": 6.66, "2008": 4.43, "2009": 4.22, "2010": 4.48, "2011": 5.29, "2012": 3.7, "2013": 5.38, "2014": 4.24, "2015": 5.83, "2016": 5.9, "2017": 5.86, "2018": 4.05, "2019": 3.99}, "coverage": {"2001": 0.91, "2002": 0.91, "2003": 0.87, "2004": 0.91, "2005": 0.9, "2006": 0.89, "2007": 0.88, "2008": 0.9, "2009": 0.9, "2010": 0.9, "2011": 0.9, "2012": 0.88, "2013": 0.89, "2014": 0.9, "2015": 0.9, "2016": 0.9, "2017": 0.88, "2018": 0.91, "2019": 0.9}}}, {"type": "Feature", "geometry": {"type": "Polygon", "coordinates": [[[-93.55748138799999, 41.161371802000076], [-93.09932444699996, 41.16072602700007], [-93.09758544199997, 40.89823000400003], [-93.55647516999994, 40.89837618800004], [-93.55748138799999, 41.161371802000076]]]}, "properties": {"county": "Lucas", "mean_load": 8.19, "load": {"2001": 8.98, "2002": 2.59, "2003": 5.39, "2004": 6.87, "2005": 5.84, "2006": 3.05, "2007": 13.25, "2008": 13.31, "2009": 8.3, "2010": 17.79, "2011": 9.67, "2012": 1.61, "2013": 10.13, "2014": 7.03, "2015": 11.93, "2016": 8.28, "2017": 5.37, "2018": 7.99, "2019": 8.22}, "fwmc": {"2001": 3.33, "2002": 2.93, "2003": 5.12, "2004": 3.16, "2005": 4.14, "2006": 4.4, "2007": 3.6, "2008": 2.41, "2009": 2.26, "2010": 2.45, "2011": 3.21, "2012": 2.33, "2013": 4.14, "2014": 2.18, "2015": 2.78, "2016": 3.58, "2017": 3.1, "2018": 2.34, "2019": 1.86}, "coverage": {"2001": 1.0, "2002": 1.0, "2003": 0.92, "2004": 1.0, "2005": 1.0, "2006": 1.0, "2007": 1.0, "2008": 0.86, "2009": 0.86, "2010": 1.0, "2011": 1.0, "2012": 1.0, "2013": 0.97, "2014": 1.0, "2015": 1.0, "2016": 1.0, "2017": 0.88, "2018": 0.86, "2019": 1.0}}}, {"type": "Feature", "geometry": {"type": "Polygon", "coordinates": [[[-96.59915441799996, 43.500333546000036], [-95.86089025199999, 43.49997867600007], [-95.86192950299994, 43.257557965000046], [-96.56445030699996, 43.26019619900006], [-96.58494329899997, 43.26843246400006], [-96.57920623799998, 43.293947881000065], [-96.58906335599994, 43.29580849000007], [-96.55152579999998, 43.293218022000076], [-96.53008723999994, 43.30020276500005], [-96.52430448199999, 43.311689555000044], [-96.53501551299996, 43.336451099000044], [-96.52428811499999, 43.34737946900003], [-96.53089709599999, 43.368945514000075], [-96.52193960699998, 43.372355166000034], [-96.52131420499995, 43.385330243000055], [-96.52549593799995, 43.39612230200004], [-96.54495033299997, 43.39621352900008], [-96.57299809099999, 43.41868523100004], [-96.57040328099998, 43.42848988800006], [-96.59416373299996, 43.43377692300004], [-96.60315065999998, 43.45047388300003], [-96.58244318499999, 43.46670979500004], [-96.58642735199999, 43.47804584800008], [-96.58097976699997, 43.48111580200003], [-96.59915441799996, 43.500333546000036]]]}, "properties": {"county": "Lyon", "mean_load": 15.68, "load": {"2001": 13.81, "2002": 4.03, "2003": 2.76, "2004": 8.39, "2005": 12.19, "2006": 19.11, "2007": 13.28, "2008": 12.8, "2009": 4.55, "2010": 24.28, "2011": 24.31, "2012": 4.78, "2013": 5.3, "2014": 10.0, "2015": 6.97, "2016": 30.45, "2017": 19.31, "2018": 40.09, "2019": 41.45}, "fwmc": {"2001": 5.68, "2002": 7.3, "2003": 6.04, "2004": 7.7, "2005": 9.02, "2006": 10.67, "2007": 7.62, "2008": 9.05, "2009": 6.36, "2010": 8.44, "2011": 8.85, "2012": 5.31, "2013": 6.26, "2014": 5.95, "2015": 6.26, "2016": 11.28, "2017": 8.61, "2018": 9.02, "2019": 7.53}, "coverage": {"2001": 0.78, "2002": 0.95, "2003": 0.96, "2004": 0.96, "2005": 1.0, "2006": 1.0, "2007": 1.0, "2008": 0.77, "2009": 0.82, "2010": 0.96, "2011": 1.0, "2012": 0.95, "2013": 0.85, "2014": 0.78, "2015": 0.78, "2016": 0.78, "2017": 0.78, "2018": 0.78, "2019": 0.78}}}, {"type": "Feature", "geometry": {"type": "Polygon", "coordinates": [[[-94.24149302899997, 41.50360797700006], [-93.89690956499999, 41.50302905800004], [-93.79047571799998, 41.511862595000025], [-93.78920747699999, 41.16212348700003], [-94.24161226699994, 41.15705030300006], [-94.24149302899997, 41.50360797700006]]]}, "properties": {"county": "Madison", "mean_load": 9.92, "load": {"2001": 12.38, "2002": 3.09, "2003": 8.42, "2004": 9.45, "2005": 8.27, "2006": 3.76, "2007": 17.26, "2008": 15.81, "2009": 10.46, "2010": 22.28, "2011": 10.4, "2012": 2.14, "2013": 13.47, "2014": 8.56, "2015": 12.08, "2016": 7.28, "2017": 5.92, "2018": 9.4, "2019": 8.05}, "fwmc": {"2001": 5.7, "2002": 3.84, "2003": 6.41, "2004": 4.08, "2005": 4.64, "2006": 3.93, "2007": 4.54, "2008": 2.81, "2009": 3.22, "2010": 3.42, "2011": 3.47, "2012": 2.49, "2013": 6.65, "2014": 2.6, "2015": 2.88, "2016": 2.71, "2017": 2.97, "2018": 2.5, "2019": 1.94}, "coverage": {"2001": 0.98, "2002": 0.97, "2003": 0.98, "2004": 0.99, "2005": 0.97, "2006": 0.97, "2007": 1.0, "2008": 0.75, "2009": 0.75, "2010": 1.0, "2011": 1.0, "2012": 0.98, "2013": 0.98, "2014": 1.0, "2015": 1.0, "2016": 1.0, "2017": 0.91, "2018": 0.99, "2019": 0.99}}}, {"type": "Feature", "geometry": {"type": "Polygon", "coordinates": [[[-92.87180872899995, 41.50854072100003], [-92.41192871499999, 41.509620261000066], [-92.41043500099994, 41.16188388300003], [-92.87004072799994, 41.16094259700003], [-92.87180872899995, 41.50854072100003]]]}, "properties": {"county": "Mahaska", "mean_load": 18.86, "load": {"2001": 18.64, "2002": 8.59, "2003": 10.64, "2004": 18.78, "2005": 13.28, "2006": 11.94, "2007": 31.97, "2008": 26.63, "2009": 19.64, "2010": 28.62, "2011": 16.65, "2012": 3.06, "2013": 23.12, "2014": 17.39, "2015": 34.16, "2016": 19.3, "2017": 14.13, "2018": 20.94, "2019": 20.8}, "fwmc": {"2001": 7.07, "2002": 7.48, "2003": 8.23, "2004": 8.84, "2005": 8.85, "2006": 9.62, "2007": 8.03, "2008": 4.83, "2009": 4.56, "2010": 3.93, "2011": 6.11, "2012": 4.77, "2013": 8.37, "2014": 5.73, "2015": 7.9, "2016": 6.88, "2017": 7.17, "2018": 4.92, "2019": 4.53}, "coverage": {"2001": 0.99, "2002": 0.98, "2003": 0.94, "2004": 1.0, "2005": 0.99, "2006": 0.96, "2007": 1.0, "2008": 0.89, "2009": 0.89, "2010": 1.0, "2011": 0.97, "2012": 0.84, "2013": 0.92, "2014": 0.98, "2015": 1.0, "2016": 1.0, "2017": 0.95, "2018": 0.99, "2019": 1.0}}}, {"type": "Feature", "geometry": {"type": "Polygon", "coordinates": [[[-93.32859325199996, 41.507885187000056], [-92.87180872899995, 41.50854072100003], [-92.87004072799994, 41.16094259700003], [-93.32795299199995, 41.160687179000035], [-93.32859325199996, 41.507885187000056]]]}, "properties": {"county": "Marion", "mean_load": 12.82, "load": {"2001": 12.83, "2002": 4.53, "2003": 9.04, "2004": 11.87, "2005": 9.81, "2006": 6.49, "2007": 21.59, "2008": 19.62, "2009": 12.18, "2010": 23.26, "2011": 13.57, "2012": 2.14, "2013": 15.38, "2014": 10.93, "2015": 20.63, "2016": 13.87, "2017": 9.5, "2018": 14.22, "2019": 12.17}, "fwmc": {"2001": 5.47, "2002": 4.79, "2003": 6.88, "2004": 5.41, "2005": 5.92, "2006": 6.24, "2007": 5.64, "2008": 3.55, "2009": 3.4, "2010": 3.48, "2011": 4.69, "2012": 2.85, "2013": 7.26, "2014": 3.65, "2015": 4.99, "2016": 4.88, "2017": 4.71, "2018": 3.59, "2019": 2.81}, "coverage": {"2001": 1.0, "2002": 1.0, "2003": 1.0, "2004": 1.0, "2005": 1.0, "2006": 1.0, "2007": 1.0, "2008": 0.84, "2009": 0.84, "2010": 1.0, "2011": 1.0, "2012": 1.0, "2013": 1.0, "2014": 1.0, "2015": 1.0, "2016": 1.0, "2017": 0.96, "2018": 1.0, "2019": 1.0}}}, {"type": "Feature", "geometry": {"type": "Polygon", "coordinates": [[[-93.23180262699998, 42.208888545000036], [-92.76758068199996, 42.21025597600004], [-92.76639976699994, 41.86237404800005], [-93.23180213199998, 41.86270842000005], [-93.23180262699998, 42.208888545000036]]]}, "properties": {"county": "Marshall", "mean_load": 28.33, "load": {"2001": 29.78, "2002": 13.63, "2003": 15.06, "2004": 21.7, "2005": 18.25, "2006": 17.23, "2007": 46.4, "2008": 45.68, "2009": 28.11, "2010": 39.93, "2011": 18.21, "2012": 3.67, "2013": 34.75, "2014": 32.11, "2015": 46.6, "2016": 38.44, "2017": 24.71, "2018": 34.22, "2019": 29.83}, "fwmc": {"2001": 9.93, "2002": 10.27, "2003": 9.61, "2004": 9.26, "2005": 9.73, "2006": 11.23, "2007": 10.49, "2008": 7.65, "2009": 6.25, "2010": 6.9, "2011": 7.45, "2012": 5.68, "2013": 10.11, "2014": 10.03, "2015": 11.52, "2016": 10.93, "2017": 10.12, "2018": 7.18, "2019": 6.31}, "coverage": {"2001": 1.0, "2002": 1.0, "2003": 0.99, "2004": 1.0, "2005": 1.0, "2006": 0.99, "2007": 1.0, "2008": 0.87, "2009": 0.81, "2010": 1.0, "2011": 0.99, "2012": 0.92, "2013": 0.97, "2014": 0.99, "2015": 1.0, "2016": 1.0, "2017": 0.99, "2018": 1.0, "2019": 1.0}}}, {"type": "Feature", "geometry": {"type": "Polygon", "coordinates": [[[-95.88143811899994, 41.16034254900006], [-95.38432495099994, 41.16001678200007], [-95.38471516799996, 40.901601983000035], [-95.81290567099995, 40.90161604900004], [-95.83927312299994, 40.93050296900003], [-95.82981227499994, 40.97845382200006], [-95.86954786499996, 41.00695884600003], [-95.85921893499994, 41.03455122200006], [-95.88254963399999, 41.06267393100006], [-95.86199626099994, 41.087855932000025], [-95.88143811899994, 41.16034254900006]]]}, "properties": {"county": "Mills", "mean_load": 11.12, "load": {"2001": 5.57, "2002": 1.79, "2003": 3.77, "2004": 8.7, "2005": 5.53, "2006": 2.7, "2007": 21.27, "2008": 14.38, "2009": 6.66, "2010": 21.07, "2011": 10.2, "2012": 3.41, "2013": 6.5, "2014": 16.23, "2015": 21.34, "2016": 22.03, "2017": 11.94, "2018": 13.15, "2019": 14.97}, "fwmc": {"2001": 3.61, "2002": 2.62, "2003": 3.92, "2004": 4.71, "2005": 4.19, "2006": 3.26, "2007": 5.68, "2008": 4.86, "2009": 3.99, "2010": 4.43, "2011": 4.14, "2012": 3.13, "2013": 3.85, "2014": 4.66, "2015": 5.34, "2016": 4.91, "2017": 4.1, "2018": 4.01, "2019": 3.58}, "coverage": {"2001": 0.6, "2002": 0.6, "2003": 0.6, "2004": 0.6, "2005": 0.6, "2006": 0.6, "2007": 0.6, "2008": 0.6, "2009": 0.6, "2010": 0.6, "2011": 0.6, "2012": 0.62, "2013": 0.6, "2014": 0.6, "2015": 0.6, "2016": 0.6, "2017": 0.6, "2018": 0.6, "2019": 0.6}}}, {"type": "Feature", "geometry": {"type": "Polygon", "coordinates": [[[-93.02424278699999, 43.49975533600008], [-92.55314131499995, 43.50039955200003], [-92.55444316299997, 43.212775374000046], [-93.02431189499998, 43.21283654800004], [-93.02424278699999, 43.49975533600008]]]}, "properties": {"county": "Mitchell", "mean_load": 28.37, "load": {"2001": 30.99, "2002": 7.48, "2003": 13.1, "2004": 26.52, "2005": 17.59, "2006": 25.64, "2007": 28.27, "2008": 33.13, "2009": 14.77, "2010": 27.71, "2011": 27.84, "2012": 4.67, "2013": 52.86, "2014": 29.79, "2015": 28.09, "2016": 54.77, "2017": 31.87, "2018": 46.76, "2019": 37.09}, "fwmc": {"2001": 9.05, "2002": 6.3, "2003": 8.65, "2004": 7.76, "2005": 7.38, "2006": 10.32, "2007": 7.52, "2008": 7.77, "2009": 7.8, "2010": 7.37, "2011": 8.36, "2012": 5.1, "2013": 12.63, "2014": 9.39, "2015": 9.12, "2016": 9.1, "2017": 7.85, "2018": 7.23, "2019": 6.12}, "coverage": {"2001": 0.99, "2002": 1.0, "2003": 1.0, "2004": 1.0, "2005": 1.0, "2006": 1.0, "2007": 1.0, "2008": 0.78, "2009": 1.0, "2010": 1.0, "2011": 1.0, "2012": 1.0, "2013": 1.0, "2014": 1.0, "2015": 1.0, "2016": 1.0, "2017": 1.0, "2018": 1.0, "2019": 1.0}}}, {"type": "Feature", "geometry": {"type": "Polygon", "coordinates": [[[-96.35702484699999, 42.21493901800005], [-95.67082848799998, 42.21151200300005], [-95.67278347099995, 41.86308897200007], [-96.13947111499999, 41.86631915600003], [-96.16177844099997, 41.90555580100005], [-96.13629471099995, 41.920844059000046], [-96.14432217499996, 41.94258854100008], [-96.12956630199994, 41.97194440700008], [-96.14429072399997, 41.979358381000054], [-96.18715493799999, 41.97751792200006], [-96.19234326399999, 41.98461390400007], [-96.18358351999996, 42.000886844000036], [-96.19400627499994, 42.008773967000025], [-96.21317275899997, 42.007392046000064], [-96.22560832999994, 41.994480500000066], [-96.24095889299997, 41.999450875000036], [-96.22330504899998, 42.032845087000055], [-96.27149474599997, 42.04517786100007], [-96.27943013399994, 42.07021114500003], [-96.26818397499994, 42.111469971000076], [-96.27789067099997, 42.12298082900003], [-96.30984276799995, 42.13210399800005], [-96.34506145499995, 42.16285222700003], [-96.35702484699999, 42.21493901800005]]]}, "properties": {"county": "Monona", "mean_load": 10.14, "load": {"2001": 5.16, "2002": 2.75, "2003": 5.9, "2004": 6.9, "2005": 4.71, "2006": 3.89, "2007": 12.35, "2008": 9.06, "2009": 6.21, "2010": 18.08, "2011": 12.56, "2012": 2.68, "2013": 6.11, "2014": 9.58, "2015": 18.55, "2016": 25.32, "2017": 11.71, "2018": 14.81, "2019": 16.29}, "fwmc": {"2001": 4.1, "2002": 3.88, "2003": 6.3, "2004": 6.25, "2005": 5.74, "2006": 5.55, "2007": 6.44, "2008": 5.13, "2009": 4.71, "2010": 6.54, "2011": 6.39, "2012": 4.15, "2013": 6.48, "2014": 5.82, "2015": 8.02, "2016": 8.4, "2017": 6.17, "2018": 5.58, "2019": 5.31}, "coverage": {"2001": 0.79, "2002": 0.79, "2003": 0.8, "2004": 0.8, "2005": 0.8, "2006": 0.8, "2007": 0.79, "2008": 0.62, "2009": 0.68, "2010": 0.79, "2011": 0.79, "2012": 0.8, "2013": 0.79, "2014": 0.8, "2015": 0.79, "2016": 0.79, "2017": 0.79, "2018": 0.79, "2019": 0.79}}}, {"type": "Feature", "geometry": {"type": "Polygon", "coordinates": [[[-93.09932444699996, 41.16072602700007], [-92.64011594199997, 41.16129577400005], [-92.63925866099999, 40.89895861800005], [-93.09758544199997, 40.89823000400003], [-93.09932444699996, 41.16072602700007]]]}, "properties": {"county": "Monroe", "mean_load": 13.07, "load": {"2001": 10.2, "2002": 3.72, "2003": 6.7, "2004": 9.61, "2005": 8.32, "2006": 5.4, "2007": 20.35, "2008": 20.09, "2009": 11.13, "2010": 23.34, "2011": 17.04, "2012": 1.8, "2013": 12.5, "2014": 9.62, "2015": 26.49, "2016": 19.35, "2017": 11.65, "2018": 15.8, "2019": 15.13}, "fwmc": {"2001": 3.86, "2002": 3.46, "2003": 5.61, "2004": 5.0, "2005": 5.85, "2006": 6.08, "2007": 5.6, "2008": 4.11, "2009": 3.61, "2010": 3.48, "2011": 5.82, "2012": 2.68, "2013": 5.74, "2014": 3.64, "2015": 6.68, "2016": 6.67, "2017": 5.92, "2018": 4.2, "2019": 3.33}, "coverage": {"2001": 1.0, "2002": 1.0, "2003": 0.99, "2004": 1.0, "2005": 1.0, "2006": 1.0, "2007": 1.0, "2008": 1.0, "2009": 1.0, "2010": 1.0, "2011": 1.0, "2012": 1.0, "2013": 1.0, "2014": 1.0, "2015": 1.0, "2016": 1.0, "2017": 0.99, "2018": 0.99, "2019": 1.0}}}, {"type": "Feature", "geometry": {"type": "Polygon", "coordinates": [[[-95.38432495099994, 41.16001678200007], [-94.92750810799998, 41.15871965600007], [-94.92860211899995, 40.90069582700005], [-95.38471516799996, 40.901601983000035], [-95.38432495099994, 41.16001678200007]]]}, "properties": {"county": "Montgomery", "mean_load": 12.18, "load": {"2001": 7.62, "2002": 1.32, "2003": 3.64, "2004": 10.2, "2005": 5.88, "2006": 2.83, "2007": 26.2, "2008": 15.31, "2009": 8.07, "2010": 22.82, "2011": 9.84, "2012": 4.4, "2013": 12.45, "2014": 17.9, "2015": 23.83, "2016": 20.82, "2017": 11.4, "2018": 13.29, "2019": 13.57}, "fwmc": {"2001": 4.06, "2002": 2.35, "2003": 4.22, "2004": 5.79, "2005": 4.73, "2006": 3.63, "2007": 6.04, "2008": 4.12, "2009": 4.15, "2010": 4.3, "2011": 4.23, "2012": 3.46, "2013": 6.94, "2014": 4.55, "2015": 5.16, "2016": 5.01, "2017": 3.98, "2018": 3.94, "2019": 3.13}, "coverage": {"2001": 0.69, "2002": 0.73, "2003": 0.71, "2004": 0.78, "2005": 0.78, "2006": 0.78, "2007": 0.75, "2008": 0.72, "2009": 0.78, "2010": 0.78, "2011": 0.78, "2012": 0.73, "2013": 0.78, "2014": 0.78, "2015": 0.78, "2016": 0.78, "2017": 0.75, "2018": 0.75, "2019": 0.78}}}, {"type": "Feature", "geometry": {"type": "Polygon", "coordinates": [[[-91.36654249099996, 41.59836272100006], [-90.78377659499995, 41.596499667000046], [-90.78627077199997, 41.452883443000076], [-90.85303617699998, 41.45427496000008], [-90.92968291399995, 41.421643033000066], [-90.98069392599996, 41.43419544900007], [-91.03880116499994, 41.41957339900006], [-91.06606808899994, 41.367199811000035], [-91.07220117199995, 41.333652338000036], [-91.36935866799996, 41.33588307700006], [-91.36654249099996, 41.59836272100006]]]}, "properties": {"county": "Muscatine", "mean_load": 16.41, "load": {"2001": 26.81, "2002": 8.99, "2003": 3.44, "2004": 14.03, "2005": 8.16, "2006": 7.02, "2007": 20.61, "2008": 24.73, "2009": 16.54, "2010": 20.82, "2011": 15.42, "2012": 3.28, "2013": 21.91, "2014": 16.29, "2015": 20.56, "2016": 24.21, "2017": 16.2, "2018": 21.94, "2019": 20.74}, "fwmc": {"2001": 8.41, "2002": 4.07, "2003": 2.73, "2004": 5.67, "2005": 5.97, "2006": 5.79, "2007": 6.18, "2008": 4.91, "2009": 3.82, "2010": 5.02, "2011": 5.61, "2012": 3.19, "2013": 6.45, "2014": 5.14, "2015": 6.22, "2016": 6.02, "2017": 5.72, "2018": 4.65, "2019": 4.34}, "coverage": {"2001": 0.95, "2002": 0.95, "2003": 0.87, "2004": 0.95, "2005": 0.92, "2006": 0.92, "2007": 0.87, "2008": 0.76, "2009": 0.76, "2010": 0.92, "2011": 0.9, "2012": 0.9, "2013": 0.92, "2014": 0.92, "2015": 0.92, "2016": 0.92, "2017": 0.92, "2018": 0.95, "2019": 0.92}}}, {"type": "Feature", "geometry": {"type": "Polygon", "coordinates": [[[-95.86192950299994, 43.257557965000046], [-95.38793172299995, 43.25527058500006], [-95.38820373799996, 42.90987763800007], [-95.85948289599997, 42.90918066100005], [-95.86192950299994, 43.257557965000046]]]}, "properties": {"county": "O'Brien", "mean_load": 17.89, "load": {"2001": 13.6, "2002": 3.88, "2003": 6.55, "2004": 11.49, "2005": 12.86, "2006": 13.67, "2007": 17.64, "2008": 15.47, "2009": 7.82, "2010": 39.78, "2011": 26.87, "2012": 5.16, "2013": 9.63, "2014": 7.02, "2015": 14.46, "2016": 45.73, "2017": 19.32, "2018": 37.22, "2019": 31.8}, "fwmc": {"2001": 7.35, "2002": 6.52, "2003": 7.76, "2004": 7.18, "2005": 9.27, "2006": 9.48, "2007": 7.43, "2008": 8.3, "2009": 6.46, "2010": 9.75, "2011": 9.46, "2012": 6.28, "2013": 8.79, "2014": 5.51, "2015": 9.37, "2016": 12.6, "2017": 8.63, "2018": 7.81, "2019": 7.19}, "coverage": {"2001": 1.0, "2002": 1.0, "2003": 1.0, "2004": 1.0, "2005": 1.0, "2006": 1.0, "2007": 1.0, "2008": 0.92, "2009": 0.95, "2010": 1.0, "2011": 1.0, "2012": 1.0, "2013": 1.0, "2014": 1.0, "2015": 1.0, "2016": 1.0, "2017": 1.0, "2018": 1.0, "2019": 1.0}}}, {"type": "Feature", "geometry": {"type": "Polygon", "coordinates": [[[-95.86089025199999, 43.49997867600007], [-95.38780740599998, 43.50024333400006], [-95.38793172299995, 43.25527058500006], [-95.86192950299994, 43.257557965000046], [-95.86089025199999, 43.49997867600007]]]}, "properties": {"county": "Osceola", "mean_load": 17.32, "load": {"2001": 14.34, "2002": 3.81, "2003": 5.1, "2004": 9.69, "2005": 13.13, "2006": 16.62, "2007": 16.06, "2008": 14.69, "2009": 6.63, "2010": 31.99, "2011": 26.35, "2012": 5.2, "2013": 8.31, "2014": 9.27, "2015": 12.6, "2016": 41.66, "2017": 19.79, "2018": 37.97, "2019": 35.94}, "fwmc": {"2001": 6.79, "2002": 6.35, "2003": 6.92, "2004": 6.61, "2005": 8.95, "2006": 9.78, "2007": 7.06, "2008": 8.12, "2009": 5.95, "2010": 8.8, "2011": 8.95, "2012": 5.74, "2013": 8.39, "2014": 6.38, "2015": 8.63, "2016": 12.44, "2017": 8.67, "2018": 7.86, "2019": 7.45}, "coverage": {"2001": 1.0, "2002": 1.0, "2003": 1.0, "2004": 1.0, "2005": 1.0, "2006": 1.0, "2007": 1.0, "2008": 0.88, "2009": 0.92, "2010": 1.0, "2011": 1.0, "2012": 1.0, "2013": 1.0, "2014": 1.0, "2015": 1.0, "2016": 1.0, "2017": 1.0, "2018": 0.97, "2019": 1.0}}}, {"type": "Feature", "geometry": {"type": "Polygon", "coordinates": [[[-95.38471516799996, 40.901601983000035], [-94.92860211899995, 40.90069582700005], [-94.92862861999998, 40.72762658000005], [-94.91323316299997, 40.727504330000045], [-94.91536575899994, 40.575150568000026], [-95.37397453799997, 40.58038828800005], [-95.37062565699995, 40.72822821600005], [-95.38538151499995, 40.728410791000044], [-95.38471516799996, 40.901601983000035]]]}, "properties": {"county": "Page", "mean_load": 5.23, "load": {"2001": 3.66, "2002": 0.43, "2003": 1.44, "2004": 4.48, "2005": 2.45, "2006": 1.16, "2007": 11.89, "2008": 6.47, "2009": 3.6, "2010": 9.75, "2011": 3.95, "2012": 2.1, "2013": 6.53, "2014": 7.81, "2015": 10.35, "2016": 8.13, "2017": 4.52, "2018": 5.39, "2019": 5.2}, "fwmc": {"2001": 1.81, "2002": 0.84, "2003": 1.77, "2004": 2.62, "2005": 2.04, "2006": 1.57, "2007": 2.61, "2008": 1.62, "2009": 1.77, "2010": 1.77, "2011": 1.73, "2012": 1.57, "2013": 3.57, "2014": 1.88, "2015": 2.12, "2016": 2.03, "2017": 1.59, "2018": 1.59, "2019": 1.17}, "coverage": {"2001": 0.31, "2002": 0.33, "2003": 0.32, "2004": 0.36, "2005": 0.36, "2006": 0.36, "2007": 0.35, "2008": 0.34, "2009": 0.36, "2010": 0.36, "2011": 0.36, "2012": 0.34, "2013": 0.36, "2014": 0.36, "2015": 0.36, "2016": 0.36, "2017": 0.35, "2018": 0.35, "2019": 0.36}}}, {"type": "Feature", "geometry": {"type": "Polygon", "coordinates": [[[-94.91385289399994, 43.25497695100006], [-94.44309033699994, 43.25515051600007], [-94.44315163099998, 42.90821838700003], [-94.91388387199999, 42.909845285000074], [-94.91385289399994, 43.25497695100006]]]}, "properties": {"county": "Palo Alto", "mean_load": 15.87, "load": {"2001": 18.01, "2002": 4.62, "2003": 9.83, "2004": 10.19, "2005": 15.73, "2006": 16.75, "2007": 18.13, "2008": 14.35, "2009": 6.07, "2010": 23.64, "2011": 20.01, "2012": 4.59, "2013": 12.65, "2014": 11.32, "2015": 16.58, "2016": 33.11, "2017": 17.94, "2018": 26.68, "2019": 21.28}, "fwmc": {"2001": 6.61, "2002": 6.85, "2003": 9.79, "2004": 6.36, "2005": 8.1, "2006": 8.11, "2007": 6.41, "2008": 6.26, "2009": 3.9, "2010": 5.26, "2011": 5.83, "2012": 5.52, "2013": 11.31, "2014": 7.87, "2015": 9.47, "2016": 9.92, "2017": 6.73, "2018": 4.7, "2019": 4.02}, "coverage": {"2001": 1.0, "2002": 1.0, "2003": 1.0, "2004": 1.0, "2005": 1.0, "2006": 0.93, "2007": 1.0, "2008": 0.69, "2009": 0.69, "2010": 1.0, "2011": 1.0, "2012": 0.85, "2013": 1.0, "2014": 1.0, "2015": 0.93, "2016": 1.0, "2017": 1.0, "2018": 1.0, "2019": 0.93}}}, {"type": "Feature", "geometry": {"type": "Polygon", "coordinates": [[[-96.53845629899996, 42.908959854000045], [-95.85948289599997, 42.90918066100005], [-95.86006187099997, 42.560588049000046], [-96.49910211899999, 42.56098883900006], [-96.49902593999997, 42.57105807800008], [-96.48555281899996, 42.573972301000026], [-96.49603501999997, 42.580730119000066], [-96.49124362099997, 42.58730546900006], [-96.50085825799994, 42.58901081700003], [-96.51137124999997, 42.61468444600007], [-96.52687351199995, 42.60877833400008], [-96.53158886199998, 42.614197657000034], [-96.51742860199994, 42.62035132600005], [-96.51605581999996, 42.63026223300005], [-96.53744863899999, 42.64542378800007], [-96.54295690099997, 42.661182032000056], [-96.55914690099996, 42.65764539000003], [-96.55603386499996, 42.66410815100005], [-96.56673098499994, 42.67621024300007], [-96.57878588399996, 42.67193516700007], [-96.57506231899998, 42.68293764900005], [-96.58623197699995, 42.68315553200006], [-96.58993969599999, 42.69105307900003], [-96.59274846799997, 42.68710214300006], [-96.59991956299996, 42.68698489600007], [-96.59395460399998, 42.68974754000004], [-96.59991994399996, 42.69896049700003], [-96.61243332399994, 42.695883018000075], [-96.60542850299998, 42.701920587000075], [-96.63031681799998, 42.705311892000054], [-96.62465544599996, 42.72563367400005], [-96.63455813599995, 42.72478840500003], [-96.63042264599994, 42.73016007800004], [-96.63944142399998, 42.73633865100004], [-96.63083451299997, 42.73522536400003], [-96.63573288199996, 42.74205710000007], [-96.61929922399997, 42.754562372000066], [-96.62706683799996, 42.75448756000003], [-96.63617582999996, 42.76945119700008], [-96.59511334499996, 42.793015181000044], [-96.59966069399997, 42.79873380300006], [-96.59067306999998, 42.80849729000005], [-96.59599788199995, 42.814614832000075], [-96.57785522199998, 42.82750987800006], [-96.58151830399999, 42.837380633000066], [-96.56841048699994, 42.837709106000034], [-96.56326765599994, 42.82823515500007], [-96.56081000499995, 42.83908936500006], [-96.54903142299997, 42.83992348400005], [-96.55611042699996, 42.84895074800005], [-96.54132398399997, 42.85756687800006], [-96.54939641599998, 42.87042646300006], [-96.53784610999998, 42.87850953800006], [-96.54007333899995, 42.88950644800008], [-96.52562196299999, 42.89191552300008], [-96.54021008899997, 42.90048696700006], [-96.53845629899996, 42.908959854000045]]]}, "properties": {"county": "Plymouth", "mean_load": 10.95, "load": {"2001": 7.41, "2002": 2.96, "2003": 4.54, "2004": 9.43, "2005": 7.09, "2006": 8.15, "2007": 10.72, "2008": 9.18, "2009": 4.53, "2010": 26.97, "2011": 16.32, "2012": 3.01, "2013": 4.67, "2014": 3.72, "2015": 6.34, "2016": 22.96, "2017": 11.91, "2018": 25.87, "2019": 22.34}, "fwmc": {"2001": 4.94, "2002": 5.8, "2003": 7.75, "2004": 8.1, "2005": 7.24, "2006": 7.84, "2007": 6.74, "2008": 7.03, "2009": 4.41, "2010": 7.58, "2011": 7.34, "2012": 4.66, "2013": 4.21, "2014": 3.06, "2015": 5.32, "2016": 7.48, "2017": 6.26, "2018": 5.93, "2019": 5.41}, "coverage": {"2001": 0.46, "2002": 0.66, "2003": 0.7, "2004": 0.7, "2005": 0.74, "2006": 0.74, "2007": 0.72, "2008": 0.57, "2009": 0.54, "2010": 0.68, "2011": 0.72, "2012": 0.68, "2013": 0.55, "2014": 0.48, "2015": 0.46, "2016": 0.46, "2017": 0.46, "2018": 0.46, "2019": 0.46}}}, {"type": "Feature", "geometry": {"type": "Polygon", "coordinates": [[[-94.91388387199999, 42.909845285000074], [-94.44315163099998, 42.90821838700003], [-94.44301424799994, 42.55888768400007], [-94.91460085999995, 42.560338295000065], [-94.91388387199999, 42.909845285000074]]]}, "properties": {"county": "Pocahontas", "mean_load": 25.97, "load": {"2001": 22.37, "2002": 10.07, "2003": 17.74, "2004": 19.49, "2005": 17.95, "2006": 17.93, "2007": 31.83, "2008": 25.81, "2009": 14.84, "2010": 36.56, "2011": 21.85, "2012": 4.74, "2013": 33.44, "2014": 28.65, "2015": 53.75, "2016": 39.85, "2017": 23.09, "2018": 42.15, "2019": 31.27}, "fwmc": {"2001": 9.14, "2002": 10.74, "2003": 12.13, "2004": 10.28, "2005": 9.87, "2006": 10.65, "2007": 9.07, "2008": 7.45, "2009": 6.75, "2010": 6.9, "2011": 8.03, "2012": 7.28, "2013": 20.41, "2014": 14.35, "2015": 15.99, "2016": 11.08, "2017": 9.32, "2018": 8.18, "2019": 6.57}, "coverage": {"2001": 1.0, "2002": 1.0, "2003": 1.0, "2004": 1.0, "2005": 1.0, "2006": 0.98, "2007": 1.0, "2008": 0.82, "2009": 0.82, "2010": 1.0, "2011": 1.0, "2012": 0.97, "2013": 1.0, "2014": 1.0, "2015": 0.98, "2016": 1.0, "2017": 1.0, "2018": 1.0, "2019": 0.98}}}, {"type": "Feature", "geometry": {"type": "Polygon", "coordinates": [[[-93.81591258799995, 41.86345689800004], [-93.34791043999996, 41.863090982000074], [-93.34881176199997, 41.600809076000075], [-93.32874495199997, 41.60101229900005], [-93.32846753599995, 41.49202346200008], [-93.34093873499995, 41.48196195500003], [-93.35363356899995, 41.497947778000025], [-93.36448353099996, 41.48618630500005], [-93.38108569499997, 41.49467151300007], [-93.40376015499999, 41.486415468000075], [-93.39735134699998, 41.499948851000056], [-93.42066727899999, 41.49314645900006], [-93.41357183899999, 41.50618791000005], [-93.41947711799997, 41.510913465000044], [-93.43905518499997, 41.50229232400005], [-93.44169480899996, 41.50762364900004], [-93.55818153199999, 41.51135992600007], [-93.79047648499994, 41.51192564100006], [-93.79061192399996, 41.600448554000025], [-93.81417598399997, 41.600545270000055], [-93.81591258799995, 41.86345689800004]]]}, "properties": {"county": "Polk", "mean_load": 19.59, "load": {"2001": 19.09, "2002": 8.26, "2003": 14.82, "2004": 18.17, "2005": 14.79, "2006": 13.22, "2007": 29.34, "2008": 23.54, "2009": 15.05, "2010": 29.35, "2011": 15.87, "2012": 3.36, "2013": 26.67, "2014": 20.9, "2015": 34.47, "2016": 22.82, "2017": 14.82, "2018": 27.34, "2019": 20.28}, "fwmc": {"2001": 8.51, "2002": 8.92, "2003": 10.12, "2004": 8.12, "2005": 8.18, "2006": 9.36, "2007": 7.54, "2008": 4.78, "2009": 4.66, "2010": 4.7, "2011": 5.92, "2012": 4.83, "2013": 13.35, "2014": 7.5, "2015": 8.48, "2016": 7.18, "2017": 6.67, "2018": 5.93, "2019": 4.65}, "coverage": {"2001": 1.0, "2002": 1.0, "2003": 1.0, "2004": 1.0, "2005": 1.0, "2006": 1.0, "2007": 1.0, "2008": 0.83, "2009": 0.83, "2010": 1.0, "2011": 1.0, "2012": 1.0, "2013": 1.0, "2014": 1.0, "2015": 1.0, "2016": 1.0, "2017": 0.96, "2018": 1.0, "2019": 1.0}}}, {"type": "Feature", "geometry": {"type": "Polygon", "coordinates": [[[-95.99638035099997, 41.506854418000046], [-95.15470442999998, 41.505264932000046], [-95.15577213399996, 41.15927783600006], [-95.88143811899994, 41.16034254900006], [-95.86843647299997, 41.16856604900005], [-95.84550229899997, 41.167135837000046], [-95.84232892999995, 41.17808518600003], [-95.86115867799998, 41.18771500200006], [-95.90864521599997, 41.18454328300004], [-95.92326337799994, 41.191098916000044], [-95.92755211799994, 41.20633694500003], [-95.91078268599995, 41.23230466500007], [-95.92224308899995, 41.26105071000006], [-95.91455151799994, 41.27158495500004], [-95.93066463799994, 41.28724272900007], [-95.92802537799997, 41.298522638000065], [-95.90621949799998, 41.30085878800003], [-95.91314765299995, 41.279609031000064], [-95.90254240299998, 41.273689782000076], [-95.87371768399998, 41.288228925000055], [-95.87512126399997, 41.30813366800004], [-95.88810600799997, 41.31912021800008], [-95.92691088299995, 41.322993747000055], [-95.95704704599996, 41.34542274700004], [-95.92921436999995, 41.36841606000007], [-95.93774304399994, 41.39411801600005], [-95.92977792199997, 41.409667547000026], [-95.93279861899998, 41.430295424000064], [-95.92019482699999, 41.45248284100006], [-95.93963563499995, 41.466595117000054], [-95.96217290099997, 41.46317974400006], [-96.00843714599995, 41.47372207600006], [-96.01969877699997, 41.488826879000044], [-95.99638035099997, 41.506854418000046]]]}, "properties": {"county": "Pottawattamie", "mean_load": 10.67, "load": {"2001": 5.37, "2002": 1.71, "2003": 3.67, "2004": 8.4, "2005": 5.32, "2006": 2.62, "2007": 20.47, "2008": 13.75, "2009": 6.54, "2010": 20.04, "2011": 9.64, "2012": 3.14, "2013": 6.61, "2014": 15.34, "2015": 20.67, "2016": 21.11, "2017": 11.41, "2018": 12.74, "2019": 14.19}, "fwmc": {"2001": 3.46, "2002": 2.52, "2003": 3.79, "2004": 4.56, "2005": 4.04, "2006": 3.13, "2007": 5.39, "2008": 3.96, "2009": 3.14, "2010": 4.19, "2011": 3.94, "2012": 2.91, "2013": 3.92, "2014": 4.45, "2015": 5.1, "2016": 4.72, "2017": 3.92, "2018": 3.85, "2019": 3.41}, "coverage": {"2001": 0.57, "2002": 0.58, "2003": 0.57, "2004": 0.58, "2005": 0.58, "2006": 0.58, "2007": 0.58, "2008": 0.43, "2009": 0.47, "2010": 0.58, "2011": 0.58, "2012": 0.58, "2013": 0.58, "2014": 0.58, "2015": 0.58, "2016": 0.58, "2017": 0.58, "2018": 0.58, "2019": 0.58}}}, {"type": "Feature", "geometry": {"type": "Polygon", "coordinates": [[[-92.76639976699994, 41.86237404800005], [-92.29797475899994, 41.86288542800003], [-92.29734901599994, 41.50983454000004], [-92.75664715499994, 41.50877097700004], [-92.75731698899995, 41.60148443600008], [-92.76680903799996, 41.60148593500003], [-92.76639976699994, 41.86237404800005]]]}, "properties": {"county": "Poweshiek", "mean_load": 22.67, "load": {"2001": 25.06, "2002": 10.16, "2003": 10.57, "2004": 18.67, "2005": 14.17, "2006": 10.91, "2007": 37.0, "2008": 40.13, "2009": 27.08, "2010": 36.36, "2011": 17.07, "2012": 4.25, "2013": 25.79, "2014": 21.8, "2015": 37.41, "2016": 27.16, "2017": 18.23, "2018": 22.85, "2019": 26.02}, "fwmc": {"2001": 8.22, "2002": 7.87, "2003": 7.72, "2004": 8.03, "2005": 8.7, "2006": 8.9, "2007": 8.73, "2008": 6.13, "2009": 5.03, "2010": 5.95, "2011": 6.34, "2012": 5.16, "2013": 6.9, "2014": 6.49, "2015": 9.22, "2016": 8.34, "2017": 8.18, "2018": 5.31, "2019": 5.3}, "coverage": {"2001": 1.0, "2002": 1.0, "2003": 0.98, "2004": 1.0, "2005": 1.0, "2006": 0.98, "2007": 1.0, "2008": 0.87, "2009": 0.83, "2010": 1.0, "2011": 0.98, "2012": 0.88, "2013": 0.94, "2014": 0.98, "2015": 1.0, "2016": 1.0, "2017": 0.98, "2018": 1.0, "2019": 1.0}}}, {"type": "Feature", "geometry": {"type": "Polygon", "coordinates": [[[-94.47104864499994, 40.89933341200003], [-94.01479841199995, 40.89704923200003], [-94.01568880699995, 40.57415938500003], [-94.47131437699994, 40.57090486300007], [-94.47104864499994, 40.89933341200003]]]}, "properties": {"county": "Ringgold", "mean_load": 0.37, "load": {"2001": 0.34, "2002": 0.02, "2003": 0.05, "2004": 0.24, "2005": 0.14, "2006": 0.04, "2007": 0.57, "2008": 0.48, "2009": 0.32, "2010": 1.1, "2011": 1.03, "2012": 0.2, "2013": 0.12, "2014": 0.7, "2015": 0.54, "2016": 0.27, "2017": 0.19, "2018": 0.32, "2019": 0.34}, "fwmc": {"2001": 0.16, "2002": 0.07, "2003": 0.13, "2004": 0.16, "2005": 0.18, "2006": 0.17, "2007": 0.22, "2008": 0.1, "2009": 0.12, "2010": 0.22, "2011": 0.31, "2012": 0.2, "2013": 0.07, "2014": 0.2, "2015": 0.13, "2016": 0.12, "2017": 0.14, "2018": 0.13, "2019": 0.09}, "coverage": {"2001": 0.07, "2002": 0.07, "2003": 0.07, "2004": 0.07, "2005": 0.07, "2006": 0.07, "2007": 0.07, "2008": 0.07, "2009": 0.07, "2010": 0.07, "2011": 0.07, "2012": 0.07, "2013": 0.07, "2014": 0.07, "2015": 0.07, "2016": 0.07, "2017": 0.07, "2018": 0.07, "2019": 0.07}}}, {"type": "Feature", "geometry": {"type": "Polygon", "coordinates": [[[-95.38804831099998, 42.561708331000034], [-94.91460085999995, 42.560338295000065], [-94.91465853099999, 42.474326845000064], [-94.85661574299996, 42.473984845000075], [-94.85860023999999, 42.20969975500003], [-95.32330102599997, 42.21100050200005], [-95.32218973599998, 42.47463032400003], [-95.38749847099996, 42.474783811000066], [-95.38804831099998, 42.561708331000034]]]}, "properties": {"county": "Sac", "mean_load": 27.4, "load": {"2001": 14.92, "2002": 10.57, "2003": 17.78, "2004": 20.2, "2005": 13.67, "2006": 11.0, "2007": 34.94, "2008": 30.88, "2009": 18.38, "2010": 39.62, "2011": 19.25, "2012": 4.48, "2013": 30.55, "2014": 33.35, "2015": 73.03, "2016": 49.15, "2017": 27.21, "2018": 39.15, "2019": 32.45}, "fwmc": {"2001": 8.72, "2002": 10.42, "2003": 11.18, "2004": 11.68, "2005": 10.36, "2006": 11.78, "2007": 10.28, "2008": 8.1, "2009": 7.69, "2010": 7.95, "2011": 8.67, "2012": 7.85, "2013": 20.2, "2014": 14.32, "2015": 16.25, "2016": 12.39, "2017": 10.44, "2018": 10.24, "2019": 7.7}, "coverage": {"2001": 1.0, "2002": 1.0, "2003": 1.0, "2004": 1.0, "2005": 1.0, "2006": 1.0, "2007": 1.0, "2008": 0.92, "2009": 0.93, "2010": 1.0, "2011": 1.0, "2012": 1.0, "2013": 1.0, "2014": 1.0, "2015": 1.0, "2016": 1.0, "2017": 1.0, "2018": 1.0, "2019": 1.0}}}, {"type": "Feature", "geometry": {"type": "Polygon", "coordinates": [[[-90.57893516299998, 41.759146369000064], [-90.53746110199995, 41.776583161000076], [-90.51319859599994, 41.765658649000045], [-90.49253887199995, 41.76610111600007], [-90.47231901999999, 41.77394327800005], [-90.46287428599999, 41.75807364100007], [-90.45058908399994, 41.76468208800003], [-90.43676420299994, 41.760690889000045], [-90.42412991599997, 41.74923179600006], [-90.42744190199994, 41.73665254800005], [-90.41235054799995, 41.74138388100005], [-90.40795570699999, 41.729982187000076], [-90.38967607999996, 41.73092804800007], [-90.38828576199995, 41.73721866500006], [-90.35708132099995, 41.72802107600006], [-90.33995983499995, 41.74075647500007], [-90.31675104399994, 41.72893202300003], [-90.31322597099995, 41.69894973500004], [-90.33461924999995, 41.67969799100007], [-90.34382023299997, 41.64612935400004], [-90.34328463399999, 41.587892328000066], [-90.41323284399994, 41.56525252700004], [-90.47065389799997, 41.51992290800007], [-90.54269357699997, 41.52643868900003], [-90.59816131299999, 41.510336160000065], [-90.61052055899995, 41.48977954900005], [-90.65703184399996, 41.461789235000026], [-90.74342812299994, 41.44952013100004], [-90.78627077199997, 41.452883443000076], [-90.78377659499995, 41.596499667000046], [-90.89994342299997, 41.597004869000045], [-90.89875635699997, 41.771500754000044], [-90.78629441099997, 41.77137977600006], [-90.76120822399997, 41.76296836500006], [-90.74921436099999, 41.744415477000075], [-90.71398065599999, 41.734605645000045], [-90.69177787099994, 41.74318609100004], [-90.69386971699998, 41.750361026000064], [-90.66870590299999, 41.76451519700004], [-90.65010487299998, 41.75567958100004], [-90.62761197699996, 41.76539424300006], [-90.61626008699994, 41.75645944200005], [-90.59188980399995, 41.77071217800005], [-90.57893516299998, 41.759146369000064]]]}, "properties": {"county": "Scott", "mean_load": 16.08, "load": {"2001": 21.88, "2002": 10.15, "2003": 4.86, "2004": 17.7, "2005": 5.87, "2006": 11.63, "2007": 20.63, "2008": 25.34, "2009": 13.82, "2010": 20.43, "2011": 14.36, "2012": 5.62, "2013": 20.93, "2014": 14.45, "2015": 15.79, "2016": 22.97, "2017": 19.02, "2018": 21.36, "2019": 18.66}, "fwmc": {"2001": 6.89, "2002": 4.33, "2003": 3.51, "2004": 6.31, "2005": 4.09, "2006": 6.7, "2007": 5.15, "2008": 5.16, "2009": 3.73, "2010": 4.62, "2011": 4.81, "2012": 4.03, "2013": 5.65, "2014": 4.86, "2015": 5.09, "2016": 5.1, "2017": 5.6, "2018": 4.26, "2019": 4.0}, "coverage": {"2001": 0.93, "2002": 0.93, "2003": 0.79, "2004": 0.93, "2005": 0.9, "2006": 0.9, "2007": 0.83, "2008": 0.84, "2009": 0.92, "2010": 0.9, "2011": 0.86, "2012": 0.86, "2013": 0.9, "2014": 0.9, "2015": 0.85, "2016": 0.9, "2017": 0.9, "2018": 0.93, "2019": 0.9}}}, {"type": "Feature", "geometry": {"type": "Polygon", "coordinates": [[[-95.55717958199995, 41.86339898400007], [-95.09284562799996, 41.86336264500005], [-95.09258407399994, 41.602180084000054], [-95.04078042399999, 41.602264810000065], [-95.04082528599997, 41.50507266300008], [-95.49808307799998, 41.506036453000036], [-95.49792959099995, 41.60229054800004], [-95.55817358199994, 41.60236138700003], [-95.55717958199995, 41.86339898400007]]]}, "properties": {"county": "Shelby", "mean_load": 14.23, "load": {"2001": 7.21, "2002": 2.26, "2003": 5.0, "2004": 11.28, "2005": 7.14, "2006": 3.56, "2007": 27.36, "2008": 18.24, "2009": 8.98, "2010": 26.35, "2011": 12.55, "2012": 4.07, "2013": 9.51, "2014": 19.98, "2015": 27.91, "2016": 28.07, "2017": 15.13, "2018": 17.21, "2019": 18.57}, "fwmc": {"2001": 4.6, "2002": 3.37, "2003": 5.11, "2004": 6.15, "2005": 5.41, "2006": 4.18, "2007": 7.08, "2008": 5.16, "2009": 4.19, "2010": 5.45, "2011": 5.2, "2012": 3.8, "2013": 5.66, "2014": 5.89, "2015": 6.76, "2016": 6.29, "2017": 5.2, "2018": 5.13, "2019": 4.5}, "coverage": {"2001": 0.75, "2002": 0.77, "2003": 0.76, "2004": 0.77, "2005": 0.77, "2006": 0.77, "2007": 0.77, "2008": 0.59, "2009": 0.64, "2010": 0.77, "2011": 0.77, "2012": 0.76, "2013": 0.77, "2014": 0.77, "2015": 0.77, "2016": 0.77, "2017": 0.77, "2018": 0.77, "2019": 0.77}}}, {"type": "Feature", "geometry": {"type": "Polygon", "coordinates": [[[-96.55508237799995, 43.26023594000003], [-95.86192950299994, 43.257557965000046], [-95.85948289599997, 42.90918066100005], [-96.53845629899996, 42.908959854000045], [-96.54082145899997, 42.924598435000064], [-96.52527157999998, 42.935703226000044], [-96.51651347299997, 42.93265034700005], [-96.51961119699996, 42.940343434000056], [-96.49891948699997, 42.95769838000007], [-96.52077210599998, 42.98015873400004], [-96.49220579399997, 43.00808202600007], [-96.51317283499998, 43.02793245500004], [-96.51076071299997, 43.03981046500007], [-96.52124485299998, 43.039596173000064], [-96.51059399899998, 43.050025841000036], [-96.46100172599995, 43.06424200600003], [-96.45399796999999, 43.08489231900006], [-96.46242165599995, 43.09271388900004], [-96.43637469199996, 43.12015974900004], [-96.45071813799996, 43.14255211700004], [-96.46845047599999, 43.15187455100005], [-96.46489511899995, 43.18164040800008], [-96.47402196499996, 43.18961074900005], [-96.47548626299994, 43.22052066600003], [-96.51923488099999, 43.21754339900008], [-96.53625024199994, 43.22763335800005], [-96.55906319499996, 43.22291859000006], [-96.57162172999995, 43.23877811500006], [-96.54939396499998, 43.24728573400006], [-96.55508237799995, 43.26023594000003]]]}, "properties": {"county": "Sioux", "mean_load": 16.54, "load": {"2001": 12.42, "2002": 4.38, "2003": 4.67, "2004": 11.86, "2005": 11.32, "2006": 14.5, "2007": 15.56, "2008": 13.75, "2009": 6.05, "2010": 37.91, "2011": 24.87, "2012": 4.55, "2013": 6.69, "2014": 5.78, "2015": 8.11, "2016": 34.33, "2017": 18.81, "2018": 41.44, "2019": 37.22}, "fwmc": {"2001": 6.76, "2002": 8.52, "2003": 8.66, "2004": 9.95, "2005": 10.02, "2006": 11.14, "2007": 9.27, "2008": 10.03, "2009": 7.65, "2010": 10.58, "2011": 10.26, "2012": 6.33, "2013": 6.22, "2014": 4.49, "2015": 7.5, "2016": 11.24, "2017": 9.15, "2018": 8.58, "2019": 7.78}, "coverage": {"2001": 0.69, "2002": 0.92, "2003": 0.95, "2004": 0.95, "2005": 1.0, "2006": 1.0, "2007": 1.0, "2008": 0.78, "2009": 0.82, "2010": 0.95, "2011": 1.0, "2012": 0.92, "2013": 0.79, "2014": 0.69, "2015": 0.69, "2016": 0.69, "2017": 0.69, "2018": 0.67, "2019": 0.69}}}, {"type": "Feature", "geometry": {"type": "Polygon", "coordinates": [[[-93.69839950199997, 42.20929057700005], [-93.23180262699998, 42.208888545000036], [-93.23180213199998, 41.86270842000005], [-93.69806542199996, 41.86326139000005], [-93.69839950199997, 42.20929057700005]]]}, "properties": {"county": "Story", "mean_load": 27.36, "load": {"2001": 24.41, "2002": 15.67, "2003": 19.99, "2004": 31.47, "2005": 21.36, "2006": 24.52, "2007": 49.26, "2008": 35.15, "2009": 24.46, "2010": 27.54, "2011": 15.68, "2012": 3.49, "2013": 37.81, "2014": 32.52, "2015": 45.63, "2016": 30.47, "2017": 20.99, "2018": 35.48, "2019": 23.9}, "fwmc": {"2001": 11.61, "2002": 13.26, "2003": 12.84, "2004": 12.68, "2005": 12.02, "2006": 12.56, "2007": 11.05, "2008": 6.62, "2009": 6.07, "2010": 4.05, "2011": 7.35, "2012": 7.06, "2013": 15.57, "2014": 10.64, "2015": 9.88, "2016": 8.9, "2017": 8.82, "2018": 6.56, "2019": 5.53}, "coverage": {"2001": 1.0, "2002": 1.0, "2003": 1.0, "2004": 1.0, "2005": 1.0, "2006": 1.0, "2007": 1.0, "2008": 0.99, "2009": 0.99, "2010": 1.0, "2011": 1.0, "2012": 0.99, "2013": 1.0, "2014": 1.0, "2015": 1.0, "2016": 1.0, "2017": 1.0, "2018": 1.0, "2019": 1.0}}}, {"type": "Feature", "geometry": {"type": "Polygon", "coordinates": [[[-92.76816059199996, 42.296626882000055], [-92.29863309099994, 42.29745047200004], [-92.29797475899994, 41.86288542800003], [-92.76639976699994, 41.86237404800005], [-92.76816059199996, 42.296626882000055]]]}, "properties": {"county": "Tama", "mean_load": 27.68, "load": {"2001": 30.58, "2002": 11.8, "2003": 14.95, "2004": 22.26, "2005": 17.76, "2006": 15.62, "2007": 43.26, "2008": 51.87, "2009": 28.2, "2010": 40.31, "2011": 17.93, "2012": 4.45, "2013": 32.51, "2014": 26.91, "2015": 42.86, "2016": 39.05, "2017": 24.59, "2018": 31.85, "2019": 29.18}, "fwmc": {"2001": 10.24, "2002": 9.78, "2003": 9.22, "2004": 8.7, "2005": 9.3, "2006": 9.91, "2007": 9.61, "2008": 8.12, "2009": 6.19, "2010": 7.53, "2011": 7.08, "2012": 6.08, "2013": 8.51, "2014": 8.42, "2015": 11.0, "2016": 9.8, "2017": 9.13, "2018": 6.45, "2019": 6.11}, "coverage": {"2001": 1.0, "2002": 1.0, "2003": 1.0, "2004": 1.0, "2005": 1.0, "2006": 1.0, "2007": 1.0, "2008": 0.89, "2009": 0.83, "2010": 1.0, "2011": 1.0, "2012": 1.0, "2013": 1.0, "2014": 1.0, "2015": 1.0, "2016": 1.0, "2017": 1.0, "2018": 1.0, "2019": 1.0}}}, {"type": "Feature", "geometry": {"type": "Polygon", "coordinates": [[[-94.92860211899995, 40.90069582700005], [-94.47104864499994, 40.89933341200003], [-94.47131437699994, 40.57090486300007], [-94.91536575899994, 40.575150568000026], [-94.91323316299997, 40.727504330000045], [-94.92862861999998, 40.72762658000005], [-94.92860211899995, 40.90069582700005]]]}, "properties": {"county": "Taylor", "mean_load": null, "load": {}, "fwmc": {}, "coverage": {}}}, {"type": "Feature", "geometry": {"type": "Polygon", "coordinates": [[[-94.47074619399996, 41.15753074500003], [-94.01443317899998, 41.15665557600005], [-94.01479841199995, 40.89704923200003], [-94.47104864499994, 40.89933341200003], [-94.47074619399996, 41.15753074500003]]]}, "properties": {"county": "Union", "mean_load": 2.9, "load": {"2001": 2.73, "2002": 0.17, "2003": 0.49, "2004": 1.92, "2005": 1.2, "2006": 0.33, "2007": 4.52, "2008": 3.85, "2009": 2.57, "2010": 8.53, "2011": 7.86, "2012": 1.51, "2013": 1.09, "2014": 5.34, "2015": 4.21, "2016": 2.08, "2017": 1.52, "2018": 2.49, "2019": 2.67}, "fwmc": {"2001": 1.21, "2002": 0.25, "2003": 0.94, "2004": 1.12, "2005": 0.91, "2006": 0.49, "2007": 1.53, "2008": 0.77, "2009": 0.89, "2010": 1.67, "2011": 2.35, "2012": 1.48, "2013": 0.58, "2014": 1.48, "2015": 1.01, "2016": 0.91, "2017": 0.97, "2018": 0.86, "2019": 0.69}, "coverage": {"2001": 0.37, "2002": 0.29, "2003": 0.33, "2004": 0.42, "2005": 0.29, "2006": 0.2, "2007": 0.51, "2008": 0.55, "2009": 0.49, "2010": 0.55, "2011": 0.51, "2012": 0.37, "2013": 0.33, "2014": 0.51, "2015": 0.55, "2016": 0.55, "2017": 0.41, "2018": 0.42, "2019": 0.46}}}, {"type": "Feature", "geometry": {"type": "Polygon", "coordinates": [[[-92.17902823699995, 40.89987580900004], [-91.71822976599998, 40.90108610400006], [-91.71676531899999, 40.59810695700003], [-91.72941108399999, 40.61378605800007], [-92.17970138299995, 40.600406693000025], [-92.17902823699995, 40.89987580900004]]]}, "properties": {"county": "Van Buren", "mean_load": 11.62, "load": {"2001": 10.26, "2002": 3.97, "2003": 5.16, "2004": 8.71, "2005": 7.07, "2006": 4.76, "2007": 18.18, "2008": 17.69, "2009": 11.46, "2010": 21.05, "2011": 15.09, "2012": 1.69, "2013": 11.59, "2014": 8.67, "2015": 22.76, "2016": 15.67, "2017": 10.24, "2018": 13.09, "2019": 13.73}, "fwmc": {"2001": 3.73, "2002": 3.37, "2003": 4.37, "2004": 4.51, "2005": 5.07, "2006": 5.31, "2007": 5.01, "2008": 3.56, "2009": 3.04, "2010": 3.07, "2011": 5.06, "2012": 2.52, "2013": 5.11, "2014": 3.29, "2015": 5.8, "2016": 5.55, "2017": 5.28, "2018": 3.56, "2019": 3.02}, "coverage": {"2001": 0.83, "2002": 0.84, "2003": 0.8, "2004": 0.85, "2005": 0.85, "2006": 0.84, "2007": 0.85, "2008": 0.85, "2009": 0.99, "2010": 0.85, "2011": 0.84, "2012": 0.83, "2013": 0.84, "2014": 0.85, "2015": 0.85, "2016": 0.85, "2017": 0.81, "2018": 0.84, "2019": 0.86}}}, {"type": "Feature", "geometry": {"type": "Polygon", "coordinates": [[[-92.64011594199997, 41.16129577400005], [-92.18020337899998, 41.162638962000074], [-92.17902823699995, 40.89987580900004], [-92.63925866099999, 40.89895861800005], [-92.64011594199997, 41.16129577400005]]]}, "properties": {"county": "Wapello", "mean_load": 14.12, "load": {"2001": 14.52, "2002": 5.92, "2003": 4.92, "2004": 10.89, "2005": 8.03, "2006": 5.71, "2007": 22.27, "2008": 21.33, "2009": 15.41, "2010": 26.27, "2011": 18.3, "2012": 2.22, "2013": 14.97, "2014": 10.82, "2015": 26.36, "2016": 16.52, "2017": 12.21, "2018": 14.3, "2019": 17.23}, "fwmc": {"2001": 4.94, "2002": 4.41, "2003": 4.34, "2004": 5.58, "2005": 5.84, "2006": 6.32, "2007": 6.17, "2008": 4.17, "2009": 3.88, "2010": 3.68, "2011": 5.97, "2012": 3.37, "2013": 5.92, "2014": 4.06, "2015": 6.79, "2016": 6.22, "2017": 6.53, "2018": 4.07, "2019": 3.74}, "coverage": {"2001": 0.94, "2002": 0.91, "2003": 0.85, "2004": 1.0, "2005": 0.97, "2006": 0.94, "2007": 1.0, "2008": 1.0, "2009": 1.0, "2010": 1.0, "2011": 0.97, "2012": 0.94, "2013": 0.94, "2014": 1.0, "2015": 1.0, "2016": 1.0, "2017": 0.88, "2018": 0.97, "2019": 1.0}}}, {"type": "Feature", "geometry": {"type": "Polygon", "coordinates": [[[-93.79047571799998, 41.511862595000025], [-93.55818153199999, 41.51135992600007], [-93.44169480899996, 41.50762364900004], [-93.43905518499997, 41.50229232400005], [-93.41947711799997, 41.510913465000044], [-93.41357183899999, 41.50618791000005], [-93.42066727899999, 41.49314645900006], [-93.39735134699998, 41.499948851000056], [-93.40376015499999, 41.486415468000075], [-93.38108569499997, 41.49467151300007], [-93.36448353099996, 41.48618630500005], [-93.35363356899995, 41.497947778000025], [-93.34093873499995, 41.48196195500003], [-93.32846753599995, 41.49202346200008], [-93.32795299199995, 41.160687179000035], [-93.78920747699999, 41.16212348700003], [-93.79047571799998, 41.511862595000025]]]}, "properties": {"county": "Warren", "mean_load": 9.78, "load": {"2001": 12.82, "2002": 3.03, "2003": 8.65, "2004": 9.45, "2005": 8.6, "2006": 3.83, "2007": 17.14, "2008": 15.98, "2009": 10.62, "2010": 22.37, "2011": 10.18, "2012": 2.12, "2013": 13.65, "2014": 8.14, "2015": 10.62, "2016": 6.5, "2017": 5.63, "2018": 9.04, "2019": 7.54}, "fwmc": {"2001": 5.88, "2002": 3.8, "2003": 6.4, "2004": 4.01, "2005": 4.7, "2006": 3.95, "2007": 4.44, "2008": 2.8, "2009": 3.26, "2010": 3.36, "2011": 3.37, "2012": 2.45, "2013": 6.73, "2014": 2.47, "2015": 2.55, "2016": 2.44, "2017": 2.81, "2018": 2.37, "2019": 1.81}, "coverage": {"2001": 1.0, "2002": 1.0, "2003": 1.0, "2004": 1.0, "2005": 1.0, "2006": 1.0, "2007": 1.0, "2008": 0.75, "2009": 0.75, "2010": 1.0, "2011": 1.0, "2012": 1.0, "2013": 1.0, "2014": 1.0, "2015": 1.0, "2016": 1.0, "2017": 0.92, "2018": 1.0, "2019": 1.0}}}, {"type": "Feature", "geometry": {"type": "Polygon", "coordinates": [[[-91.94577848299997, 41.511071489000074], [-91.52198525099999, 41.51094410700006], [-91.52779779299999, 41.50792916700004], [-91.51876448899998, 41.497509250000064], [-91.50817525299999, 41.502506579000055], [-91.50164306599999, 41.47774221900005], [-91.51638423599996, 41.46864666600004], [-91.49936885799997, 41.45950010200005], [-91.50277254699995, 41.448942929000054], [-91.48423207999997, 41.42811891900004], [-91.48587679099995, 41.162396304000026], [-91.94585323799998, 41.16369738700007], [-91.94577848299997, 41.511071489000074]]]}, "properties": {"county": "Washington", "mean_load": 17.43, "load": {"2001": 21.16, "2002": 9.22, "2003": 3.84, "2004": 14.35, "2005": 8.57, "2006": 7.33, "2007": 29.18, "2008": 28.58, "2009": 25.51, "2010": 29.51, "2011": 18.83, "2012": 3.95, "2013": 21.12, "2014": 14.89, "2015": 24.93, "2016": 18.3, "2017": 14.58, "2018": 15.23, "2019": 22.1}, "fwmc": {"2001": 6.46, "2002": 5.28, "2003": 3.93, "2004": 6.56, "2005": 6.41, "2006": 7.07, "2007": 7.48, "2008": 4.51, "2009": 4.37, "2010": 4.41, "2011": 6.04, "2012": 4.44, "2013": 6.0, "2014": 4.73, "2015": 6.78, "2016": 6.22, "2017": 7.19, "2018": 4.29, "2019": 4.44}, "coverage": {"2001": 0.92, "2002": 0.88, "2003": 0.8, "2004": 1.0, "2005": 0.96, "2006": 0.92, "2007": 1.0, "2008": 0.96, "2009": 0.96, "2010": 1.0, "2011": 0.96, "2012": 0.92, "2013": 0.92, "2014": 1.0, "2015": 1.0, "2016": 1.0, "2017": 0.84, "2018": 0.96, "2019": 1.0}}}, {"type": "Feature", "geometry": {"type": "Polygon", "coordinates": [[[-93.55647516999994, 40.89837618800004], [-93.09758544199997, 40.89823000400003], [-93.09719025999999, 40.58392054800004], [-93.55704812399995, 40.58028103700008], [-93.55647516999994, 40.89837618800004]]]}, "properties": {"county": "Wayne", "mean_load": 2.28, "load": {"2001": 2.58, "2002": 0.75, "2003": 0.19, "2004": 1.38, "2005": 0.5, "2006": 0.22, "2007": 2.92, "2008": 3.86, "2009": 2.59, "2010": 7.05, "2011": 4.37, "2012": 0.95, "2013": 2.53, "2014": 3.85, "2015": 2.86, "2016": 1.92, "2017": 0.57, "2018": 1.14, "2019": 3.1}, "fwmc": {"2001": 0.81, "2002": 0.96, "2003": 0.58, "2004": 0.69, "2005": 0.56, "2006": 1.12, "2007": 0.85, "2008": 0.7, "2009": 0.69, "2010": 0.91, "2011": 1.4, "2012": 1.6, "2013": 0.88, "2014": 1.07, "2015": 0.62, "2016": 1.21, "2017": 0.48, "2018": 0.56, "2019": 0.69}, "coverage": {"2001": 0.71, "2002": 0.68, "2003": 0.6, "2004": 0.73, "2005": 0.68, "2006": 0.66, "2007": 0.75, "2008": 0.77, "2009": 0.75, "2010": 0.77, "2011": 0.75, "2012": 0.71, "2013": 0.65, "2014": 0.75, "2015": 0.77, "2016": 0.77, "2017": 0.61, "2018": 0.57, "2019": 0.74}}}, {"type": "Feature", "geometry": {"type": "Polygon", "coordinates": [[[-94.44310631699994, 42.64516813000006], [-93.97126706399996, 42.64466085000004], [-93.97152565599998, 42.47199061200007], [-93.93171376099997, 42.47206979900005], [-93.93154843399998, 42.209954251000056], [-94.39737194899999, 42.20918119600003], [-94.39757134099995, 42.47339180800003], [-94.44289197699999, 42.473371995000036], [-94.44310631699994, 42.64516813000006]]]}, "properties": {"county": "Webster", "mean_load": 26.49, "load": {"2001": 24.96, "2002": 10.39, "2003": 18.62, "2004": 20.27, "2005": 18.66, "2006": 19.04, "2007": 33.76, "2008": 25.43, "2009": 15.0, "2010": 37.58, "2011": 22.94, "2012": 4.46, "2013": 35.68, "2014": 28.84, "2015": 50.1, "2016": 37.46, "2017": 22.23, "2018": 44.63, "2019": 33.27}, "fwmc": {"2001": 9.89, "2002": 10.7, "2003": 12.27, "2004": 10.35, "2005": 10.08, "2006": 11.09, "2007": 9.23, "2008": 7.03, "2009": 6.52, "2010": 7.0, "2011": 8.78, "2012": 7.34, "2013": 20.29, "2014": 14.01, "2015": 14.41, "2016": 10.15, "2017": 9.06, "2018": 8.44, "2019": 7.18}, "coverage": {"2001": 1.0, "2002": 1.0, "2003": 1.0, "2004": 1.0, "2005": 1.0, "2006": 1.0, "2007": 1.0, "2008": 0.81, "2009": 0.81, "2010": 1.0, "2011": 0.99, "2012": 0.99, "2013": 1.0, "2014": 1.0, "2015": 1.0, "2016": 1.0, "2017": 1.0, "2018": 1.0, "2019": 1.0}}}, {"type": "Feature", "geometry": {"type": "Polygon", "coordinates": [[[-93.97090631099996, 43.49979007300004], [-93.49732792099996, 43.49959621000005], [-93.49749246499994, 43.25532891600005], [-93.97039910799998, 43.255254696000065], [-93.97090631099996, 43.49979007300004]]]}, "properties": {"county": "Winnebago", "mean_load": 13.93, "load": {"2001": 18.77, "2002": 7.39, "2003": 11.23, "2004": 15.67, "2005": 18.21, "2006": 16.75, "2007": 16.85, "2008": 16.86, "2009": 10.78, "2010": 19.02, "2011": 16.72, "2012": 1.86, "2013": 23.64, "2014": 19.94, "2015": 8.23, "2016": 17.39, "2017": 6.83, "2018": 10.64, "2019": 7.85}, "fwmc": {"2001": 5.71, "2002": 5.67, "2003": 7.59, "2004": 5.19, "2005": 6.83, "2006": 8.15, "2007": 5.14, "2008": 4.98, "2009": 3.96, "2010": 4.86, "2011": 5.57, "2012": 3.43, "2013": 7.13, "2014": 8.49, "2015": 3.58, "2016": 3.8, "2017": 2.81, "2018": 1.8, "2019": 1.62}, "coverage": {"2001": 0.78, "2002": 0.79, "2003": 0.79, "2004": 0.79, "2005": 0.79, "2006": 0.79, "2007": 0.79, "2008": 0.57, "2009": 0.59, "2010": 0.79, "2011": 0.74, "2012": 0.72, "2013": 0.79, "2014": 0.66, "2015": 0.32, "2016": 0.32, "2017": 0.34, "2018": 0.32, "2019": 0.32}}}, {"type": "Feature", "geometry": {"type": "Polygon", "coordinates": [[[-92.07990591899994, 43.500811800000065], [-91.61075005999999, 43.500597017000075], [-91.60563300099994, 43.08161527500005], [-92.08112129299997, 43.082752319000065], [-92.07990591899994, 43.500811800000065]]]}, "properties": {"county": "Winneshiek", "mean_load": 23.53, "load": {"2001": 20.26, "2002": 6.62, "2003": 5.54, "2004": 19.85, "2005": 12.66, "2006": 16.38, "2007": 28.67, "2008": 34.34, "2009": 10.46, "2010": 24.53, "2011": 26.19, "2012": 6.41, "2013": 37.4, "2014": 24.91, "2015": 18.98, "2016": 48.43, "2017": 30.77, "2018": 36.52, "2019": 38.24}, "fwmc": {"2001": 6.82, "2002": 4.47, "2003": 4.97, "2004": 5.88, "2005": 5.23, "2006": 7.2, "2007": 6.78, "2008": 6.91, "2009": 4.72, "2010": 6.32, "2011": 7.44, "2012": 5.25, "2013": 7.08, "2014": 6.96, "2015": 6.96, "2016": 7.62, "2017": 6.7, "2018": 5.7, "2019": 5.57}, "coverage": {"2001": 0.99, "2002": 0.99, "2003": 0.99, "2004": 0.99, "2005": 0.99, "2006": 0.99, "2007": 0.99, "2008": 0.87, "2009": 0.87, "2010": 0.99, "2011": 0.99, "2012": 0.94, "2013": 0.99, "2014": 0.99, "2015": 0.99, "2016": 0.99, "2017": 0.99, "2018": 0.99, "2019": 0.99}}}, {"type": "Feature", "geometry": {"type": "Polygon", "coordinates": [[[-96.49910211899999, 42.56098883900006], [-95.74164867099995, 42.56114146900006], [-95.74166436099995, 42.47484608800005], [-95.66930459899999, 42.47484364500008], [-95.67082848799998, 42.21151200300005], [-96.35702484699999, 42.21493901800005], [-96.32373023799994, 42.229794896000044], [-96.33027688999994, 42.25661093800005], [-96.36189389899994, 42.28001929100003], [-96.37411513799998, 42.31664318500003], [-96.40838849399995, 42.33736651000004], [-96.41798697799999, 42.35479298400003], [-96.40852478499994, 42.37710053600006], [-96.41563593699999, 42.404731377000076], [-96.38319469999999, 42.43920973400003], [-96.38433906599994, 42.47118763800006], [-96.40413056799997, 42.487151607000044], [-96.47526852899995, 42.49229044200007], [-96.47436648299998, 42.50650894100005], [-96.49312058799995, 42.51778819200007], [-96.47957083899996, 42.52521524000008], [-96.47664090999996, 42.555496110000036], [-96.49910211899999, 42.56098883900006]]]}, "properties": {"county": "Woodbury", "mean_load": 7.44, "load": {"2001": 4.46, "2002": 1.77, "2003": 5.54, "2004": 6.85, "2005": 4.82, "2006": 4.56, "2007": 8.14, "2008": 6.48, "2009": 3.77, "2010": 14.43, "2011": 9.98, "2012": 2.05, "2013": 4.29, "2014": 5.3, "2015": 9.72, "2016": 18.27, "2017": 7.7, "2018": 11.82, "2019": 11.44}, "fwmc": {"2001": 2.82, "2002": 2.61, "2003": 5.84, "2004": 4.76, "2005": 4.16, "2006": 4.08, "2007": 3.6, "2008": 3.49, "2009": 2.75, "2010": 4.1, "2011": 4.02, "2012": 2.74, "2013": 4.04, "2014": 3.54, "2015": 4.64, "2016": 5.23, "2017": 3.59, "2018": 3.15, "2019": 2.98}, "coverage": {"2001": 0.46, "2002": 0.47, "2003": 0.51, "2004": 0.51, "2005": 0.51, "2006": 0.51, "2007": 0.47, "2008": 0.41, "2009": 0.39, "2010": 0.47, "2011": 0.47, "2012": 0.51, "2013": 0.46, "2014": 0.51, "2015": 0.46, "2016": 0.46, "2017": 0.46, "2018": 0.46, "2019": 0.46}}}, {"type": "Feature", "geometry": {"type": "Polygon", "coordinates": [[[-93.49732792099996, 43.49959621000005], [-93.02424278699999, 43.49975533600008], [-93.02405556099995, 43.255266935000066], [-93.49749246499994, 43.25532891600005], [-93.49732792099996, 43.49959621000005]]]}, "properties": {"county": "Worth", "mean_load": 21.37, "load": {"2001": 12.3, "2002": 7.96, "2003": 14.25, "2004": 24.57, "2005": 25.51, "2006": 24.9, "2007": 29.56, "2008": 34.36, "2009": 13.92, "2010": 20.16, "2011": 20.44, "2012": 2.17, "2013": 38.75, "2014": 23.63, "2015": 14.46, "2016": 34.38, "2017": 17.3, "2018": 28.41, "2019": 18.96}, "fwmc": {"2001": 3.61, "2002": 5.85, "2003": 8.93, "2004": 7.08, "2005": 9.62, "2006": 11.27, "2007": 8.72, "2008": 9.45, "2009": 6.49, "2010": 5.65, "2011": 6.53, "2012": 3.34, "2013": 10.21, "2014": 8.38, "2015": 5.22, "2016": 5.65, "2017": 4.74, "2018": 4.42, "2019": 3.63}, "coverage": {"2001": 0.61, "2002": 1.0, "2003": 1.0, "2004": 1.0, "2005": 1.0, "2006": 1.0, "2007": 1.0, "2008": 1.0, "2009": 1.0, "2010": 1.0, "2011": 1.0, "2012": 1.0, "2013": 1.0, "2014": 0.93, "2015": 0.74, "2016": 0.74, "2017": 0.76, "2018": 0.74, "2019": 0.74}}}, {"type": "Feature", "geometry": {"type": "Polygon", "coordinates": [[[-93.97137494699996, 42.90758087000006], [-93.49877058599998, 42.90837054600007], [-93.49955246899998, 42.55765532300006], [-93.97141862399997, 42.55803305000006], [-93.97137494699996, 42.90758087000006]]]}, "properties": {"county": "Wright", "mean_load": 36.72, "load": {"2001": 43.06, "2002": 21.99, "2003": 22.5, "2004": 23.82, "2005": 23.06, "2006": 25.44, "2007": 59.1, "2008": 45.23, "2009": 28.06, "2010": 46.64, "2011": 21.54, "2012": 2.45, "2013": 59.98, "2014": 43.81, "2015": 47.35, "2016": 60.11, "2017": 33.55, "2018": 56.67, "2019": 33.4}, "fwmc": {"2001": 12.42, "2002": 12.69, "2003": 11.97, "2004": 11.13, "2005": 11.22, "2006": 14.13, "2007": 13.58, "2008": 10.58, "2009": 9.69, "2010": 8.17, "2011": 9.5, "2012": 6.27, "2013": 24.21, "2014": 16.77, "2015": 15.15, "2016": 13.11, "2017": 11.62, "2018": 8.92, "2019": 6.95}, "coverage": {"2001": 1.0, "2002": 1.0, "2003": 0.89, "2004": 0.89, "2005": 0.95, "2006": 1.0, "2007": 1.0, "2008": 1.0, "2009": 0.95, "2010": 1.0, "2011": 0.74, "2012": 0.6, "2013": 0.84, "2014": 1.0, "2015": 1.0, "2016": 1.0, "2017": 0.95, "2018": 1.0, "2019": 1.0}}}]}