CountyName,Year,loading_kgha,loading_kgha_fullarea,load_kg,flow_mm,months_available,mean_coverage_frac,min_coverage_frac,county_area_ha,FWMC_mgL,complete_year,load_tonnes
Adair,2000,1.0666882382273764,0.8415904955768839,124244.85723416426,50.188506854245816,12,0.7706709974948492,0.32288204601743775,147631.01281104452,2.1253635644614466,True,124.24485723416426
Adair,2001,10.398205988708172,9.452958228591575,1395549.7973474711,223.3966050596249,12,0.7910033518901557,0.32288204601743775,147631.01281104452,4.654594453632308,True,1395.5497973474712
Adair,2002,1.8779807901683037,1.467315399607655,216621.2585573206,59.98161632061626,12,0.7590151314717777,0.5411570217180235,147631.01281104452,3.130927283002915,True,216.6212585573206
Adair,2003,4.2573894994136205,3.806794608850391,562000.9436682074,87.69033687517697,12,0.7750092416809667,0.33605487261259626,147631.01281104452,4.855026963203269,True,562.0009436682074
Adair,2004,8.18592886625254,7.54857018846322,1114403.0621980827,180.05372870686355,12,0.8743725056094279,0.7205458937803576,147631.01281104452,4.546381196903532,True,1114.4030621980826
Adair,2005,5.339194160294858,4.7838224046188165,706240.5467020422,130.52870375135558,12,0.8230969683330712,0.7205458937803576,147631.01281104452,4.090436821057765,True,706.2405467020423
Adair,2006,2.3607926791722775,2.023563845023191,298740.7799285852,66.00101326761953,12,0.7889132768154999,0.7205458937803576,147631.01281104452,3.5769036902506097,True,298.7407799285852
Adair,2007,20.29423300842035,18.541607292476918,2737316.2637330163,391.289456020309,12,0.8765152786963525,0.33605487261259626,147631.01281104452,5.186501372878042,True,2737.3162637330165
Adair,2008,14.276180177304058,13.1814641044994,1945992.8960796744,479.1555561957065,9,0.8829268183115891,0.5411570217180235,147631.01281104452,2.9794458172729796,False,1945.9928960796744
Adair,2009,7.473995442074747,6.858965673867424,1012596.0492692362,231.93492761738767,9,0.9028589152074039,0.7205458937803576,147631.01281104452,3.22245360750678,False,1012.5960492692361
Adair,2010,20.332548818294992,18.820784020534436,2778531.406849421,576.7850598231842,12,0.9256480428857848,0.9256480428857848,147631.01281104452,3.525151782629047,True,2778.5314068494213
Adair,2011,10.812741887494767,10.000109496542644,1476326.293195935,278.1684903171847,12,0.9085561971269992,0.7205458937803576,147631.01281104452,3.887119592576937,True,1476.326293195935
Adair,2012,4.2123025694479255,3.878202199153067,572542.9185469876,115.56440321349085,12,0.8550851887514493,0.7205458937803576,147631.01281104452,3.644982756209298,True,572.5429185469876
Adair,2013,11.478463624569308,10.598561289823548,1564676.337556581,186.53223546399184,12,0.8401888140918569,0.7205458937803576,147631.01281104452,6.15360856852279,True,1564.676337556581
Adair,2014,14.59769230450072,13.484365998953509,1990710.6095403188,399.26408218451553,12,0.9085561971269992,0.7205458937803576,147631.01281104452,3.6561496402660523,True,1990.7106095403187
Adair,2015,16.123812726153908,14.924975693821278,2203389.2778590573,460.1837554272041,12,0.9256480428857848,0.9256480428857848,147631.01281104452,3.503777031674147,True,2203.389277859057
Adair,2016,9.645393602202859,8.928239710742147,1318085.07111665,297.9000629003632,12,0.9256480428857848,0.9256480428857848,147631.01281104452,3.2377950874850585,True,1318.08507111665
Adair,2017,7.2972339367094765,6.449008878378445,952073.7123424279,237.72513532368149,12,0.7984361546636745,0.014411831536741759,147631.01281104452,3.0696097519405,True,952.0737123424279
Adair,2018,8.625849470775169,7.747050139507592,1143704.8583934496,326.6370068230675,12,0.8423315871787813,0.33605487261259626,147631.01281104452,2.6408059376589903,True,1143.7048583934495
Adair,2019,8.91995718151781,8.191197712364632,1209274.8144119019,441.0362613688925,12,0.8914643513682137,0.7205458937803576,147631.01281104452,2.0224997268551035,True,1209.2748144119018
Adair,2020,2.646740051210697,2.419171606310253,357144.75440330396,158.8753983946101,12,0.8133852273355356,0.3989028527045031,147631.01281104452,1.665921897257372,True,357.144754403304
Adams,2000,0.9527531091234263,0.26997924084587,29742.671502169283,41.879652602434575,11,0.28336747291673764,0.28336747291673764,110166.51283625634,2.2749785395021167,False,29.742671502169284
Adams,2001,11.041238487932578,3.128727848196476,344681.0366494898,223.29851925542656,10,0.28336747291673764,0.28336747291673764,110166.51283625634,4.94460891399944,False,344.6810366494898
Adams,2002,1.1306557857802206,0.3203910727552293,35296.36722931091,41.784074317035184,10,0.28336747291673764,0.28336747291673764,110166.51283625634,2.7059491068329287,False,35.29636722931091
Adams,2003,2.4043079674828767,0.6813026728592005,75056.73965491889,65.87005017097775,10,0.28336747291673764,0.28336747291673764,110166.51283625634,3.650077632007348,False,75.05673965491889
Adams,2004,8.854371665186573,2.509040923029486,276412.2890536203,141.61069673411623,12,0.28336747291673764,0.28336747291673764,110166.51283625634,6.252614999706739,True,276.4122890536203
Adams,2005,3.9986564247257426,1.1330891661368108,124828.48216583396,95.71811977803216,12,0.28336747291673764,0.28336747291673764,110166.51283625634,4.177533401197729,True,124.82848216583396
Adams,2006,1.6652293508850504,0.471871832987076,51984.47434583853,45.35394187169968,12,0.28336747291673764,0.28336747291673764,110166.51283625634,3.6716309148954784,True,51.98447434583853
Adams,2007,28.30566864213932,8.020905792341564,883635.2209303997,413.6070342170962,11,0.28336747291673764,0.28336747291673764,110166.51283625634,6.843613937978167,False,883.6352209303997
Adams,2008,16.74867261879423,4.746029034697479,522853.4685722451,418.0254534754687,8,0.28336747291673764,0.28336747291673764,110166.51283625634,4.006615501411592,False,522.8534685722451
Adams,2009,7.163553565157145,2.0299180708622666,223628.99521019662,176.72474557006925,9,0.28336747291673764,0.28336747291673764,110166.51283625634,4.053509055593396,False,223.62899521019662
Adams,2010,22.9462413707159,6.502218430157262,716326.7301500627,541.8954072196734,12,0.28336747291673764,0.28336747291673764,110166.51283625634,4.2344410129709695,True,716.3267301500628
Adams,2011,9.712411057105202,2.7521813771804817,303198.2250168591,229.00780321660562,12,0.28336747291673764,0.28336747291673764,110166.51283625634,4.24108302017935,True,303.1982250168591
Adams,2012,6.719398035310547,1.9040588407876418,209763.52272461908,145.9497773379419,12,0.28336747291673764,0.28336747291673764,110166.51283625634,4.603911124682296,True,209.76352272461907
Adams,2013,16.355834622027768,4.634711524288096,510590.00663282955,170.80496624104558,12,0.28336747291673764,0.28336747291673764,110166.51283625634,9.575737159156061,True,510.59000663282956
Adams,2014,22.47949999988231,6.369959107398454,701756.1817716397,482.02273949919794,12,0.28336747291673764,0.28336747291673764,110166.51283625634,4.663576665125301,True,701.7561817716397
Adams,2015,24.924258160552654,7.062724049280181,778075.6796339614,519.9812030673028,12,0.28336747291673764,0.28336747291673764,110166.51283625634,4.793299837287893,True,778.0756796339614
Adams,2016,15.116729180591067,4.283589346670796,471908.1007452592,356.88138381588016,12,0.28336747291673764,0.28336747291673764,110166.51283625634,4.235785296212029,True,471.9081007452592
Adams,2017,10.160942781103842,2.8792806783329636,317200.3118087533,276.72764856022155,11,0.28336747291673764,0.28336747291673764,110166.51283625634,3.671820591101006,False,317.20031180875327
Adams,2018,9.601968104529877,2.7208854368077486,299750.4604000638,294.5670690017257,11,0.28336747291673764,0.28336747291673764,110166.51283625634,3.2596882391064645,False,299.7504604000638
Adams,2019,11.908523783512132,3.3744882907027,371755.60759349563,488.61082302613096,12,0.28336747291673764,0.28336747291673764,110166.51283625634,2.437220630881372,True,371.75560759349565
Adams,2020,3.542980905710058,1.0039655458433132,110603.38319330652,146.24965265879936,12,0.28336747291673764,0.28336747291673764,110166.51283625634,2.4225568001695272,True,110.60338319330653
Allamakee,2000,15.032746689175147,15.032746689175124,2566085.7993054856,230.90714587151015,12,0.9999999999999983,0.9999999999999983,170699.72988723937,6.510299467968921,True,2566.0857993054856
Allamakee,2001,20.142788085019276,20.142788085019234,3438368.4852886875,270.4927637063071,12,0.9999999999999983,0.9999999999999983,170699.72988723937,7.446701275487618,True,3438.3684852886877
Allamakee,2002,10.587185783768701,10.587185783768682,1807229.753555335,185.5826586746031,12,0.9999999999999983,0.9999999999999983,170699.72988723937,5.704835710071413,True,1807.229753555335
Allamakee,2003,6.183314507945038,6.183314507945028,1055490.1163140647,132.200368463028,12,0.9999999999999983,0.9999999999999983,170699.72988723937,4.677229405509791,True,1055.4901163140646
Allamakee,2004,14.077400272508898,14.077400272508871,2403008.424031815,240.91599002637173,12,0.9999999999999983,0.9999999999999983,170699.72988723937,5.843281830719465,True,2403.008424031815
Allamakee,2005,8.900214601970438,8.900214601970422,1519264.228494815,184.39675429695063,12,0.9999999999999983,0.9999999999999983,170699.72988723937,4.826665542950731,True,1519.2642284948151
Allamakee,2006,12.965098622469746,12.965098622469728,2213138.8328170017,185.06680920867157,12,0.9999999999999983,0.9999999999999983,170699.72988723937,7.00563146785061,True,2213.138832817002
Allamakee,2007,33.94905187876803,33.94905187876798,5795093.985633572,441.54392138341365,12,0.9999999999999983,0.9999999999999983,170699.72988723937,7.688714584134984,True,5795.093985633572
Allamakee,2008,30.458148863082386,29.597173869837768,5052229.585006967,395.2696514384116,11,0.8186810177999988,0.002745597900000877,170699.72988723937,7.705663400223932,False,5052.229585006967
Allamakee,2009,9.756468852212688,8.182010817577794,1396667.0364950001,189.63023460236892,11,0.8186810177999988,0.002745597900000877,170699.72988723937,5.144996457274228,False,1396.667036495
Allamakee,2010,21.17190342526943,21.171903425269388,3614038.195892203,332.75390532891237,12,0.9999999999999983,0.9999999999999983,170699.72988723937,6.362631087482489,True,3614.038195892203
Allamakee,2011,24.879214976374588,24.879214976374545,4246875.276273695,327.3587033263607,12,0.9999999999999983,0.9999999999999983,170699.72988723937,7.5999858025986935,True,4246.875276273695
Allamakee,2012,7.891772226747312,7.738446397489731,1320950.7097983775,145.5030495414696,12,0.9744478562893956,0.6933742754727654,170699.72988723937,5.423784760262423,True,1320.9507097983774
Allamakee,2013,26.293324473759668,26.293324473759625,4488263.385508308,409.1303511211243,12,0.9999999999999983,0.9999999999999983,170699.72988723937,6.42663747671349,True,4488.263385508309
Allamakee,2014,20.788043037711244,20.7880430377112,3548513.3314216095,333.13370109991473,12,0.9999999999999983,0.9999999999999983,170699.72988723937,6.240150116627323,True,3548.5133314216096
Allamakee,2015,14.926612640675026,14.926612640675,2547968.7458946747,241.04278759705852,12,0.9999999999999983,0.9999999999999983,170699.72988723937,6.192515772605169,True,2547.9687458946746
Allamakee,2016,39.63615183722009,39.63615183722003,6765880.412383065,534.8452935877538,12,0.9999999999999983,0.9999999999999983,170699.72988723937,7.410769490246409,True,6765.880412383065
Allamakee,2017,29.52634637126863,29.52634637126858,5040139.350132617,424.6310676685172,12,0.9999999999999983,0.9999999999999983,170699.72988723937,6.953411707105236,True,5040.139350132617
Allamakee,2018,34.66128503373609,34.661285033736036,5916671.992803353,549.058275826962,12,0.9999999999999983,0.9999999999999983,170699.72988723937,6.312860867369886,True,5916.671992803353
Allamakee,2019,39.71978345107404,39.71978345107397,6780156.306277967,663.6274863642374,12,0.9999999999999983,0.9999999999999983,170699.72988723937,5.985252911792975,True,6780.156306277967
Allamakee,2020,26.66865771922594,26.668657719225898,4552332.669127101,412.14881288423413,12,0.9999999999999983,0.9999999999999983,170699.72988723937,6.4706380039281415,True,4552.332669127101
Appanoose,2000,0.2178913855523706,0.1977908300671122,26417.867151997256,27.35447824664661,12,0.89860256405206,0.7894443772704585,133564.67103673835,0.7965474010789511,True,26.417867151997257
Appanoose,2001,4.300265527904455,3.9069031919983077,521824.2396116371,332.1846133716908,12,0.9085260355776601,0.9085260355776601,133564.67103673835,1.294540853128789,True,521.824239611637
Appanoose,2002,1.6004661453863225,1.4621163036974947,195287.08312080766,88.88993022071371,12,0.9205254548542698,0.9085260355776601,133564.67103673835,1.8005033206937668,True,195.28708312080767
Appanoose,2003,3.639474815485467,0.9387506214921791,125383.9179451366,68.27271976666951,12,0.7111649412600455,0.11908165830720167,133564.67103673835,5.33078926388728,True,125.3839179451366
Appanoose,2004,2.6003649013967585,2.3624992149212893,315546.43046551466,209.680327868629,12,0.9085260355776601,0.9085260355776601,133564.67103673835,1.2401568272184145,True,315.5464304655147
Appanoose,2005,1.3302786295973648,1.2178937263544907,162667.57491824497,91.69023329359575,12,0.9145257452159649,0.9085260355776601,133564.67103673835,1.4508400533105417,True,162.66757491824495
Appanoose,2006,0.8896648245899917,0.8125311563836822,108525.45660948713,26.868479046304106,12,0.9145257452159649,0.9085260355776601,133564.67103673835,3.311184168842522,True,108.52545660948712
Appanoose,2007,4.894416098769663,4.446704454682679,593922.617687291,349.77044387974234,12,0.9085260355776601,0.9085260355776601,133564.67103673835,1.3993223796955399,True,593.922617687291
Appanoose,2008,7.481418364246432,5.968100282688407,797127.3509715423,579.5688549019121,11,0.7649906942557586,0.11908165830720167,133564.67103673835,1.290859282891005,False,797.1273509715423
Appanoose,2009,5.466322059224223,3.9803236985041677,531630.6254104429,457.09049857108516,11,0.8304420721281751,0.11908165830720167,133564.67103673835,1.1958949215336006,False,531.6306254104429
Appanoose,2010,9.322387914938918,8.469632134476544,1131243.629843548,823.3970068631205,12,0.9085260355776601,0.9085260355776601,133564.67103673835,1.1321862767578228,True,1131.243629843548
Appanoose,2011,5.217984221634884,4.740674518588723,633186.6325675509,304.92244862555594,12,0.9085260355776601,0.9085260355776601,133564.67103673835,1.7112496128622385,True,633.1866325675509
Appanoose,2012,0.9306373792310499,0.8455082887131694,112930.03644081006,50.57339398880716,12,0.9085260355776601,0.9085260355776601,133564.67103673835,1.8401718884776004,True,112.93003644081006
Appanoose,2013,4.7002875639700035,4.093141904016934,546699.1519167104,307.02030884671126,12,0.84873871377676,0.11908165830720167,133564.67103673835,1.530937018995951,True,546.6991519167104
Appanoose,2014,4.43168649525653,4.02630256245847,537771.7772491423,345.0760337347806,12,0.9085260355776601,0.9085260355776601,133564.67103673835,1.28426377436071,True,537.7717772491422
Appanoose,2015,5.353711690692691,4.863986457970802,649656.7511860203,463.46516711651924,12,0.9085260355776601,0.9085260355776601,133564.67103673835,1.1551486650013378,True,649.6567511860203
Appanoose,2016,4.2325833778276145,3.8454121965096233,513611.21502746927,159.3820031063328,12,0.9085260355776601,0.9085260355776601,133564.67103673835,2.6556218991700193,True,513.6112150274693
Appanoose,2017,5.537404426820172,1.3459697896281697,179774.0121770744,136.8239665616962,12,0.7111649412600455,0.11908165830720167,133564.67103673835,4.047101225005974,True,179.77401217707438
Appanoose,2018,6.830238248440268,2.320528156292923,309940.57982675324,286.7237562158911,12,0.5795908783816358,0.11908165830720167,133564.67103673835,2.3821668419052733,True,309.94057982675326
Appanoose,2019,5.056299915909282,4.638847718231041,619586.1694750533,463.1703485324481,12,0.9145257452159649,0.9085260355776601,133564.67103673835,1.0916717643800238,True,619.5861694750533
Appanoose,2020,1.8235373291735117,1.6567311404018856,221280.74976409823,164.50297721530694,12,0.9085260355776601,0.9085260355776601,133564.67103673835,1.1085132682959322,True,221.28074976409823
Audubon,2000,1.3687811542822066,1.0107737370097662,116070.50491889077,47.87511586112869,12,0.807346189585755,0.22938475834302377,114833.32091934767,2.8590659879604865,True,116.07050491889078
Audubon,2001,9.445984032222146,9.069760305344051,1041510.695805134,165.7070204510765,12,0.8715641263905028,0.22938475834302377,114833.32091934767,5.700412696160322,True,1041.510695805134
Audubon,2002,1.7746119707169852,1.7746119707169825,203784.58594065928,57.041048316797955,12,0.9999999999999988,0.9999999999999988,114833.32091934767,3.111113878659873,True,203.78458594065927
Audubon,2003,6.186979820758441,6.109499495582984,701574.1162328734,96.19418396222541,12,0.9357820631952509,0.22938475834302377,114833.32091934767,6.431760804985894,True,701.5741162328734
Audubon,2004,16.43587994928201,16.43587994928199,1887386.6768077703,201.56845837769686,12,0.9999999999999988,0.9999999999999988,114833.32091934767,8.153993973841201,True,1887.3866768077703
Audubon,2005,9.548821834070656,9.548821834070644,1096522.9220735084,143.04168117833322,12,0.9999999999999988,0.9999999999999988,114833.32091934767,6.675552017712886,True,1096.5229220735084
Audubon,2006,4.796614838311394,4.796614838311388,550811.2110543165,102.78520987924706,12,0.9999999999999988,0.9999999999999988,114833.32091934767,4.666639143848125,True,550.8112110543165
Audubon,2007,37.09453353113944,37.09453353113939,4259688.473334834,462.114020004683,12,0.9999999999999988,0.9999999999999988,114833.32091934767,8.027138741811713,True,4259.688473334834
Audubon,2008,21.54857760435773,21.486178109641635,2467329.1861947407,357.2833357655792,9,0.9793409906708269,0.8140689160374522,114833.32091934767,6.031229404579952,False,2467.3291861947405
Audubon,2009,12.753997499424955,12.753997499424939,1464583.8878560218,222.57950221942045,9,0.9999999999999988,0.9999999999999988,114833.32091934767,5.730086271309913,False,1464.5838878560216
Audubon,2010,31.80541205022606,31.80541205022602,3652321.088935692,549.0604304555802,12,0.9999999999999988,0.9999999999999988,114833.32091934767,5.792697904643333,True,3652.321088935692
Audubon,2011,12.532963648049199,12.532963648049185,1439201.83666695,226.62838464261424,12,0.9999999999999988,0.9999999999999988,114833.32091934767,5.530182667900706,True,1439.20183666695
Audubon,2012,5.298408629619982,4.683448909544843,537815.9916391319,116.86940231683401,12,0.8715641263905028,0.22938475834302377,114833.32091934767,4.533614893704982,True,537.8159916391319
Audubon,2013,19.255282836555363,19.255282836555338,2211148.073362966,193.39745225261237,12,0.9999999999999988,0.9999999999999988,114833.32091934767,9.956327041684318,True,2211.148073362966
Audubon,2014,20.974743315021417,20.974743315021392,2408599.4302947936,340.516016799109,12,0.9999999999999988,0.9999999999999988,114833.32091934767,6.159693606246924,True,2408.5994302947934
Audubon,2015,33.7224020319685,33.722402031968464,3872455.4147082963,449.6659911044276,12,0.9999999999999988,0.9999999999999988,114833.32091934767,7.4994335126707465,True,3872.4554147082963
Audubon,2016,31.262483066732027,31.26248306673199,3589974.750737707,444.1122369056366,12,0.9999999999999988,0.9999999999999988,114833.32091934767,7.039320349413063,True,3589.974750737707
Audubon,2017,15.722064940264003,15.722064940263985,1805416.9288001587,282.16787564902876,12,0.9999999999999988,0.9999999999999988,114833.32091934767,5.571883370529291,True,1805.4169288001588
Audubon,2018,20.943888006737883,20.943888006737858,2405056.212776605,358.48253598455193,12,0.9999999999999988,0.9999999999999988,114833.32091934767,5.842373310938756,True,2405.056212776605
Audubon,2019,18.41290986111999,18.41290986111997,2114415.587141011,395.9045457930858,12,0.9999999999999988,0.9999999999999988,114833.32091934767,4.650845780069232,True,2114.4155871410107
Audubon,2020,6.035543902782008,6.035543902781999,693081.5499109777,140.58044617909027,12,0.9999999999999988,0.9999999999999988,114833.32091934767,4.293302565772995,True,693.0815499109777
Benton,2000,12.044820018065286,12.044820018065288,2240124.8994236584,162.40690034252736,12,1.0000000000000002,1.0000000000000002,185982.43029483486,7.416445971607074,True,2240.1248994236585
Benton,2001,31.2607369331915,31.260736933191502,5813947.8276424585,293.0799414705925,12,1.0000000000000002,1.0000000000000002,185982.43029483486,10.666283327454597,True,5813.947827642459
Benton,2002,9.119227734647568,9.119227734647572,1696016.1365018166,114.28904982323166,12,1.0000000000000002,1.0000000000000002,185982.43029483486,7.979091390428107,True,1696.0161365018166
Benton,2003,14.452067561914417,14.45206756191442,2687830.647949993,155.6926072727256,12,1.0000000000000002,1.0000000000000002,185982.43029483486,9.282436600601617,True,2687.8306479499934
Benton,2004,21.941187534667087,21.94118753466709,4080675.381252121,263.60342630847185,12,1.0000000000000002,1.0000000000000002,185982.43029483486,8.323559311020203,True,4080.675381252121
Benton,2005,17.450499141672267,17.45049914167227,3245486.2402261384,195.6485986727397,12,1.0000000000000002,1.0000000000000002,185982.43029483486,8.9193069922579,True,3245.4862402261383
Benton,2006,18.17799611851144,18.177996118511448,3380787.896010834,178.9981274171052,12,1.0000000000000002,1.0000000000000002,185982.43029483486,10.155411333523448,True,3380.7878960108337
Benton,2007,42.94691335798994,42.94691335798994,7987371.319980676,470.3362120476058,12,1.0000000000000002,1.0000000000000002,185982.43029483486,9.131109248641694,True,7987.371319980676
Benton,2008,50.63494185910085,50.404492636397244,9374350.038295267,619.3660460835504,12,0.9742972904547899,0.845783742728738,185982.43029483486,8.175285387257144,True,9374.350038295268
Benton,2009,28.887914411346767,28.121071565144813,5230025.232180608,417.575970688512,12,0.9614459356821846,0.845783742728738,185982.43029483486,6.918002097610045,True,5230.025232180608
Benton,2010,36.68174186040462,36.68174186040462,6822159.498645829,508.6476331321424,12,1.0000000000000002,1.0000000000000002,185982.43029483486,7.211621458754535,True,6822.159498645829
Benton,2011,20.411074591157718,20.411074591157725,3796101.2573926663,282.9742302101239,12,1.0000000000000002,1.0000000000000002,185982.43029483486,7.213050664013248,True,3796.1012573926664
Benton,2012,5.313929411102905,5.313929411102907,988297.5062921193,91.33745704494103,12,1.0000000000000002,1.0000000000000002,185982.43029483486,5.817908208773841,True,988.2975062921192
Benton,2013,37.956333343867094,37.956333343867094,7059211.120373276,399.8732657845625,12,1.0000000000000002,1.0000000000000002,185982.43029483486,9.492090767657526,True,7059.211120373276
Benton,2014,21.72826420386275,21.728264203862754,4041075.382722659,325.38686359390914,12,1.0000000000000002,1.0000000000000002,185982.43029483486,6.677670992575829,True,4041.075382722659
Benton,2015,33.06079061702855,33.06079061702855,6148726.186423643,338.2457958039405,12,1.0000000000000002,1.0000000000000002,185982.43029483486,9.77419114358831,True,6148.7261864236425
Benton,2016,45.4018496367974,45.401849636797415,8443946.335332248,486.8128281779973,12,1.0000000000000002,1.0000000000000002,185982.43029483486,9.32634618662858,True,8443.946335332248
Benton,2017,27.6314268926112,27.6314268926112,5138959.926001888,316.49343571703565,12,1.0000000000000002,1.0000000000000002,185982.43029483486,8.730489727223086,True,5138.959926001888
Benton,2018,39.4286351332933,39.42863513329331,7333033.385298199,561.4605936024277,12,1.0000000000000002,1.0000000000000002,185982.43029483486,7.022511567608404,True,7333.033385298199
Benton,2019,31.487194020962892,31.487194020962892,5856064.867183674,493.8976572030832,12,1.0000000000000002,1.0000000000000002,185982.43029483486,6.375246685573128,True,5856.064867183674
Benton,2020,24.847041584931343,24.847041584931347,4621113.179602358,337.6146782471685,12,1.0000000000000002,1.0000000000000002,185982.43029483486,7.359585701052004,True,4621.113179602357
Black Hawk,2000,13.756868129036949,13.743409148742986,2037132.563801135,184.9837581014943,12,0.9990216537537672,0.9990216537537673,148226.1454747898,7.436797841186157,True,2037.132563801135
Black Hawk,2001,31.781044767747794,31.7509185057006,4706316.265384172,295.57578671993014,12,0.9992662403153258,0.9990216537537673,148226.1454747898,10.752249066281468,True,4706.316265384172
Black Hawk,2002,8.500356853627814,8.500356853627826,1259975.1315734647,115.34591460680653,12,1.0000000000000013,1.0000000000000013,148226.1454747898,7.369447702247626,True,1259.9751315734648
Black Hawk,2003,13.434005603158594,13.434005603158614,1991270.86884293,152.0885786621313,12,1.0000000000000013,1.0000000000000013,148226.1454747898,8.8330141035788,True,1991.27086884293
Black Hawk,2004,22.82874178744227,22.828741787442304,3383816.401191836,274.8255511231412,12,1.0000000000000013,1.0000000000000013,148226.1454747898,8.306630040091644,True,3383.816401191836
Black Hawk,2005,16.93510787722833,16.93510787722835,2510225.7638413087,199.87520674445176,12,1.0000000000000013,1.0000000000000013,148226.1454747898,8.472840705491064,True,2510.2257638413084
Black Hawk,2006,19.417410380211805,19.417410380211834,2878167.8957609725,190.6864283987733,12,1.0000000000000013,1.0000000000000013,148226.1454747898,10.182901081772382,True,2878.1678957609724
Black Hawk,2007,42.153821101300686,42.153821101300736,6248298.418879669,471.08117232402793,12,1.0000000000000013,1.0000000000000013,148226.1454747898,8.948313704268708,True,6248.298418879669
Black Hawk,2008,49.378808840223016,49.29114675924744,7306236.690155426,599.080450553641,12,0.9873412729812161,0.953829982337278,148226.1454747898,8.242433682252447,True,7306.236690155426
Black Hawk,2009,27.554606365060607,26.73728986402933,3963165.416987234,392.34023709239256,12,0.9589083042179499,0.8356332168717958,148226.1454747898,7.023140570354437,True,3963.1654169872336
Black Hawk,2010,37.580914493465876,37.580914493465926,5570474.098784116,496.21890793411666,12,1.0000000000000013,1.0000000000000013,148226.1454747898,7.573454758087437,True,5570.474098784116
Black Hawk,2011,22.01272271769672,22.012722717696757,3262861.03984953,298.03578784337765,12,1.0000000000000013,1.0000000000000013,148226.1454747898,7.385932701902478,True,3262.86103984953
Black Hawk,2012,5.779880883064691,5.779457411576715,856666.6950537224,98.41704039381176,12,0.9988837773968969,0.986605328762748,148226.1454747898,5.872845657557608,True,856.6666950537224
Black Hawk,2013,41.4435861869166,41.44358618691666,6143023.035138898,408.8525209818445,12,1.0000000000000013,1.0000000000000013,148226.1454747898,10.136561243988744,True,6143.023035138897
Black Hawk,2014,21.100819743221198,21.100819743221233,3127693.1768960273,329.0161096091307,12,1.0000000000000013,1.0000000000000013,148226.1454747898,6.413308992161161,True,3127.693176896027
Black Hawk,2015,29.684498776051484,29.684498776051527,4400018.833925233,315.6100880486931,12,1.0000000000000013,1.0000000000000013,148226.1454747898,9.405434078352934,True,4400.018833925234
Black Hawk,2016,48.63727938056613,48.6372793805662,7209316.4489618,529.4226207711205,12,1.0000000000000013,1.0000000000000013,148226.1454747898,9.18685327606977,True,7209.3164489618
Black Hawk,2017,30.00111979688561,30.001119796885646,4446950.3474197695,348.06713105672384,12,1.0000000000000013,1.0000000000000013,148226.1454747898,8.61934871753127,True,4446.950347419769
Black Hawk,2018,41.54860483134384,41.5486048313439,6158589.544005335,605.3027544946304,12,1.0000000000000013,1.0000000000000013,148226.1454747898,6.864103049726401,True,6158.5895440053355
Black Hawk,2019,32.106525107031814,32.106525107031864,4759026.461204895,513.2205703898936,12,1.0000000000000013,1.0000000000000013,148226.1454747898,6.255892097746684,True,4759.026461204895
Black Hawk,2020,25.4610433523958,25.46080194030578,3773956.532308575,350.4128358392347,12,0.9999184711461485,0.9990216537537673,148226.1454747898,7.266013327227839,True,3773.9565323085753
Boone,2000,3.3988175144815123,3.398817514481506,504551.92497877637,51.58508593693486,12,0.9999999999999982,0.9999999999999982,148449.25413883143,6.588760012218887,True,504.55192497877636
Boone,2001,24.9947644454097,24.994764445409658,3710454.1392968465,249.66529936233715,12,0.9999999999999982,0.9999999999999982,148449.25413883143,10.011308944113619,True,3710.4541392968463
Boone,2002,10.256123200964424,10.256123200964405,1522513.8395391305,95.69942321168026,12,0.9999999999999982,0.9999999999999982,148449.25413883143,10.717016735073331,True,1522.5138395391305
Boone,2003,17.88582696875815,17.885826968758117,2655137.6731683393,145.92406667219473,12,0.9999999999999982,0.9999999999999982,148449.25413883143,12.25694114524443,True,2655.1376731683395
Boone,2004,21.22701203955815,21.22701203955811,3151134.104868396,205.83526079622055,12,0.9999999999999982,0.9999999999999982,148449.25413883143,10.312621830412795,True,3151.134104868396
Boone,2005,19.190997224045447,19.19099722404541,2848889.2240899256,187.54656402847732,12,0.9999999999999982,0.9999999999999982,148449.25413883143,10.232657326172854,True,2848.889224089926
Boone,2006,20.650977955737407,20.650977955737368,3065622.274766662,187.8795161859903,12,0.9999999999999982,0.9999999999999982,148449.25413883143,10.991606948409471,True,3065.622274766662
Boone,2007,34.849769604872705,34.84976960487264,5173422.304753463,378.46294342090874,12,0.9999999999999982,0.9999999999999982,148449.25413883143,9.208238272911814,True,5173.422304753462
Boone,2008,28.998426490606686,25.412805837750103,3772512.0721889436,400.4386590857794,12,0.8096095669420875,0.23843826776835536,148449.25413883143,7.241665067206917,True,3772.5120721889434
Boone,2009,21.867917996546492,16.553310144245234,2457326.544441957,294.8904258780902,12,0.8096095669420875,0.23843826776835536,148449.25413883143,7.415607994539249,True,2457.326544441957
Boone,2010,34.04446980997777,34.04446980997771,5053876.150843155,560.6171646702886,12,0.9999999999999982,0.9999999999999982,148449.25413883143,6.072677034425101,True,5053.876150843154
Boone,2011,21.26595286548281,21.26595286548277,3156914.841432462,258.43342659159777,12,0.9999999999999982,0.9999999999999982,148449.25413883143,8.228793444390375,True,3156.914841432462
Boone,2012,4.084142720200014,4.084142720200006,606287.940610229,59.626678185341696,12,0.9999999999999982,0.9999999999999982,148449.25413883143,6.849522469631786,True,606.287940610229
Boone,2013,29.06396847614309,29.06396847614304,4314524.442597943,186.02533131766305,12,0.9999999999999982,0.9999999999999982,148449.25413883143,15.623661718689533,True,4314.524442597944
Boone,2014,25.19682296599113,25.196822965991093,3740449.575969556,219.79193435522342,12,0.9999999999999982,0.9999999999999982,148449.25413883143,11.463943406252806,True,3740.449575969556
Boone,2015,39.00373249322681,39.00373249322675,5790074.997250014,354.04835906226594,12,0.9999999999999982,0.9999999999999982,148449.25413883143,11.016498592602511,True,5790.074997250014
Boone,2016,31.259425135265975,31.259425135265918,4640438.346138866,359.38616191516303,12,0.9999999999999982,0.9999999999999982,148449.25413883143,8.698004666814382,True,4640.438346138866
Boone,2017,19.69382974345992,19.693487750784715,2923483.567996204,244.19941511561376,12,0.9998463542284188,0.9981562507410456,148449.25413883143,8.064650660254888,True,2923.483567996204
Boone,2018,40.430366248657,40.430366248656945,6001857.714172905,549.1162275599169,12,0.9999999999999982,0.9999999999999982,148449.25413883143,7.362806673609994,True,6001.857714172906
Boone,2019,30.346032726351353,30.346032726351297,4504845.924299419,458.0020945262066,12,0.9999999999999982,0.9999999999999982,148449.25413883143,6.625741036783616,True,4504.845924299419
Boone,2020,13.502698842899328,13.502600646683911,2004450.994934729,200.71728866921958,12,0.9998463542284188,0.9981562507410456,148449.25413883143,6.727222618651283,True,2004.4509949347291
Bremer,2000,19.31653287435636,18.17772061089392,2066967.445580971,244.09857412810322,12,0.94104468587247,0.9410446858724699,113708.83565798872,7.913414874852574,True,2066.967445580971
Bremer,2001,32.96848273161225,31.075813597413006,3533594.5812865263,320.70031608281033,12,0.9557835144043528,0.9410446858724699,113708.83565798872,10.280152864925528,True,3533.594581286526
Bremer,2002,8.37806956677612,8.378069566776134,952660.5354997441,125.23444578665718,12,1.0000000000000018,1.0000000000000018,113708.83565798872,6.6899082869329405,True,952.6605354997441
Bremer,2003,11.108515881088406,11.108515881088426,1263136.4067268416,145.7265909427057,12,1.0000000000000018,1.0000000000000018,113708.83565798872,7.6228475594106655,True,1263.1364067268416
Bremer,2004,27.477544608360553,27.477544608360603,3124439.6041571302,332.7520741845488,12,1.0000000000000018,1.0000000000000018,113708.83565798872,8.257662908848205,True,3124.4396041571304
Bremer,2005,16.415969729594906,16.415969729594938,1866640.8041490284,222.18546332787085,12,1.0000000000000018,1.0000000000000018,113708.83565798872,7.38840853209666,True,1866.6408041490283
Bremer,2006,23.597756745764144,23.597756745764183,2683273.4437012943,227.82789851613816,12,1.0000000000000018,1.0000000000000018,113708.83565798872,10.357711632095224,True,2683.273443701294
Bremer,2007,35.45365697039397,35.45365697039403,4031394.0539212413,418.5289768932083,12,1.0000000000000018,1.0000000000000018,113708.83565798872,8.471016089153682,True,4031.3940539212413
Bremer,2008,42.773579053588456,42.52996836828291,4836033.183728538,485.15173143096894,12,0.8853885450235248,0.5423999716043771,113708.83565798872,8.81653641169672,True,4836.0331837285385
Bremer,2009,17.73947058543868,17.739470585438713,2017134.5454593757,216.42264675394588,9,1.0000000000000018,1.0000000000000018,113708.83565798872,8.19667943789956,False,2017.1345454593757
Bremer,2010,40.94174729122482,40.94174729122491,4655438.414288798,436.5018296816472,12,1.0000000000000018,1.0000000000000018,113708.83565798872,9.379513327832958,True,4655.438414288798
Bremer,2011,27.142990654396648,27.142990654396698,3086397.8635871173,333.65204832316897,12,1.0000000000000018,1.0000000000000018,113708.83565798872,8.135118843360575,True,3086.397863587117
Bremer,2012,6.17308039777856,6.173012423691189,701926.055200224,102.91203269194244,12,0.9997885521224309,0.9974626254691514,113708.83565798872,5.99840488648893,True,701.926055200224
Bremer,2013,51.649585938377214,51.64958593837731,5873014.27927011,427.36437369900636,12,1.0000000000000018,1.0000000000000018,113708.83565798872,12.085608702318767,True,5873.01427927011
Bremer,2014,26.433724038833738,26.433724038833777,3005747.9825603766,329.0099191190288,12,1.0000000000000018,1.0000000000000018,113708.83565798872,8.03432434791444,True,3005.747982560377
Bremer,2015,26.870351644072976,26.87035164407302,3055396.399168266,282.8249178059554,12,1.0000000000000018,1.0000000000000018,113708.83565798872,9.500701654056018,True,3055.396399168266
Bremer,2016,55.02703162105712,55.027031621057226,6257059.6953457445,614.3966578861249,12,1.0000000000000018,1.0000000000000018,113708.83565798872,8.95627131345107,True,6257.059695345744
Bremer,2017,35.72580853947772,35.725808539477775,4062340.091964249,429.18584711747206,12,1.0000000000000018,1.0000000000000018,113708.83565798872,8.32408821945595,True,4062.340091964249
Bremer,2018,43.33047135830443,43.33047135830449,4927057.446664634,701.9740764606571,12,1.0000000000000018,1.0000000000000018,113708.83565798872,6.172659762134811,True,4927.057446664634
Bremer,2019,33.42736593160605,33.427365931606104,3800986.85919645,595.1523445043201,12,1.0000000000000018,1.0000000000000018,113708.83565798872,5.616606611782137,True,3800.98685919645
Bremer,2020,22.936779549519084,22.923531609769746,2606608.0885160174,368.05141440223537,12,0.9950870571560407,0.9410446858724699,113708.83565798872,6.23194984504311,True,2606.6080885160172
Buchanan,2000,17.73097877185381,17.730978771853803,2630623.7987192557,228.6640014008823,12,0.9999999999999997,0.9999999999999998,148363.14636477447,7.754162729256514,True,2630.623798719256
Buchanan,2001,32.82340788893909,32.82340788893908,4869784.068817364,298.96053264236434,12,0.9999999999999997,0.9999999999999998,148363.14636477447,10.979177618807812,True,4869.784068817364
Buchanan,2002,11.360309249601453,11.360309249601451,1685451.223947721,147.01957971745196,12,0.9999999999999997,0.9999999999999998,148363.14636477447,7.727072320186294,True,1685.451223947721
Buchanan,2003,10.319519425207694,10.319519425207694,1531036.3708962225,147.71312517591164,12,0.9999999999999997,0.9999999999999998,148363.14636477447,6.986189895392284,True,1531.0363708962225
Buchanan,2004,27.353173837791157,27.353173837791143,4058202.933637327,310.3862669971777,12,0.9999999999999997,0.9999999999999998,148363.14636477447,8.8126237357144,True,4058.202933637327
Buchanan,2005,13.93875264654692,13.938752646546916,2067997.1990420276,194.4213084048132,12,0.9999999999999997,0.9999999999999998,148363.14636477447,7.1693544092010875,True,2067.9971990420277
Buchanan,2006,20.342094008955268,20.342094008955264,3018017.070816631,202.09890618342308,12,0.9999999999999997,0.9999999999999998,148363.14636477447,10.065415193535474,True,3018.017070816631
Buchanan,2007,41.14923359312245,41.149233593122446,6105029.766374719,460.4381916025248,12,0.9999999999999997,0.9999999999999998,148363.14636477447,8.936972289354465,True,6105.02976637472
Buchanan,2008,51.03262786468804,51.032627864688024,7571361.237267776,583.8982881042682,12,0.9999999999999997,0.9999999999999998,148363.14636477447,8.739985868150894,True,7571.361237267776
Buchanan,2009,26.830216218137572,23.276439814068976,3453365.84698558,358.43337842637186,12,0.8330358263534446,0.3321433054137797,148363.14636477447,7.4854123061669435,True,3453.36584698558
Buchanan,2010,50.296428242172205,50.2964282421722,7462136.344918771,510.15215650551454,12,0.9999999999999997,0.9999999999999998,148363.14636477447,9.859103328445602,True,7462.136344918771
Buchanan,2011,27.0372191106952,27.037219110695197,4011326.896216549,332.80593710923887,12,0.9999999999999997,0.9999999999999998,148363.14636477447,8.124019464779144,True,4011.326896216549
Buchanan,2012,8.10955976936892,8.10955976936892,1203159.8030167676,119.97978474842336,12,0.9999999999999997,0.9999999999999998,148363.14636477447,6.7591051162270785,True,1203.1598030167677
Buchanan,2013,47.905768764162346,47.90576876416233,7107450.582874458,427.9464537148161,12,0.9999999999999997,0.9999999999999998,148363.14636477447,11.194337129870645,True,7107.450582874459
Buchanan,2014,23.66343807698824,23.663438076988236,3510782.1269099833,337.7560182987173,12,0.9999999999999997,0.9999999999999998,148363.14636477447,7.006074442783099,True,3510.782126909983
Buchanan,2015,26.828531126097054,26.82853112609705,3980365.2902130447,276.09737159236795,12,0.9999999999999997,0.9999999999999998,148363.14636477447,9.717054157874013,True,3980.365290213045
Buchanan,2016,51.98113952508781,51.9811395250878,7712085.411568364,577.3766132802621,12,0.9999999999999997,0.9999999999999998,148363.14636477447,9.002986669267093,True,7712.085411568364
Buchanan,2017,36.55675460893689,36.55675460893689,5423675.134666845,416.35025560024195,12,0.9999999999999997,0.9999999999999998,148363.14636477447,8.780288739401376,True,5423.675134666845
Buchanan,2018,40.93137933680219,40.93137933680217,6072708.223458087,699.4241354130864,12,0.9999999999999997,0.9999999999999998,148363.14636477447,5.852154260108243,True,6072.708223458087
Buchanan,2019,31.891386515887497,31.89138651588749,4731506.44543221,573.6638029061501,12,0.9999999999999997,0.9999999999999998,148363.14636477447,5.559246784323404,True,4731.50644543221
Buchanan,2020,25.466996062594056,25.466996062594053,3778363.664305776,375.81397716587156,12,0.9999999999999997,0.9999999999999998,148363.14636477447,6.776489861991958,True,3778.3636643057757
Buena Vista,2000,2.679868118146321,2.6798681181463193,402772.9070514293,36.62548223609933,12,0.9999999999999992,0.9999999999999992,150295.7941564788,7.316949715149283,True,402.77290705142934
Buena Vista,2001,15.641829104888213,15.641829104888203,2350901.1273790966,184.454296451988,12,0.9999999999999992,0.9999999999999992,150295.7941564788,8.480056797679234,True,2350.9011273790966
Buena Vista,2002,11.153619433166705,11.153619433166696,1676342.0904269237,100.49297615878702,12,0.9999999999999992,0.9999999999999992,150295.7941564788,11.098904480192811,True,1676.3420904269237
Buena Vista,2003,18.477950124436447,18.477950124436436,2777158.1883359803,159.19772958213818,12,0.9999999999999992,0.9999999999999992,150295.7941564788,11.606918121845913,True,2777.1581883359804
Buena Vista,2004,21.94221753205469,21.942217532054677,3297823.0095343706,189.21708059943484,12,0.9999999999999992,0.9999999999999992,150295.7941564788,11.596319667623193,True,3297.8230095343706
Buena Vista,2005,16.433366181370243,16.43336618137023,2469865.820893261,147.93397047089024,12,0.9999999999999992,0.9999999999999992,150295.7941564788,11.108581841656122,True,2469.865820893261
Buena Vista,2006,14.033966380830817,14.033966380830805,2109246.1223722906,117.61088018145858,12,0.9999999999999992,0.9999999999999992,150295.7941564788,11.93254090027912,True,2109.2461223722908
Buena Vista,2007,34.72017919049946,34.72017919049944,5218296.904691363,340.71283211679105,12,0.9999999999999992,0.9999999999999992,150295.7941564788,10.190452462500128,True,5218.296904691363
Buena Vista,2008,33.008448579793324,31.8809295221116,4791569.620972493,353.04199515767124,12,0.9336420797593971,0.6264966814238903,150295.7941564788,9.349722988351996,True,4791.569620972493
Buena Vista,2009,20.02681066680768,18.794837271238364,2824784.993722557,227.7908285044221,12,0.9453647870168833,0.6264966814238903,150295.7941564788,8.791754610269088,True,2824.784993722557
Buena Vista,2010,42.99379294616369,42.99379294616366,6461786.254642883,523.0015234184478,12,0.9999999999999992,0.9999999999999992,150295.7941564788,8.220586560656118,True,6461.786254642883
Buena Vista,2011,21.36773910000988,21.367739100009867,3211481.3173644273,237.02610535597555,12,0.9999999999999992,0.9999999999999992,150295.7941564788,9.014930683655681,True,3211.4813173644275
Buena Vista,2012,5.003814072757772,5.003814072757767,752052.2098764932,62.195610545262184,12,0.9999999999999992,0.9999999999999992,150295.7941564788,8.04528491462641,True,752.0522098764932
Buena Vista,2013,35.90757993863448,35.90757993863445,5396758.243114312,163.85152290121948,12,0.9999999999999992,0.9999999999999992,150295.7941564788,21.914706255297936,True,5396.758243114312
Buena Vista,2014,33.23000398107893,33.230003981078895,4994329.838159205,215.13111762113186,12,0.9999999999999992,0.9999999999999992,150295.7941564788,15.446395829914481,True,4994.329838159206
Buena Vista,2015,71.96537600435968,71.96537600435963,10816093.338344833,394.0128054820726,12,0.9999999999999992,0.9999999999999992,150295.7941564788,18.264730232894443,True,10816.093338344834
Buena Vista,2016,49.359253946306445,49.35925394630641,7418488.270831432,381.992221882494,12,0.9999999999999992,0.9999999999999992,150295.7941564788,12.92153376921115,True,7418.488270831433
Buena Vista,2017,25.841670488236034,25.841670488236012,3883894.388359473,238.0179688880163,12,0.9999999999999992,0.9999999999999992,150295.7941564788,10.857025042674039,True,3883.894388359473
Buena Vista,2018,40.75468791582938,40.754687915829344,6125258.185909022,416.07645864327077,12,0.9999999999999992,0.9999999999999992,150295.7941564788,9.794999709601694,True,6125.258185909021
Buena Vista,2019,32.672807085049335,32.672807085049314,4910585.488168914,436.6043446559653,12,0.9999999999999992,0.9999999999999992,150295.7941564788,7.483390278856431,True,4910.585488168914
Buena Vista,2020,14.33637263001231,14.3363726300123,2154696.5097509054,186.65920891654775,12,0.9999999999999992,0.9999999999999992,150295.7941564788,7.680506476603502,True,2154.6965097509055
Butler,2000,12.73568918600861,8.335337279056011,1255352.9250937686,170.07650337148297,12,0.6544865501439205,0.6544865501439205,150606.13422903258,7.488212030201008,True,1255.3529250937686
Butler,2001,32.95082470109742,21.816116400735442,3285640.955005361,350.4988361610047,12,0.7408649126079401,0.6544865501439205,150606.13422903258,9.401122429394078,True,3285.640955005361
Butler,2002,9.853707881480323,9.853707881480307,1484028.8518518992,136.82034605385994,12,0.9999999999999986,0.9999999999999984,150606.13422903258,7.201931705099889,True,1484.0288518518992
Butler,2003,15.706462668486823,15.7064626684868,2365489.624913412,161.7903969331429,12,0.9999999999999986,0.9999999999999984,150606.13422903258,9.707907864876091,True,2365.489624913412
Butler,2004,22.608925664701495,22.608925664701456,3405042.8934322465,276.3864610205167,12,0.9999999999999986,0.9999999999999984,150606.13422903258,8.180185665108679,True,3405.0428934322467
Butler,2005,24.54883475742991,24.548834757429876,3697205.1026438237,246.39415223607637,12,0.9999999999999986,0.9999999999999984,150606.13422903258,9.963237574692544,True,3697.205102643824
Butler,2006,23.32726623632534,23.3272662363253,3513229.389984389,209.45216321432648,12,0.9999999999999986,0.9999999999999984,150606.13422903258,11.137276349089413,True,3513.229389984389
Butler,2007,41.036140616463435,41.03614061646336,6180294.501924539,415.56612188362175,12,0.9999999999999986,0.9999999999999984,150606.13422903258,9.87475601486964,True,6180.294501924539
Butler,2008,44.04128305752593,42.370815389642715,6381304.70996609,497.1354344725514,12,0.7677680433644376,0.21469500952921222,150606.13422903258,8.859011046809139,True,6381.30470996609
Butler,2009,26.20397071458429,22.299028883646425,3358370.5372275286,372.5389717495161,12,0.803673752382302,0.21469500952921222,150606.13422903258,7.033887110259982,True,3358.3705372275285
Butler,2010,29.207183345434498,29.20718334543445,4398780.975374467,437.50891881154973,12,0.9999999999999986,0.9999999999999984,150606.13422903258,6.675791530095651,True,4398.780975374467
Butler,2011,20.721024817593616,20.721024817593584,3120713.445041615,293.0185742086491,12,0.9999999999999986,0.9999999999999984,150606.13422903258,7.071573832326015,True,3120.713445041615
Butler,2012,3.4625763424618885,3.4518261247952093,519866.18868618866,72.0641979991511,12,0.9640942909821342,0.5691314917856272,150606.13422903258,4.804849618256594,True,519.8661886861887
Butler,2013,43.95824852399204,43.95824852399197,6620381.877677507,349.160978671797,12,0.9999999999999986,0.9999999999999984,150606.13422903258,12.589679606011114,True,6620.381877677507
Butler,2014,24.909008086911335,24.9090080869113,3751449.4154494214,319.7416599343834,12,0.9999999999999986,0.9999999999999984,150606.13422903258,7.790354279146203,True,3751.4494154494214
Butler,2015,26.242279379798788,26.242279379798745,3952248.2507497445,296.5128161109427,12,0.9999999999999986,0.9999999999999984,150606.13422903258,8.850301893858113,True,3952.2482507497443
Butler,2016,51.43705994659109,51.43705994659102,7746736.754663084,571.5135533181822,12,0.9999999999999986,0.9999999999999984,150606.13422903258,9.00014700402988,True,7746.736754663084
Butler,2017,27.082734026859523,27.082734026859484,4078825.8761383872,352.70125486256825,12,0.9999999999999986,0.9999999999999984,150606.13422903258,7.678661091640413,True,4078.8258761383872
Butler,2018,41.31520443715627,41.31520443715621,6222323.2251622705,657.7338220768196,12,0.9999999999999986,0.9999999999999984,150606.13422903258,6.2814474564652825,True,6222.32322516227
Butler,2019,26.33933736361487,26.339337363614835,3966865.7784883487,484.84068947057625,12,0.9999999999999986,0.9999999999999984,150606.13422903258,5.432575676017666,True,3966.8657784883485
Butler,2020,20.156922139993235,20.091063998199868,3025837.4813169725,341.0747460837366,12,0.971207212511992,0.6544865501439205,150606.13422903258,5.909825447775764,True,3025.8374813169726
Calhoun,2000,3.3508102624415947,3.3508102624415947,496369.2490420803,38.64215354674002,12,1.0,1.0,148134.0959844133,8.67138592156513,True,496.3692490420803
Calhoun,2001,19.13991041220401,19.13991041220401,2835273.3261344996,198.32373025287305,12,1.0,1.0,148134.0959844133,9.650842280850421,True,2835.2733261344997
Calhoun,2002,14.808161832423375,14.808161832423375,2193593.6662369305,113.75813427150096,12,1.0,1.0,148134.0959844133,13.017233384894887,True,2193.5936662369304
Calhoun,2003,22.775165280331628,22.775165280331628,3373778.5196975223,180.32654100055782,12,1.0,1.0,148134.0959844133,12.629957383955572,True,3373.7785196975224
Calhoun,2004,27.129542962709483,27.129542962709483,4018810.3212512704,205.6851750353432,12,1.0,1.0,148134.0959844133,13.189838770853452,True,4018.8103212512706
Calhoun,2005,19.348361166957467,19.348361166957467,2866151.990247172,159.82848461602876,12,1.0,1.0,148134.0959844133,12.105702693384027,True,2866.151990247172
Calhoun,2006,16.40247806236277,16.40247806236277,2429766.2596722804,118.4872651689297,12,1.0,1.0,148134.0959844133,13.843241329755923,True,2429.7662596722803
Calhoun,2007,41.754173957641555,41.754173957641555,6185216.812791163,382.97287343692864,12,1.0,1.0,148134.0959844133,10.902645292583104,True,6185.216812791163
Calhoun,2008,40.1359011628397,40.054257227601454,5933401.184737892,409.40122479356097,12,0.9956609907223001,0.9826439628892004,148134.0959844133,9.803561575341666,True,5933.4011847378915
Calhoun,2009,24.077562724972445,23.984203333474213,3552878.278710555,255.1274952727538,12,0.9956609907223001,0.9826439628892004,148134.0959844133,9.437462904275137,True,3552.8782787105547
Calhoun,2010,48.31410777443374,48.31410777443374,7156966.678459256,591.9924785314508,12,1.0,1.0,148134.0959844133,8.161270544228197,True,7156.966678459256
Calhoun,2011,21.28749313120301,21.28749313120301,3153403.550765165,222.8144673319513,12,1.0,1.0,148134.0959844133,9.553909755549526,True,3153.403550765165
Calhoun,2012,5.363685446884656,5.363685446884656,794544.6948190122,55.091549358435486,12,1.0,1.0,148134.0959844133,9.735949540985965,True,794.5446948190122
Calhoun,2013,50.06637492133569,50.06637492133569,7416537.188188765,190.26975211194934,12,1.0,1.0,148134.0959844133,26.313365296170694,True,7416.537188188765
Calhoun,2014,45.174972006526524,45.174972006526524,6691953.639307982,241.25882657033225,12,1.0,1.0,148134.0959844133,18.72469192059053,True,6691.9536393079825
Calhoun,2015,96.01780924224543,96.01780924224543,14223511.370503867,459.00076455415507,12,1.0,1.0,148134.0959844133,20.918877844465293,True,14223.511370503868
Calhoun,2016,52.547507194828945,52.547507194828945,7784077.474540439,370.6438053656956,12,1.0,1.0,148134.0959844133,14.177360159299836,True,7784.07747454044
Calhoun,2017,29.706051269479495,29.706051269479495,4400479.050070978,233.84046962525363,12,1.0,1.0,148134.0959844133,12.703554400607219,True,4400.479050070978
Calhoun,2018,49.218423764912124,49.218423764912124,7290926.710193021,429.6039745694816,12,1.0,1.0,148134.0959844133,11.456696557389934,True,7290.926710193021
Calhoun,2019,36.07028612209963,36.07028612209963,5343239.226596358,446.92525839973024,12,1.0,1.0,148134.0959844133,8.070764729488246,True,5343.239226596358
Calhoun,2020,14.54087354695084,14.54087354695084,2153999.157701232,179.75047040635332,12,1.0,1.0,148134.0959844133,8.089477326028122,True,2153.999157701232
Carroll,2000,1.873306191152538,1.8508282605749165,273213.83109521127,46.541829275983964,12,0.9899577926784539,0.9598311707138162,147617.0625416881,4.024994763407768,True,273.2138310952113
Carroll,2001,11.911398229131619,11.894017829673116,1755759.9738348098,174.3426764766702,12,0.9933051951189692,0.9598311707138162,147617.0625416881,6.832175844636383,True,1755.75997383481
Carroll,2002,8.528550470710655,8.528550470710652,1258959.5682248375,107.45302473167571,12,0.9999999999999997,0.9999999999999998,147617.0625416881,7.937003627406082,True,1258.9595682248375
Carroll,2003,13.60354946862816,13.599622019723519,2007536.2542288455,147.61516827080985,12,0.9966525975594845,0.9598311707138162,147617.0625416881,9.215549884190454,True,2007.5362542288456
Carroll,2004,18.909259722542856,18.909259722542853,2791329.3750796327,204.5378244085254,12,0.9999999999999997,0.9999999999999998,147617.0625416881,9.244871835917843,True,2791.329375079633
Carroll,2005,9.639419355073098,9.639419355073096,1422942.769803384,124.13186566670507,12,0.9999999999999997,0.9999999999999998,147617.0625416881,7.765467233816502,True,1422.9427698033842
Carroll,2006,7.477879369923374,7.477879369923373,1103862.5866291777,104.28283091736154,12,0.9999999999999997,0.9999999999999998,147617.0625416881,7.1707675215004345,True,1103.8625866291777
Carroll,2007,35.808411103989435,35.80841110398943,5285932.461456086,364.0503673996372,12,0.9999999999999997,0.9999999999999998,147617.0625416881,9.836114535404564,True,5285.932461456086
Carroll,2008,30.39653243182283,26.573539559038753,3922707.8510406455,391.33633220787743,12,0.7957623692933619,0.18031656964943593,147617.0625416881,7.767367844515961,True,3922.7078510406454
Carroll,2009,19.50360124216722,15.538044594465932,2293680.500676816,257.55150686392267,12,0.8052630667782935,0.18031656964943593,147617.0625416881,7.572699332903515,True,2293.680500676816
Carroll,2010,32.663627535028034,32.66362753502803,4821708.748676638,516.4179242007343,12,0.9999999999999997,0.9999999999999998,147617.0625416881,6.3250375334244815,True,4821.708748676638
Carroll,2011,12.876650546728422,12.876650546728422,1900813.3290838718,199.78628339018067,12,0.9999999999999997,0.9999999999999998,147617.0625416881,6.4452125182089945,True,1900.8133290838718
Carroll,2012,2.9400544519083955,2.9164423027088553,430516.64579819795,62.98373921399319,12,0.9933051951189692,0.9598311707138162,147617.0625416881,4.667957934220583,True,430.51664579819794
Carroll,2013,26.270595275224544,26.27059527522454,3877988.105750197,200.64734821137674,12,0.9999999999999997,0.9999999999999998,147617.0625416881,13.092919248326751,True,3877.988105750197
Carroll,2014,22.463920961819746,22.463920961819742,3316058.0255524833,278.6376502911076,12,0.9999999999999997,0.9999999999999998,147617.0625416881,8.062055123688593,True,3316.0580255524833
Carroll,2015,59.185517894401876,59.185517894401855,8736792.296580119,497.31999630785265,12,0.9999999999999997,0.9999999999999998,147617.0625416881,11.900892450293647,True,8736.792296580119
Carroll,2016,37.12309083228193,37.123090832281925,5480001.621129729,393.0196971655344,12,0.9999999999999997,0.9999999999999998,147617.0625416881,9.445605678294084,True,5480.001621129729
Carroll,2017,20.53317990239346,20.53317990239346,3031047.701831348,252.78218278970252,12,0.9999999999999997,0.9999999999999998,147617.0625416881,8.122874672490529,True,3031.0477018313477
Carroll,2018,28.490286216471134,28.490286216471134,4205652.362247413,367.0499802951721,12,0.9999999999999997,0.9999999999999998,147617.0625416881,7.761963695941349,True,4205.652362247413
Carroll,2019,27.813413707359143,27.81341370735914,4105734.4307370787,405.5483336423267,12,0.9999999999999997,0.9999999999999998,147617.0625416881,6.858224137567084,True,4105.734430737079
Carroll,2020,8.942759349989345,8.942759349989343,1320103.8662626424,145.22860361554245,12,0.9999999999999997,0.9999999999999998,147617.0625416881,6.157712136145806,True,1320.1038662626424
Cass,2000,1.193607718652105,0.8094119873882347,118451.00581084807,45.1447749470527,11,0.8885879345445736,0.4168192943926716,146342.04540639333,2.643955408022319,False,118.45100581084807
Cass,2001,9.805523680040341,9.741056383421599,1425526.1155689212,185.02093331958233,10,0.9934254101338851,0.9934254101338851,146342.04540639333,5.299683394799166,False,1425.526115568921
Cass,2002,1.1371923615793333,1.1047854073468661,161676.5562462758,50.74036149546939,12,0.9239555277351065,0.5766061157412136,146342.04540639333,2.2411987775863076,True,161.67655624627582
Cass,2003,4.351959321192166,4.267683600269896,624541.5472108173,82.97631174315745,12,0.8759050180900054,0.4168192943926716,146342.04540639333,5.244821358971822,True,624.5415472108174
Cass,2004,13.483797634272566,13.395147194989534,1960273.2390344804,178.32039461905495,12,0.993425410133885,0.9934254101338851,146342.04540639333,7.561556636905129,True,1960.2732390344804
Cass,2005,7.343967168673256,7.295683596549017,1067665.2601568552,125.73849390503852,12,0.993425410133885,0.9934254101338851,146342.04540639333,5.840667356982691,True,1067.6652601568553
Cass,2006,3.489004756767431,3.466065981450761,507231.1852390225,81.27977441661442,12,0.993425410133885,0.9934254101338851,146342.04540639333,4.2925866635454675,True,507.23118523902247
Cass,2007,33.82480206211183,33.45761220946718,4896255.405147346,464.8223884143016,12,0.9586904689344958,0.5766061157412136,146342.04540639333,7.276930480371654,True,4896.255405147345
Cass,2008,19.198293008458513,18.93308331024475,2770706.1374708647,394.77857857393167,9,0.947112155201366,0.5766061157412136,146342.04540639333,4.863053379899431,False,2770.7061374708646
Cass,2009,10.57762712020116,10.508083560129144,1537774.4414905948,211.7839623024984,9,0.993425410133885,0.9934254101338851,146342.04540639333,4.9945364158843955,False,1537.7744414905947
Cass,2010,27.708010459001994,27.525841654228028,4028187.9692122308,557.697544431227,12,0.993425410133885,0.9934254101338851,146342.04540639333,4.9682862576094475,True,4028.1879692122307
Cass,2011,10.809794308104731,10.73872434399188,1571526.8855552012,226.36639872086826,12,0.993425410133885,0.9934254101338851,146342.04540639333,4.775352865614237,True,1571.5268855552013
Cass,2012,5.859136453461681,5.48513089486684,802705.2744766142,132.06778494866813,12,0.8973243908436829,0.4168192943926716,146342.04540639333,4.436461515379394,True,802.7052744766142
Cass,2013,18.634510992481484,18.51199672535031,2709083.4653442195,186.51599807058358,12,0.993425410133885,0.9934254101338851,146342.04540639333,9.990837882672988,True,2709.0834653442193
Cass,2014,20.92745669816618,20.789867253434853,3042431.697595053,400.86308013418335,12,0.993425410133885,0.9934254101338851,146342.04540639333,5.220599684850249,True,3042.431697595053
Cass,2015,29.026255172872503,28.835419449761673,4219834.26242942,483.44275891461683,12,0.993425410133885,0.9934254101338851,146342.04540639333,6.004072796134065,True,4219.83426242942
Cass,2016,23.637049134244187,23.48164523054133,3436351.9925446985,408.8877243691483,12,0.993425410133885,0.9934254101338851,146342.04540639333,5.780816523829999,True,3436.3519925446985
Cass,2017,12.766279489396494,12.606009847561007,1844789.265505214,283.2210603138689,12,0.9586904689344958,0.5766061157412136,146342.04540639333,4.507531846413099,True,1844.789265505214
Cass,2018,16.288888468204107,15.794600176558275,2311414.09621372,345.324654804988,12,0.9586904689344958,0.5766061157412136,146342.04540639333,4.716978136821068,True,2311.41409621372
Cass,2019,14.468556391103657,14.373431566877397,2103437.375005659,431.7687361511901,12,0.993425410133885,0.9934254101338851,146342.04540639333,3.350996767407745,True,2103.4373750056593
Cass,2020,4.435805539610631,4.40664193746185,644876.9945017591,140.08467227124692,12,0.993425410133885,0.9934254101338851,146342.04540639333,3.1665174124272144,True,644.8769945017591
Cedar,2000,12.01212214177813,12.012122141778127,1809808.4514543156,187.9294320623989,12,0.9999999999999997,0.9999999999999997,150665.17223961675,6.391825915692493,True,1809.8084514543157
Cedar,2001,31.606243760155053,31.60624376015504,4761960.159971071,344.76966094261235,12,0.9999999999999997,0.9999999999999997,150665.17223961675,9.167350651951937,True,4761.960159971071
Cedar,2002,11.844370444625985,11.844370444625978,1784534.1131093989,218.73776480005947,12,0.9999999999999997,0.9999999999999997,150665.17223961675,5.414872212602387,True,1784.534113109399
Cedar,2003,6.12884373219945,6.119316954729943,921967.942973194,139.66805922418567,12,0.9792965192317422,0.7515582307809094,150665.17223961675,4.388149850612478,True,921.967942973194
Cedar,2004,21.522079492376466,21.52207949237646,3242627.8136736224,281.50933283581924,12,0.9999999999999997,0.9999999999999997,150665.17223961675,7.645245461516719,True,3242.6278136736223
Cedar,2005,10.50748170586371,10.507481705863707,1583111.541018577,150.06843026362793,12,0.9999999999999997,0.9999999999999997,150665.17223961675,7.001793573375178,True,1583.111541018577
Cedar,2006,11.723231354927494,11.72323135492749,1766282.6712950256,149.41814924396036,12,0.9999999999999997,0.9999999999999997,150665.17223961675,7.8459219407051775,True,1766.2826712950257
Cedar,2007,28.838107152802625,28.838107152802614,4344898.381241529,362.4466344786171,12,0.9999999999999997,0.9999999999999997,150665.17223961675,7.95651122386238,True,4344.898381241529
Cedar,2008,34.61210031488987,34.18736303600194,5150844.940237538,555.4862315176073,11,0.8633530489489253,0.2484417692190902,150665.17223961675,6.230955575681586,False,5150.844940237538
Cedar,2009,22.57780946861734,20.971299785082557,3159644.4942081007,390.7112855019485,11,0.8633530489489253,0.2484417692190902,150665.17223961675,5.77864277444956,False,3159.6444942081007
Cedar,2010,28.53559787799137,28.53559787799136,4299320.76924801,469.73788518294066,12,0.9999999999999997,0.9999999999999997,150665.17223961675,6.074791661072453,True,4299.32076924801
Cedar,2011,21.186325598350045,21.186325598350038,3192041.39540001,301.9634451840731,12,0.9999999999999997,0.9999999999999997,150665.17223961675,7.016188858699478,True,3192.04139540001
Cedar,2012,5.386812097223305,5.386812097223303,811604.9724505998,103.47971007014525,12,0.9999999999999997,0.9999999999999997,150665.17223961675,5.205669878251277,True,811.6049724505998
Cedar,2013,29.80902670675447,29.80902670675446,4491182.143068496,394.16291162366787,12,0.9999999999999997,0.9999999999999997,150665.17223961675,7.56261581891678,True,4491.182143068496
Cedar,2014,22.057589654123255,22.057589654123245,3323310.5444292673,363.1983011541287,12,0.9999999999999997,0.9999999999999997,150665.17223961675,6.073153311574213,True,3323.3105444292673
Cedar,2015,27.25519938750045,27.10953726872372,4084463.101928569,319.0403643950376,12,0.9792965192317422,0.7515582307809094,150665.17223961675,8.542868686594435,True,4084.463101928569
Cedar,2016,33.13972541166074,33.13972541166073,4993002.437121469,447.65911534047467,12,0.9999999999999997,0.9999999999999997,150665.17223961675,7.402893021949473,True,4993.002437121469
Cedar,2017,24.04713637544266,24.04713637544265,3623065.9438756197,335.5882584701221,12,0.9999999999999997,0.9999999999999997,150665.17223961675,7.165666786158911,True,3623.0659438756197
Cedar,2018,30.46793044367096,30.467930443670948,4590455.988080346,585.3730127661692,12,0.9999999999999997,0.9999999999999997,150665.17223961675,5.204874461105633,True,4590.455988080346
Cedar,2019,27.406223576403548,27.406223576403537,4129163.3955762843,525.7995542946884,12,0.9999999999999997,0.9999999999999997,150665.17223961675,5.2122949425406935,True,4129.1633955762845
Cedar,2020,20.444700404059134,20.406846187520863,3074600.9957101974,357.5367270934511,12,0.9792965192317422,0.7515582307809094,150665.17223961675,5.718209866231562,True,3074.6009957101974
Cerro Gordo,2000,11.812323916463802,9.639670128940283,1434255.871462857,162.79123905578223,12,0.8160688952581706,0.8160688952581706,148786.82073953174,7.256117703248255,True,1434.255871462857
Cerro Gordo,2001,26.81704126356911,21.980724247530286,3270442.078342367,354.75182214442526,12,0.8620516714436278,0.8160688952581706,148786.82073953174,7.559380837415812,True,3270.442078342367
Cerro Gordo,2002,11.135964239744878,11.135964239744874,1656884.7151007564,153.8317352039354,12,0.9999999999999996,0.9999999999999996,148786.82073953174,7.23905520859001,True,1656.8847151007565
Cerro Gordo,2003,14.496844121948843,14.496844121948838,2156939.3476613364,160.156287130263,12,0.9999999999999996,0.9999999999999996,148786.82073953174,9.051685938596869,True,2156.9393476613363
Cerro Gordo,2004,21.839969084575117,21.83996908457511,3249499.5651435917,307.3514642761547,12,0.9999999999999996,0.9999999999999996,148786.82073953174,7.105861407236358,True,3249.4995651435916
Cerro Gordo,2005,23.47182889431029,23.47182889431028,3492298.7981267055,265.4940820457779,12,0.9999999999999996,0.9999999999999996,148786.82073953174,8.840810579824206,True,3492.2987981267056
Cerro Gordo,2006,22.352193896078163,22.352193896078155,3325711.866351036,211.28767431313267,12,0.9999999999999996,0.9999999999999996,148786.82073953174,10.57903352324838,True,3325.711866351036
Cerro Gordo,2007,32.26842221635075,32.268422216350736,4801115.9518516995,378.9037980860021,12,0.9999999999999996,0.9999999999999996,148786.82073953174,8.516257260906789,True,4801.1159518517
Cerro Gordo,2008,34.241858457538086,31.404129012518506,4672520.513866719,423.89362202151386,12,0.7256936727014621,0.023371277684363406,148786.82073953174,8.077936698891925,True,4672.520513866719
Cerro Gordo,2009,22.614083849186486,18.855972711621703,2805520.23171356,341.1843096414249,12,0.7558428194210904,0.023371277684363406,148786.82073953174,6.628113664709041,True,2805.52023171356
Cerro Gordo,2010,25.625576147827076,25.625576147827065,3812748.004653966,413.8750125807155,12,0.9999999999999996,0.9999999999999996,148786.82073953174,6.191621955633158,True,3812.748004653966
Cerro Gordo,2011,19.625274267587987,19.62527426758798,2919982.1644157576,291.46453057236033,12,0.9999999999999996,0.9999999999999996,148786.82073953174,6.733331918312347,True,2919.982164415758
Cerro Gordo,2012,2.4024498189738845,2.3906582685641005,355698.44325432606,59.72524925734847,12,0.9679032468066743,0.6382102393644588,148786.82073953174,4.022502792113993,True,355.69844325432604
Cerro Gordo,2013,40.39872677538181,40.39872677538179,6010798.118834052,361.83741050412743,12,0.9999999999999996,0.9999999999999996,148786.82073953174,11.16488389608376,True,6010.798118834052
Cerro Gordo,2014,28.68534191127124,27.64544255864907,4113277.5062387404,301.0607756091541,12,0.892273035765433,0.5690921430617331,148786.82073953174,9.528090085209701,True,4113.27750623874
Cerro Gordo,2015,26.654945858976244,15.72405996190529,2339532.890849651,294.0414819888208,12,0.6050011311399219,0.5690921430617331,148786.82073953174,9.0650290832059,True,2339.532890849651
Cerro Gordo,2016,54.6953138213187,32.71942978989323,4868219.934848538,584.3847241010674,12,0.6050011311399219,0.5690921430617331,148786.82073953174,9.359470151355175,True,4868.219934848537
Cerro Gordo,2017,27.92847081966424,16.045175656857396,2387310.67419114,355.6993673323902,12,0.6409101192181108,0.5690921430617331,148786.82073953174,7.851706633362082,True,2387.31067419114
Cerro Gordo,2018,42.51880498054413,24.913405235074748,3706786.358722378,675.2637599934468,12,0.6050011311399219,0.5690921430617331,148786.82073953174,6.296621779459446,True,3706.786358722378
Cerro Gordo,2019,25.72810097978073,15.257484375091106,2270112.592652887,478.6727159789266,12,0.6050011311399219,0.5690921430617331,148786.82073953174,5.37488353125884,True,2270.112592652887
Cerro Gordo,2020,19.039228934386944,11.437869823953681,1701804.287138696,331.0128111162369,12,0.6255825271562917,0.38516103831990417,148786.82073953174,5.751810291022609,True,1701.804287138696
Cherokee,2000,1.4288088177517624,1.1918297872110823,178161.91422177773,32.97154417280079,12,0.8341422396079782,0.8341422396079781,149486.03914211775,4.333460423520077,True,178.16191422177772
Cherokee,2001,10.8900713371094,9.083868494627083,1357911.521349674,178.030489153482,12,0.8341422396079782,0.8341422396079781,149486.03914211775,6.116969845384715,True,1357.911521349674
Cherokee,2002,4.011322598991708,3.3460136165130385,500182.32244812703,69.45164703023516,12,0.8341422396079782,0.8341422396079781,149486.03914211775,5.7757055023409505,True,500.182322448127
Cherokee,2003,9.140597570469508,8.152922102202929,1218748.0324925438,105.44161274460023,12,0.8479637196406467,0.8341422396079781,149486.03914211775,8.668871171962993,True,1218.7480324925439
Cherokee,2004,11.786469166489885,10.20164881157428,1525004.0735611317,163.9455029097431,12,0.8479637196406467,0.8341422396079781,149486.03914211775,7.189260429411527,True,1525.0040735611317
Cherokee,2005,12.111732288818205,10.143890984834183,1516370.084812298,137.84034464973047,12,0.8479637196406467,0.8341422396079781,149486.03914211775,8.786783230697536,True,1516.370084812298
Cherokee,2006,11.586086156279963,9.715492641793263,1452330.513336065,136.8197862794251,12,0.8479637196406467,0.8341422396079781,149486.03914211775,8.46813642335171,True,1452.330513336065
Cherokee,2007,18.957357985151415,15.81313304678439,2363842.625591127,259.1134688628348,12,0.8341422396079782,0.8341422396079781,149486.03914211775,7.316237966458913,True,2363.842625591127
Cherokee,2008,15.948406766468098,13.097118246871293,1957836.3309007469,206.68210775010456,11,0.780471686333539,0.6373502109350352,149486.03914211775,7.716394486237298,False,1957.8363309007468
Cherokee,2009,8.733287908696902,7.111411574583335,1063056.7489938734,136.00771529187153,11,0.7983618707583521,0.6373502109350352,149486.03914211775,6.421170953394321,False,1063.0567489938733
Cherokee,2010,32.40281290350382,27.028554924926972,4040391.619462512,401.4465812079649,12,0.8341422396079782,0.8341422396079781,149486.03914211775,8.071512978389995,True,4040.391619462512
Cherokee,2011,22.53653126357721,18.79867266119551,2810139.117251331,282.03415058617384,12,0.8341422396079782,0.8341422396079781,149486.03914211775,7.990710067109871,True,2810.139117251331
Cherokee,2012,4.743512566242924,3.9630466758069485,592420.1505017172,81.07969652065606,12,0.8479637196406467,0.8341422396079781,149486.03914211775,5.850432068445712,True,592.4201505017172
Cherokee,2013,10.468561978247823,8.732269734010565,1305352.4152578334,114.38383281359765,12,0.8341422396079782,0.8341422396079781,149486.03914211775,9.152134283966177,True,1305.3524152578334
Cherokee,2014,9.407896986013585,8.038987178758592,1201716.3520668896,148.80445742438602,12,0.8479637196406467,0.8341422396079781,149486.03914211775,6.3223220250604015,True,1201.7163520668896
Cherokee,2015,21.881138262755815,18.251981675666958,2728416.4471899667,218.72567230855626,12,0.8341422396079782,0.8341422396079781,149486.03914211775,10.003918621810476,True,2728.4164471899667
Cherokee,2016,42.27741300594106,35.265375969607135,5271681.372554191,389.0706893598556,12,0.8341422396079782,0.8341422396079781,149486.03914211775,10.866254940843984,True,5271.6813725541915
Cherokee,2017,17.300235994866163,14.43085759850422,2157211.743824329,236.17944950160708,12,0.8341422396079782,0.8341422396079781,149486.03914211775,7.325038665037808,True,2157.211743824329
Cherokee,2018,26.826263702956265,22.376919685498148,3345037.091986401,435.49587580054606,12,0.8341422396079782,0.8341422396079781,149486.03914211775,6.1599351896600965,True,3345.037091986401
Cherokee,2019,25.288448827646416,21.094163341304725,3153282.926908503,430.8769510264313,12,0.8341422396079782,0.8341422396079781,149486.03914211775,5.869065116480353,True,3153.2829269085028
Cherokee,2020,13.525269812784272,11.308071389697025,1690398.802382111,205.33452214495145,12,0.8479637196406467,0.8341422396079781,149486.03914211775,6.586943915469023,True,1690.3988023821112
Chickasaw,2000,17.686943553397835,17.686943553397825,2315799.0309533454,227.48456188826165,12,0.9999999999999996,0.9999999999999996,130932.68624744713,7.775008293567412,True,2315.799030953345
Chickasaw,2001,30.405779061553243,30.405779061553236,3981110.329975547,299.2626283215175,12,0.9999999999999996,0.9999999999999996,130932.68624744713,10.160232579687937,True,3981.110329975547
Chickasaw,2002,8.741405757750735,8.741405757750728,1144535.737441204,132.29287243451208,12,0.9999999999999996,0.9999999999999996,130932.68624744713,6.607616568366468,True,1144.535737441204
Chickasaw,2003,8.861505732760438,8.861505732760435,1160260.7497874761,135.69755284391053,12,0.9999999999999996,0.9999999999999996,130932.68624744713,6.530335696586662,True,1160.2607497874762
Chickasaw,2004,27.57207965743145,27.57207965743144,3610086.4549760898,339.50658299779195,12,0.9999999999999996,0.9999999999999996,130932.68624744713,8.121220924193617,True,3610.08645497609
Chickasaw,2005,13.417799808050225,13.417799808050216,1756828.5723984952,205.00101326116317,12,0.9999999999999996,0.9999999999999996,130932.68624744713,6.545235847666996,True,1756.8285723984952
Chickasaw,2006,20.967013234439847,20.967013234439836,2745267.365370983,214.53589974514472,12,0.9999999999999996,0.9999999999999996,130932.68624744713,9.77319565599387,True,2745.2673653709826
Chickasaw,2007,37.44297406234032,37.442974062340305,4902509.175075704,439.3863901629478,12,0.9999999999999996,0.9999999999999996,130932.68624744713,8.52165085232942,True,4902.509175075705
Chickasaw,2008,43.912830796968144,43.75835587251469,5729399.080160101,523.6407051642168,12,0.9397607586146625,0.5975917526147101,130932.68624744713,8.386061351589698,True,5729.399080160101
Chickasaw,2009,19.250811610254235,18.054366018968384,2363906.6413581586,260.6091215580511,11,0.8622139859574383,0.24217692276591232,130932.68624744713,7.386852576442183,False,2363.9066413581586
Chickasaw,2010,42.672394256681635,42.672394256681606,5587211.208637458,453.7031351735409,12,0.9999999999999996,0.9999999999999996,130932.68624744713,9.405355825976274,True,5587.211208637458
Chickasaw,2011,25.883919442899163,25.883919442899153,3389051.103271312,333.59038343614264,12,0.9999999999999996,0.9999999999999996,130932.68624744713,7.7591923293118485,True,3389.051103271312
Chickasaw,2012,7.599288723311214,7.599288723311211,994995.2861130696,118.11785154764044,12,0.9999999999999996,0.9999999999999996,130932.68624744713,6.433649633600214,True,994.9952861130696
Chickasaw,2013,48.749165649856025,48.749165649856,6382859.210857423,436.647905739058,12,0.9999999999999996,0.9999999999999996,130932.68624744713,11.164410732107957,True,6382.859210857423
Chickasaw,2014,25.775312826103203,25.77531282610319,3374830.9471899685,342.87334533187925,12,0.9999999999999996,0.9999999999999996,130932.68624744713,7.517444320775173,True,3374.8309471899684
Chickasaw,2015,25.265428610157834,25.26542861015782,3308070.4371210677,266.73771839783035,12,0.9999999999999996,0.9999999999999996,130932.68624744713,9.472011968129417,True,3308.0704371210677
Chickasaw,2016,52.92026101378599,52.92026101378597,6928991.931451047,611.5025873956201,12,0.9999999999999996,0.9999999999999996,130932.68624744713,8.654135257084118,True,6928.991931451047
Chickasaw,2017,37.83735576949833,37.837355769498316,4954146.631400757,459.0946464800706,12,0.9999999999999996,0.9999999999999996,130932.68624744713,8.24173317192904,True,4954.146631400757
Chickasaw,2018,41.09095173946643,41.09095173946642,5380148.691712549,722.0532785857979,12,0.9999999999999996,0.9999999999999996,130932.68624744713,5.690847608911426,True,5380.148691712549
Chickasaw,2019,32.54262481326497,32.54262481326496,4260893.284343609,605.6633494950255,12,0.9999999999999996,0.9999999999999996,130932.68624744713,5.37305498845151,True,4260.893284343609
Chickasaw,2020,24.054128281911975,24.054128281911964,3149471.631291424,382.46075777506616,12,0.9999999999999996,0.9999999999999996,130932.68624744713,6.289306234146708,True,3149.471631291424
Clarke,2000,1.0962679029618365,0.9704879274160261,108428.27031727163,58.25484367492241,12,0.8546608918175119,0.750847243115734,111725.52203299168,1.8818485018675946,True,108.42827031727163
Clarke,2001,10.323695116083762,10.222287423550995,1142090.3987675207,226.9078586646589,12,0.9169490810385788,0.750847243115734,111725.52203299168,4.549730087286609,True,1142.0903987675206
Clarke,2002,2.5943642237438493,2.1987581333989543,245657.4002782845,76.59911783799846,12,0.8754236215578676,0.750847243115734,111725.52203299168,3.386937469998989,True,245.6574002782845
Clarke,2003,6.093967639552569,5.9005543859096985,659242.5190498198,108.84032059478088,12,0.882119811725074,0.6945810848231373,111725.52203299168,5.598998244631032,True,659.2425190498197
Clarke,2004,7.923215915123014,7.869664337164631,879242.3562941358,217.58618805307316,12,0.9377118107789344,0.750847243115734,111725.52203299168,3.641414919769815,True,879.2423562941358
Clarke,2005,6.679781301478124,6.344928950087821,708890.4992108037,164.15728332631906,12,0.8754236215578676,0.750847243115734,111725.52203299168,4.06913489680489,True,708.8904992108037
Clarke,2006,3.0401271944387283,2.7517230251668328,307437.6914769675,83.80640879025502,12,0.8338981620771563,0.750847243115734,111725.52203299168,3.62755932192173,True,307.4376914769675
Clarke,2007,14.100864410533049,13.995689067355642,1563675.6672617432,361.44419381951695,12,0.9792372702596456,0.750847243115734,111725.52203299168,3.9012563077923326,True,1563.6756672617432
Clarke,2008,12.868776997359035,12.86877699735905,1437770.8279560949,521.2375896291925,9,1.000000000000001,1.000000000000001,111725.52203299168,2.4688889008396075,False,1437.7708279560948
Clarke,2009,7.831895362681309,7.77155048575929,868280.5350272068,279.2175447163046,9,0.9723163603461936,0.750847243115734,111725.52203299168,2.8049438550284536,False,868.2805350272067
Clarke,2010,18.265495396279274,18.2654953962793,2040722.0083405105,635.2915976043026,12,1.000000000000001,1.000000000000001,111725.52203299168,2.8751356802386216,True,2040.7220083405105
Clarke,2011,10.682153474716129,10.677096379236895,1192904.1667668072,311.00343439083326,12,0.9792372702596456,0.750847243115734,111725.52203299168,3.434738106876347,True,1192.9041667668073
Clarke,2012,2.203174796990209,2.1814226913253205,243720.5889629351,88.28525501493945,12,0.9169490810385788,0.750847243115734,111725.52203299168,2.4955184154108094,True,243.7205889629351
Clarke,2013,8.507559235518405,8.465405919710605,945801.8956008455,205.61059394545777,12,0.8914975047738402,0.750847243115734,111725.52203299168,4.137704712713004,True,945.8018956008455
Clarke,2014,8.230025879058553,8.18579529325933,914562.2523946047,339.41531815964953,12,0.9792372702596456,0.750847243115734,111725.52203299168,2.424765600940682,True,914.5622523946047
Clarke,2015,9.167924428690647,9.16792442869066,1024291.1427544809,419.47208646196987,12,1.000000000000001,1.000000000000001,111725.52203299168,2.1855862939575665,True,1024.291142754481
Clarke,2016,5.205411611645806,5.205411611645813,581577.329707725,249.29832052911198,12,1.000000000000001,1.000000000000001,111725.52203299168,2.0880251421661464,True,581.577329707725
Clarke,2017,4.660117191650433,4.5255202294084,505616.11010151776,181.95580113898546,12,0.8450007843968348,0.05626615829259669,111725.52203299168,2.5611259231525354,True,505.61611010151773
Clarke,2018,7.516388314458111,7.302593442490554,815886.0645569591,349.77091505281,12,0.914267578157019,0.6945810848231373,111725.52203299168,2.148946064690157,True,815.8860645569591
Clarke,2019,6.61937757398024,6.5638002348871956,733344.0077630454,412.30995403404773,12,0.9584745405192899,0.750847243115734,111725.52203299168,1.6054372467160045,True,733.3440077630454
Clarke,2020,1.9293403593007932,1.90580223940996,212926.75008972242,167.50948038981412,12,0.8383045942296284,0.05626615829259669,111725.52203299168,1.1517798006482933,True,212.92675008972242
Clay,2000,1.4236060311109273,1.4233942268283641,211081.38866833565,34.01073461559605,12,0.9992483768651083,0.9954902611906532,148294.39707555334,4.18575501882313,True,211.08138866833565
Clay,2001,12.292773512955103,12.292773512955094,1822949.436490007,198.2394911552604,12,0.9999999999999992,0.9999999999999992,148294.39707555334,6.200971078627038,True,1822.949436490007
Clay,2002,3.3387718404776368,3.3387718404776345,495121.1570564664,62.70414453012223,12,0.9999999999999992,0.9999999999999992,148294.39707555334,5.324642996881546,True,495.12115705646636
Clay,2003,6.914282298784604,6.9142822987846,1025349.3247084331,92.19690929931348,12,0.9999999999999992,0.9999999999999992,148294.39707555334,7.499472977274836,True,1025.3493247084332
Clay,2004,9.586272137742725,9.586272137742716,1421590.4468687319,163.01274238252614,12,0.9999999999999992,0.9999999999999992,148294.39707555334,5.880688833053034,True,1421.5904468687318
Clay,2005,12.46305075686508,12.463050756865067,1848200.597711324,147.05264650916914,12,0.9999999999999992,0.9999999999999992,148294.39707555334,8.475230506026952,True,1848.200597711324
Clay,2006,12.71536429128831,12.714136963880783,1885435.2753947072,153.7529367342298,12,0.9996241884325537,0.9954902611906532,148294.39707555334,8.269997673779397,True,1885.4352753947073
Clay,2007,16.002494305330796,16.002494305330778,2373080.244714004,258.4954671173016,12,0.9999999999999992,0.9999999999999992,148294.39707555334,6.190628595459699,True,2373.080244714004
Clay,2008,16.657589092008873,14.561054945168168,2159322.8638777183,216.87025273523594,12,0.9095993391257394,0.002981313913975488,148294.39707555334,7.680900852891585,True,2159.322863877718
Clay,2009,10.059962263300822,7.664572939845462,1136613.2229559843,159.06826306623827,12,0.9095993391257394,0.002981313913975488,148294.39707555334,6.324305093538182,True,1136.6132229559844
Clay,2010,29.417567029485564,29.41756702948554,4362460.3660672335,401.13784543513776,12,0.9999999999999992,0.9999999999999992,148294.39707555334,7.333530696305806,True,4362.460366067234
Clay,2011,22.671997254452837,22.67199725445282,3362130.163347682,300.1156875487451,12,0.9999999999999992,0.9999999999999992,148294.39707555334,7.554419244002507,True,3362.130163347682
Clay,2012,4.959491894035748,4.958975518798995,735388.2846727261,85.72377134900277,12,0.9992483768651083,0.9954902611906532,148294.39707555334,5.785433627090932,True,735.3882846727261
Clay,2013,10.042109924338444,10.042109924338439,1489188.6365961994,109.3389749772492,12,0.9999999999999992,0.9999999999999992,148294.39707555334,9.184382720276977,True,1489.1886365961993
Clay,2014,7.744173417315258,7.7441734173152525,1148417.527769293,136.11273565979644,12,0.9999999999999992,0.9999999999999992,148294.39707555334,5.689528889251949,True,1148.417527769293
Clay,2015,16.037773072830475,16.034317650089466,2377799.468437921,179.24285078248403,12,0.9996241884325537,0.9954902611906532,148294.39707555334,8.947510599623714,True,2377.799468437921
Clay,2016,40.03765842823769,40.03765842823766,5937360.416932451,378.9106488099837,12,0.9999999999999992,0.9999999999999992,148294.39707555334,10.56651708100075,True,5937.360416932451
Clay,2017,15.803596407262695,15.803596407262683,2343584.8008404006,234.89737271404408,12,0.9999999999999992,0.9999999999999992,148294.39707555334,6.727872783192619,True,2343.5848008404005
Clay,2018,27.12020816228315,27.12020816228313,4021774.9179892763,477.0641187637109,12,0.9999999999999992,0.9999999999999992,148294.39707555334,5.684814073329155,True,4021.774917989276
Clay,2019,23.060910571927657,23.059442046731842,3419586.0552187627,441.7183992956106,12,0.9996241884325537,0.9954902611906532,148294.39707555334,5.220726736468733,True,3419.586055218763
Clay,2020,12.525802695564147,12.525802695564137,1857506.3586260246,210.77073985824128,12,0.9999999999999992,0.9999999999999992,148294.39707555334,5.942856538810209,True,1857.5063586260246
Clayton,2000,12.502541550321109,12.499297627557903,2572452.4740042603,181.48705650134957,12,0.9997405389336119,0.9997405389336119,205807.7622163849,6.888943923242338,True,2572.4524740042602
Clayton,2001,19.008155088606557,18.678535832260575,3844187.6611161097,253.4859598246278,12,0.9563415139428054,0.8261444389703858,205807.7622163849,7.498701348886224,True,3844.1876611161097
Clayton,2002,9.035685073043329,7.464780975382472,1536309.8679789095,160.42627931683128,12,0.8261444389703859,0.8261444389703858,205807.7622163849,5.632297346495489,True,1536.3098679789096
Clayton,2003,6.544244172955655,5.406490930751667,1112697.7999011804,124.1381236155257,12,0.8261444389703859,0.8261444389703858,205807.7622163849,5.271744072130618,True,1112.6977999011804
Clayton,2004,23.077730569594465,19.06553877412734,3923835.8705528663,354.26303761196175,12,0.8261444389703859,0.8261444389703858,205807.7622163849,6.514292522629022,True,3923.8358705528663
Clayton,2005,9.122399933850076,7.5364199754140575,1551053.7302628295,180.29483223899544,12,0.8261444389703859,0.8261444389703858,205807.7622163849,5.059712372541879,True,1551.0537302628295
Clayton,2006,16.061907935906543,13.2694559205035,2730957.0288277855,195.10910631854793,12,0.8261444389703859,0.8261444389703858,205807.7622163849,8.232269748436456,True,2730.9570288277855
Clayton,2007,33.97309475560129,28.066683306953983,5776341.284240164,421.4699992696659,12,0.8261444389703859,0.8261444389703858,205807.7622163849,8.060619928932248,True,5776.341284240164
Clayton,2008,35.398626019168965,28.516421670140943,5868900.930350534,529.8878989894916,12,0.7465166867060787,0.036390217202243516,205807.7622163849,6.680399021505295,True,5868.900930350534
Clayton,2009,15.984756209064338,11.430118260442557,2352407.0610503205,279.61458651053465,12,0.7465166867060787,0.036390217202243516,205807.7622163849,5.716710422209001,True,2352.4070610503204
Clayton,2010,23.506143746463948,19.419469937779702,3996677.6513227997,394.10583939976624,12,0.8261444389703859,0.8261444389703858,205807.7622163849,5.964424120755083,True,3996.6776513227996
Clayton,2011,21.97066053895742,18.15093902476577,3735604.1428130944,327.9787324623532,12,0.8261444389703859,0.8261444389703858,205807.7622163849,6.698806466507492,True,3735.6041428130943
Clayton,2012,8.930609377560613,7.377973273888478,1518444.1691912827,142.06319209853243,12,0.8261444389703859,0.8261444389703858,205807.7622163849,6.2863640086071735,True,1518.4441691912828
Clayton,2013,34.64531328338127,28.62203290545228,5890636.542354866,416.9225274756785,12,0.8261444389703859,0.8261444389703858,205807.7622163849,8.309772439773557,True,5890.636542354866
Clayton,2014,26.138459624013397,21.594143061630625,4444242.260494675,350.53654449809153,12,0.8261444389703859,0.8261444389703858,205807.7622163849,7.456700316778443,True,4444.242260494674
Clayton,2015,18.86912463028047,15.588622381545349,3208259.4883821,246.093912570672,12,0.8261444389703859,0.8261444389703858,205807.7622163849,7.667448752866544,True,3208.2594883821002
Clayton,2016,41.659210532890896,34.41652511364435,7083188.016903155,562.8809863346127,12,0.8261444389703859,0.8261444389703858,205807.7622163849,7.401069061537989,True,7083.188016903155
Clayton,2017,34.09091974755233,28.164023768826066,5796374.70687117,482.03807385137316,12,0.8261444389703859,0.8261444389703858,205807.7622163849,7.072246280293531,True,5796.37470687117
Clayton,2018,37.03208288047556,30.59384933519531,6296451.669261782,667.7171261622642,12,0.8261444389703859,0.8261444389703858,205807.7622163849,5.5460735436455275,True,6296.451669261783
Clayton,2019,32.70490571062684,27.018975979885173,5560714.983798424,625.9209464190686,12,0.8261444389703859,0.8261444389703858,205807.7622163849,5.225085675392966,True,5560.714983798423
Clayton,2020,23.57540943054787,19.476693397497115,4008454.6835135203,401.31441170058366,12,0.8261444389703859,0.8261444389703858,205807.7622163849,5.8745484196907505,True,4008.45468351352
Clinton,2000,16.26238086319906,14.348208511886561,2639374.43807481,225.06951239745135,12,0.8499212314721373,0.768137160081412,183951.497212231,7.22549255559822,True,2639.37443807481
Clinton,2001,25.808913662112406,22.848388257973877,4202995.228940654,327.3123134236037,12,0.8703672493198186,0.768137160081412,183951.497212231,7.885103188498385,True,4202.995228940654
Clinton,2002,17.1189633436863,15.07911894391083,2773826.5063737133,257.06477079140024,12,0.8703672493198186,0.768137160081412,183951.497212231,6.659396887011712,True,2773.826506373713
Clinton,2003,8.680838931663281,7.293325388209471,1341618.1248171083,167.10082507783764,12,0.7938974585295964,0.21852799185700975,183951.497212231,5.1949707176009685,True,1341.6181248171083
Clinton,2004,23.396442751436485,20.720162821275334,3811504.9734548023,315.32736337585885,12,0.8703672493198186,0.768137160081412,183951.497212231,7.4197311964800114,True,3811.5049734548024
Clinton,2005,7.547892846532579,6.618420609328753,1217468.3802663106,150.06880956175027,12,0.8601442403959779,0.768137160081412,183951.497212231,5.0296213240945145,True,1217.4683802663108
Clinton,2006,16.663127635995473,14.344682980150141,2638725.911233426,195.63435323579046,12,0.8601442403959779,0.768137160081412,183951.497212231,8.517485482681078,True,2638.725911233426
Clinton,2007,29.818757677064216,25.34695012334472,4662609.424953005,415.46223390224907,12,0.8396982225482965,0.768137160081412,183951.497212231,7.177248674804951,True,4662.609424953005
Clinton,2008,38.45039277685675,33.58643695821774,6178275.364488362,606.3479462845759,12,0.8143434763772777,0.3412040989430976,183951.497212231,6.341308321808172,True,6178.275364488362
Clinton,2009,21.615735554609067,17.552339130501096,3228779.0626325062,416.8818155682845,12,0.8143434763772777,0.21852799185700975,183951.497212231,5.185099168967818,True,3228.7790626325063
Clinton,2010,32.4591419104656,28.398612543802898,5223967.296182586,516.5884802967523,12,0.8601442403959779,0.768137160081412,183951.497212231,6.283365415314636,True,5223.967296182586
Clinton,2011,24.39966756618476,21.073741751123567,3876546.3469830826,340.2501053971326,12,0.8499212314721373,0.768137160081412,183951.497212231,7.171097724629944,True,3876.5463469830825
Clinton,2012,9.62374094466273,8.264648719978487,1520294.5059731915,154.9216123956513,12,0.8499212314721373,0.768137160081412,183951.497212231,6.212006701869876,True,1520.2945059731915
Clinton,2013,28.47268288000064,25.267940697612374,4648075.522795661,406.2198205637597,12,0.8601442403959779,0.768137160081412,183951.497212231,7.0091810981762785,True,4648.0755227956615
Clinton,2014,20.967374193663556,18.57413278093927,3416739.534472559,326.9009815864945,12,0.8601442403959779,0.768137160081412,183951.497212231,6.4139832471306955,True,3416.739534472559
Clinton,2015,21.42227797433111,17.745973576418745,3264398.4088709177,289.2427003088783,12,0.8143434763772777,0.21852799185700975,183951.497212231,7.406333142186321,True,3264.3984088709176
Clinton,2016,31.387618491303684,27.014930533095164,4969436.91864727,459.20756315970107,12,0.8601442403959779,0.768137160081412,183951.497212231,6.835170195223427,True,4969.4369186472695
Clinton,2017,26.301506873161916,22.865726154961212,4206184.561049986,369.74489881585725,12,0.8601442403959779,0.768137160081412,183951.497212231,7.113419808466584,True,4206.184561049986
Clinton,2018,31.04649529762181,27.276614245028636,5017574.029253487,584.5785064100385,12,0.8703672493198186,0.768137160081412,183951.497212231,5.310919740837169,True,5017.5740292534865
Clinton,2019,26.8147117925806,23.353364587522876,4295886.380817929,525.6854857797081,12,0.8601442403959779,0.768137160081412,183951.497212231,5.100903965953795,True,4295.886380817929
Clinton,2020,22.049783112657202,18.28595888328249,3363729.51454111,380.32565627761335,12,0.8143434763772777,0.3412040989430976,183951.497212231,5.79760601177068,True,3363.72951454111
Crawford,2000,2.1090045889331197,2.1026086146225382,389488.959684929,45.72004468773654,12,0.9969673018521895,0.9969673018521895,185240.82750172238,4.612866420707626,True,389.488959684929
Crawford,2001,8.536650087419604,8.51076100451098,1576540.411145004,145.10626098744103,12,0.9969673018521895,0.9969673018521895,185240.82750172238,5.88303359850093,True,1576.5404111450039
Crawford,2002,4.4933076383359145,4.47968079258359,829819.7769617557,78.35895419941627,12,0.9969673018521895,0.9969673018521895,185240.82750172238,5.734261877590739,True,829.8197769617557
Crawford,2003,7.586641830037672,7.563633835411614,1401093.7905916735,108.77361529140127,12,0.9969673018521895,0.9969673018521895,185240.82750172238,6.974707799969032,True,1401.0937905916735
Crawford,2004,10.137950263574702,10.107204920587764,1872267.0032191575,125.22979284566901,12,0.9969673018521895,0.9969673018521895,185240.82750172238,8.095477947542829,True,1872.2670032191575
Crawford,2005,6.701488743535631,6.681165151035538,1237624.5612534927,95.82422580727754,12,0.9969673018521895,0.9969673018521895,185240.82750172238,6.993522449128594,True,1237.6245612534926
Crawford,2006,3.8300206830642214,3.8184053864326164,707324.573519812,61.29836666443405,12,0.9969673018521895,0.9969673018521895,185240.82750172238,6.248161070964455,True,707.324573519812
Crawford,2007,25.625265944674517,25.547552248106957,4732449.719082821,281.429014787304,12,0.9969673018521895,0.9969673018521895,185240.82750172238,9.1054101028074,True,4732.4497190828215
Crawford,2008,21.943848887876804,20.4608940027745,3790192.9364989763,315.77224390666925,11,0.8984607066768121,0.6357764528758058,185240.82750172238,6.949264639726411,False,3790.1929364989765
Crawford,2009,11.530394109422119,10.894919923281083,2018183.9821535894,186.90357902351377,11,0.9312962384019379,0.6357764528758058,185240.82750172238,6.169167101915964,False,2018.1839821535893
Crawford,2010,25.233455376571627,25.156929923188247,4660090.516374231,367.7279700865109,12,0.9969673018521895,0.9969673018521895,185240.82750172238,6.861989685102077,True,4660.090516374231
Crawford,2011,15.2384968550834,15.192283093895574,2814231.0919536436,212.38825716531423,12,0.9969673018521895,0.9969673018521895,185240.82750172238,7.174830218236775,True,2814.2310919536435
Crawford,2012,3.506318617212175,3.495685011236123,647543.584166747,66.03331174250584,12,0.9969673018521895,0.9969673018521895,185240.82750172238,5.309923922769342,True,647.543584166747
Crawford,2013,10.248253052176995,10.217173194127367,1892637.617208569,106.42710147159966,12,0.9969673018521895,0.9969673018521895,185240.82750172238,9.629364053395523,True,1892.637617208569
Crawford,2014,20.87461020264622,20.811303810948385,3855103.1393298274,236.70614778819882,12,0.9969673018521895,0.9969673018521895,185240.82750172238,8.81878666764689,True,3855.103139329827
Crawford,2015,38.92496435598606,38.806916688680076,7188625.360201497,395.7046487578673,12,0.9969673018521895,0.9969673018521895,185240.82750172238,9.836873152279884,True,7188.625360201497
Crawford,2016,37.0416882747858,36.92935201536309,6840823.726428256,385.07029485703754,12,0.9969673018521895,0.9969673018521895,185240.82750172238,9.619461373549475,True,6840.823726428256
Crawford,2017,21.019205967484776,20.955461060478736,3881806.947523202,270.7026636254113,12,0.9969673018521895,0.9969673018521895,185240.82750172238,7.764683836495383,True,3881.806947523202
Crawford,2018,23.692298297516672,23.62044670835242,4375471.094215537,313.97244079268626,12,0.9969673018521895,0.9969673018521895,185240.82750172238,7.545980226067207,True,4375.471094215537
Crawford,2019,24.58606945861629,24.511507331307204,4540531.901365882,364.8270273367267,12,0.9969673018521895,0.9969673018521895,185240.82750172238,6.739103086220618,True,4540.531901365882
Crawford,2020,11.7093904734986,11.673879426697631,2162479.0851568016,167.8918907968567,12,0.9969673018521895,0.9969673018521895,185240.82750172238,6.97436333459759,True,2162.479085156802
Dallas,2000,2.7228426370226146,2.72284263702262,416946.8816698078,45.06851829910423,12,1.000000000000002,1.000000000000002,153129.26130969208,6.041562358345233,True,416.9468816698078
Dallas,2001,17.648259841812255,17.64825984181229,2702464.992978219,204.9108471267761,12,1.000000000000002,1.000000000000002,153129.26130969208,8.612652814271696,True,2702.464992978219
Dallas,2002,11.231815876080413,11.231815876080436,1719919.6682706692,110.24349769360076,12,1.000000000000002,1.000000000000002,153129.26130969208,10.188188973554656,True,1719.9196682706693
Dallas,2003,18.14112850372445,18.141128503724488,2777937.6070995303,162.41380863511066,12,1.000000000000002,1.000000000000002,153129.26130969208,11.169695887423883,True,2777.9376070995304
Dallas,2004,21.888724900020332,21.888724900020375,3351804.2749511837,206.08498712263446,12,1.000000000000002,1.000000000000002,153129.26130969208,10.621212736372236,True,3351.8042749511837
Dallas,2005,14.888025946779095,14.888025946779127,2279792.4155898164,151.072952603944,12,1.000000000000002,1.000000000000002,153129.26130969208,9.854858656142012,True,2279.7924155898163
Dallas,2006,13.483279883392331,13.483279883392356,2064684.6885757023,130.14344552391935,12,1.000000000000002,1.000000000000002,153129.26130969208,10.360321896437119,True,2064.6846885757022
Dallas,2007,36.85844910532213,36.8584491053222,5644107.084518869,367.79953441005966,12,1.000000000000002,1.000000000000002,153129.26130969208,10.021341969462268,True,5644.10708451887
Dallas,2008,32.917588294813235,30.2109131101139,4626174.808043034,390.0413906002033,12,0.8561523436632587,0.42460937465302895,153129.26130969208,8.439511571876771,True,4626.174808043033
Dallas,2009,21.058700292667282,17.963632085953588,2750757.711761156,250.25297547226228,12,0.8561523436632587,0.42460937465302895,153129.26130969208,8.414964998089063,True,2750.7577117611563
Dallas,2010,38.18986463912051,38.18986463912058,5847985.761705665,547.7258356593161,12,1.000000000000002,1.000000000000002,153129.26130969208,6.972441713133739,True,5847.985761705665
Dallas,2011,17.568957637135547,17.568957637135583,2690321.5049558436,219.83420791185407,12,1.000000000000002,1.000000000000002,153129.26130969208,7.991912543556503,True,2690.3215049558435
Dallas,2012,3.778953954164525,3.7789539541645323,578668.4275245549,56.556140741525255,12,1.000000000000002,1.000000000000002,153129.26130969208,6.681774789823842,True,578.6684275245549
Dallas,2013,35.837908791639975,35.83790879164004,5487832.500147959,195.92713349801537,12,1.000000000000002,1.000000000000002,153129.26130969208,18.291447515105403,True,5487.832500147959
Dallas,2014,29.76731967307484,29.767319673074894,4558247.672707424,243.44138917106343,12,1.000000000000002,1.000000000000002,153129.26130969208,12.227715169731344,True,4558.247672707424
Dallas,2015,68.41554242810884,68.41554242810898,10476421.474118225,452.2131769755606,12,1.000000000000002,1.000000000000002,153129.26130969208,15.129046633642497,True,10476.421474118226
Dallas,2016,40.97552080679503,40.97552080679512,6274551.232924455,373.5422188975598,12,1.000000000000002,1.000000000000002,153129.26130969208,10.969448360543192,True,6274.551232924455
Dallas,2017,23.30737862295628,23.30649771989088,3568906.7795629133,240.3174087574299,12,0.9996497432185301,0.9957969186223388,153129.26130969208,9.69858103225561,True,3568.9067795629135
Dallas,2018,38.957398866951735,38.95739886695181,5965517.711043366,432.48809209595163,12,1.000000000000002,1.000000000000002,153129.26130969208,9.007739075116238,True,5965.517711043366
Dallas,2019,31.953133705870147,31.953133705870204,4892959.760909729,432.8462399971507,12,1.000000000000002,1.000000000000002,153129.26130969208,7.382098018474293,True,4892.959760909729
Dallas,2020,11.727935901636254,11.727460303205003,1795817.3332685197,166.88587503469023,12,0.9996497432185301,0.9957969186223388,153129.26130969208,7.027518595686058,True,1795.8173332685196
Davis,2000,1.1644742076450665,0.4745451718029251,61992.45080460706,67.97121456067293,12,0.3742388826031456,0.0027206343493553524,130635.51056495009,1.7131872884302008,True,61.99245080460706
Davis,2001,12.95211568010108,5.284635056617855,690360.9987707074,262.90822706143706,12,0.4080132688080356,0.4080132688080356,130635.51056495009,4.926477891113844,True,690.3609987707074
Davis,2002,4.036680036299061,1.8132486977213131,236874.66940805464,103.77054072231691,12,0.4761224914287075,0.4080132688080356,130635.51056495009,3.8900057841087574,True,236.87466940805464
Davis,2003,7.023678836947856,2.857594071447886,373303.2605109691,120.52086235798188,12,0.4073331102206968,0.4052926344586803,130635.51056495009,5.827770146620338,True,373.3032605109691
Davis,2004,9.858216136498834,4.022282990469014,525452.9920966339,191.72490618806998,12,0.4080132688080356,0.4080132688080356,130635.51056495009,5.141854719088269,True,525.4529920966339
Davis,2005,7.8385412073362914,3.4006818692657887,444249.81226050516,136.8055806283917,12,0.44206788011837156,0.4080132688080356,130635.51056495009,5.729694045616683,True,444.24981226050517
Davis,2006,5.040670460573762,2.154354437061887,281435.1918234452,87.11245743665421,12,0.44206788011837156,0.4080132688080356,130635.51056495009,5.786394516810869,True,281.4351918234452
Davis,2007,19.677204587049566,8.028560564566567,1048815.1084537772,363.8250376686861,12,0.4080132688080356,0.4080132688080356,130635.51056495009,5.408425080675297,True,1048.8151084537772
Davis,2008,19.766171833920254,8.062003555501851,1053183.9506494273,487.2221288705853,11,0.40751860801724377,0.4052926344586803,130635.51056495009,4.056911758039318,False,1053.1839506494273
Davis,2009,6.712158522216491,5.293863438231348,691566.5531144742,437.511947494519,11,0.779023458675454,0.4052926344586803,130635.51056495009,1.5341657663647184,False,691.5665531144741
Davis,2010,21.324995718462972,8.700881210407442,1136644.0592865571,667.4989633070157,12,0.4080132688080356,0.4080132688080356,130635.51056495009,3.1947608746554046,True,1136.6440592865572
Davis,2011,17.967608307077246,7.331022598033002,957691.8800572281,292.4985415007994,12,0.4080132688080356,0.4080132688080356,130635.51056495009,6.142802700788216,True,957.6918800572281
Davis,2012,1.7205720440208523,0.7020162239006714,91708.24783414254,67.5227666578621,12,0.4080132688080356,0.4080132688080356,130635.51056495009,2.5481361756679664,True,91.70824783414254
Davis,2013,9.38592237151038,4.375958773470851,571655.6085835375,201.85230649344763,12,0.44184116058925865,0.4052926344586803,130635.51056495009,4.649896022771015,True,571.6556085835375
Davis,2014,9.037275749554178,3.6873284196951905,481696.0307275318,262.7539925214397,12,0.4080132688080356,0.4080132688080356,130635.51056495009,3.4394437408279424,True,481.6960307275318
Davis,2015,23.502368055425286,9.589278015023629,1252700.2294418628,395.41486788760386,12,0.4080132688080356,0.4080132688080356,130635.51056495009,5.943723912300081,True,1252.7002294418628
Davis,2016,17.8109886553954,7.267119701990715,949343.8926061651,292.7954963480775,12,0.4080132688080356,0.4080132688080356,130635.51056495009,6.08308149460795,True,949.3438926061651
Davis,2017,9.916731155900475,4.0334587320221695,526912.9408003723,198.08340828023998,12,0.4073331102206968,0.4052926344586803,130635.51056495009,5.006341137805295,True,526.9129408003723
Davis,2018,14.965534621330162,6.092748233492957,795929.2762260502,378.37927657993356,12,0.4068796711624709,0.4052926344586803,130635.51056495009,3.9551676182161777,True,795.9292762260502
Davis,2019,12.755737069200379,5.494366225576939,717759.3371090612,443.93891861380644,12,0.44206788011837156,0.4080132688080356,130635.51056495009,2.8733090374301953,True,717.7593371090612
Davis,2020,6.837304552897201,2.789710980463652,364435.31826151675,191.0232109193436,12,0.4080132688080356,0.4080132688080356,130635.51056495009,3.5793056351587245,True,364.4353182615167
Decatur,2000,0.19671340444462054,0.16966523872489872,23436.853856708545,14.071769855632336,12,0.399374018876304,0.02120245631335164,138135.8611395343,1.3979293753577446,True,23.436853856708545
Decatur,2001,4.743535201297651,4.323704125179678,597258.5926442519,232.44474918627162,12,0.6262769564140755,0.02120245631335164,138135.8611395343,2.040715145385529,True,597.2585926442518
Decatur,2002,0.43038637695172,0.22979292303692345,31742.64330747615,54.9992153182269,12,0.4750083313888946,0.02120245631335164,138135.8611395343,0.7825318497027515,True,31.74264330747615
Decatur,2003,0.6904111577043723,0.6333170390513976,87483.79456370488,38.13988976774755,11,0.5949185779888878,0.02120245631335164,138135.8611395343,1.810207533132958,False,87.48379456370489
Decatur,2004,3.2632822082824626,3.0127202252297933,416164.7026846091,161.66572824783148,12,0.7019112689266661,0.02120245631335164,138135.8611395343,2.0185367941929493,True,416.1647026846091
Decatur,2005,1.9756623767897576,1.8079944748642576,249748.8737208943,108.89826038146028,12,0.4750083313888946,0.02120245631335164,138135.8611395343,1.814227674408388,True,249.7488737208943
Decatur,2006,0.49753774440620024,0.4537584403974403,62680.312913632464,27.896201180290845,12,0.3237397063637136,0.02120245631335164,138135.8611395343,1.783532249393582,True,62.68031291363246
Decatur,2007,8.264348118219036,7.222972309089162,997751.499903042,326.85472902523605,12,0.853179893951847,0.02120245631335164,138135.8611395343,2.5284468555389803,True,997.751499903042
Decatur,2008,6.630098067326371,6.158129275185144,850658.490436276,500.6922533561378,9,0.9288142064644374,0.9288142064644375,138135.8611395343,1.3241862686879724,False,850.658490436276
Decatur,2009,4.675637554858207,4.122495237483413,569464.4296734002,311.8967255197319,9,0.8279684564476502,0.02120245631335164,138135.8611395343,1.4990979937564004,False,569.4644296734002
Decatur,2010,14.220410224755671,13.208119038505213,1824514.8974173954,512.7036269057489,12,0.9288142064644375,0.9288142064644375,138135.8611395343,2.773612176410414,True,1824.5148974173953
Decatur,2011,13.610505728130427,12.638159137203182,1745782.9956360352,333.37057069103287,12,0.853179893951847,0.02120245631335164,138135.8611395343,4.082695632046241,True,1745.7829956360351
Decatur,2012,2.663494252480463,2.468986979998324,341055.6426243666,100.18638719504347,12,0.6262769564140755,0.02120245631335164,138135.8611395343,2.658539076067446,True,341.0556426243666
Decatur,2013,2.142644614044825,1.9622576603346047,271058.15168796835,191.1302605405742,12,0.5488757725420391,0.02120245631335164,138135.8611395343,1.1210389228711235,True,271.05815168796835
Decatur,2014,9.87927008621588,8.864455824765125,1224499.2388872914,363.5180830440862,12,0.853179893951847,0.02120245631335164,138135.8611395343,2.717683258969474,True,1224.4992388872913
Decatur,2015,7.399266916820483,6.8725442297651815,949344.8153981508,418.7591651866559,12,0.9288142064644375,0.9288142064644375,138135.8611395343,1.7669504411974761,True,949.3448153981508
Decatur,2016,3.6355398622512336,3.37674107222671,466449.035857271,224.8838846483543,12,0.9288142064644375,0.9288142064644375,138135.8611395343,1.6166297856051548,True,466.449035857271
Decatur,2017,2.640953994199206,2.417460445401347,333937.9803962773,142.23301364815944,11,0.6774287370935319,0.02120245631335164,138135.8611395343,1.8567798898869645,False,333.9379803962773
Decatur,2018,4.286081553913933,3.97748007856547,549432.6358179838,236.4156643345793,10,0.8316922945553233,0.02120245631335164,138135.8611395343,1.8129431338560544,False,549.4326358179837
Decatur,2019,4.911223231813623,4.379469046597953,604961.7280857435,400.6759661180209,12,0.7775455814392566,0.02120245631335164,138135.8611395343,1.2257344206083478,True,604.9617280857435
Decatur,2020,1.4361720159930635,1.3024282933964488,179912.05388081248,159.58489296212184,12,0.550642643901485,0.02120245631335164,138135.8611395343,0.8999423374830005,True,179.9120538808125
Delaware,2000,19.30111925966842,19.301119259668457,2893337.78224233,232.1384751812666,12,1.000000000000002,1.000000000000002,149905.1813170357,8.314485241878595,True,2893.33778224233
Delaware,2001,28.32784350595861,28.32784350595866,4246490.517081345,301.52053821248217,12,1.000000000000002,1.000000000000002,149905.1813170357,9.39499633222196,True,4246.490517081345
Delaware,2002,25.521984285836606,25.521984285836655,3825877.6819388787,299.7923181915612,12,1.000000000000002,1.000000000000002,149905.1813170357,8.513221566113838,True,3825.8776819388786
Delaware,2003,12.100702021731575,12.100702021731598,1813957.9306310955,185.108289150173,12,1.000000000000002,1.000000000000002,149905.1813170357,6.537093545235365,True,1813.9579306310955
Delaware,2004,25.008751734495686,25.008751734495732,3748941.4632723136,325.82389716272274,12,1.000000000000002,1.000000000000002,149905.1813170357,7.675542510009888,True,3748.9414632723137
Delaware,2005,8.078163522296203,8.078163522296219,1210958.5675184783,146.7942737074965,12,1.000000000000002,1.000000000000002,149905.1813170357,5.503050846787675,True,1210.9585675184783
Delaware,2006,17.540756089985315,17.54075608998535,2629450.222107152,192.30441849070468,12,1.000000000000002,1.000000000000002,149905.1813170357,9.121348447244948,True,2629.450222107152
Delaware,2007,32.948663080746,32.94866308074607,4939175.313273159,390.42254339512857,12,1.000000000000002,1.000000000000002,149905.1813170357,8.439231708861694,True,4939.175313273159
Delaware,2008,51.857265694518844,51.792978219600585,7764035.790958506,697.8503825668467,12,0.9929994692244803,0.915993630693742,149905.1813170357,7.431000539653851,True,7764.035790958506
Delaware,2009,27.062906927374193,26.373186028691986,3953477.2335389853,407.2264257341642,12,0.9711021952586066,0.8284045348302469,149905.1813170357,6.645665707618089,True,3953.4772335389853
Delaware,2010,46.63963289314848,46.63963289314857,6991522.625407418,557.5831520511375,12,1.000000000000002,1.000000000000002,149905.1813170357,8.364605838892174,True,6991.522625407419
Delaware,2011,36.62754091266184,36.6275409126619,5490658.161709727,389.19277942750955,12,1.000000000000002,1.000000000000002,149905.1813170357,9.41115633402547,True,5490.658161709727
Delaware,2012,13.238785055970189,13.238785055970213,1984562.4742324776,175.94919611362084,12,1.000000000000002,1.000000000000002,149905.1813170357,7.524208890060014,True,1984.5624742324776
Delaware,2013,36.53367070870674,36.53367070870681,5476586.531765569,379.62646758182126,12,1.000000000000002,1.000000000000002,149905.1813170357,9.623583661440202,True,5476.586531765569
Delaware,2014,28.731709939546253,28.73170993954631,4307032.188036166,319.44870914645185,12,1.000000000000002,1.000000000000002,149905.1813170357,8.99415434055617,True,4307.032188036166
Delaware,2015,20.570234960333416,20.57023496033346,3083584.8014628137,264.3245177329495,12,1.000000000000002,1.000000000000002,149905.1813170357,7.7821895360897955,True,3083.5848014628136
Delaware,2016,36.31765047923374,36.3176504792338,5444203.980098272,433.3158768582742,12,1.000000000000002,1.000000000000002,149905.1813170357,8.381333899545124,True,5444.203980098272
Delaware,2017,28.636409945953883,28.636409945953933,4292746.225217189,354.561161519866,12,1.000000000000002,1.000000000000002,149905.1813170357,8.076578332268744,True,4292.746225217189
Delaware,2018,40.265932094128125,40.2659320941282,6036071.851469735,602.4741928768236,12,1.000000000000002,1.000000000000002,149905.1813170357,6.683428530250843,True,6036.071851469735
Delaware,2019,34.60645333178776,34.60645333178783,5187686.661441188,597.9472946152192,12,1.000000000000002,1.000000000000002,149905.1813170357,5.787542421118756,True,5187.686661441188
Delaware,2020,25.35943394293704,25.359433942937088,3801510.543313373,391.72075670760444,12,1.000000000000002,1.000000000000002,149905.1813170357,6.473855037982147,True,3801.510543313373
Des Moines,2000,8.804612350566115,1.9992303535813893,222422.5568981161,132.12389471704122,12,0.2490674280567506,0.05512889645587597,111254.09160563805,6.663906153706884,True,222.4225568981161
Des Moines,2001,20.9870328592959,6.1914286779276715,688821.7733039397,348.502010753046,12,0.2634673371782753,0.05512889645587597,111254.09160563805,6.022069374563133,True,688.8217733039397
Des Moines,2002,8.050762712447584,3.6875775867742293,410258.0946418779,186.65898763011563,12,0.31340677756390295,0.05512889645587597,111254.09160563805,4.313086026375014,True,410.2580946418779
Des Moines,2003,3.557856847362939,1.0876611126354025,121006.7490610293,101.60671649954217,12,0.2846069593208535,0.05512889645587597,111254.09160563805,3.50159612468037,True,121.0067490610293
Des Moines,2004,13.319805151996304,3.0359539634988075,337762.3003655962,209.8133465732294,12,0.2279278059141724,0.2279278059141724,111254.09160563805,6.34840698627692,True,337.7623003655962
Des Moines,2005,7.534115194815382,1.705446404804417,189737.89054861668,127.80617733031643,12,0.2135278967926477,0.05512889645587597,111254.09160563805,5.894953868578184,True,189.7378905486167
Des Moines,2006,6.833833057883125,1.4901062643904612,165780.41884063144,98.90265828129449,12,0.19912798767112297,0.05512889645587597,111254.09160563805,6.909655591305388,True,165.78041884063143
Des Moines,2007,26.54129183035203,6.0494984130198866,673031.4506102765,372.11423237686705,12,0.2279278059141724,0.2279278059141724,111254.09160563805,7.13256562664116,True,673.0314506102766
Des Moines,2008,22.67076798339935,7.878901911772593,876560.075044185,532.7753617582528,12,0.27786724629980003,0.05512889645587597,111254.09160563805,4.255220794854667,True,876.560075044185
Des Moines,2009,25.989746972442585,5.593954682730826,622350.3467103232,594.0797752123598,12,0.2135278967926477,0.05512889645587597,111254.09160563805,4.374790736337101,True,622.3503467103233
Des Moines,2010,29.23840192172296,6.664244798455036,741424.5012897134,738.7495432294943,12,0.2279278059141724,0.2279278059141724,111254.09160563805,3.957823350239282,True,741.4245012897135
Des Moines,2011,19.116328098782,5.533737660334903,615650.9565844685,343.6047836939003,12,0.27786724629980003,0.05512889645587597,111254.09160563805,5.563463899795919,True,615.6509565844685
Des Moines,2012,3.298509827688115,0.7399512256784476,82322.60144533416,77.62812005731452,12,0.19912798767112297,0.05512889645587597,111254.09160563805,4.249117233874469,True,82.32260144533416
Des Moines,2013,19.9698059770349,4.54156482275378,505267.6688235923,338.0659586066806,12,0.19912798767112297,0.05512889645587597,111254.09160563805,5.907073891538593,True,505.2676688235923
Des Moines,2014,12.501574972903052,2.849456554045321,317013.70049004396,293.1852649539793,12,0.2279278059141724,0.2279278059141724,111254.09160563805,4.264052961483381,True,317.01370049004396
Des Moines,2015,25.264356352475197,5.7584493112534565,640651.0471806152,372.11890197923884,12,0.2279278059141724,0.2279278059141724,111254.09160563805,6.789323578592291,True,640.6510471806153
Des Moines,2016,14.172661965527352,3.230343745765892,359388.95900913846,251.80688009622438,12,0.2279278059141724,0.2279278059141724,111254.09160563805,5.628385515166016,True,359.38895900913843
Des Moines,2017,13.858878542852683,3.1043683424279993,345373.6799461274,183.23657025714226,12,0.17032816942807358,0.05512889645587597,111254.09160563805,7.563380237582507,True,345.3736799461274
Des Moines,2018,13.14601383263684,2.9127602916537736,324056.5003129139,317.0741720026372,12,0.2135278967926477,0.05512889645587597,111254.09160563805,4.146037423864187,True,324.0565003129139
Des Moines,2019,21.353568124173133,4.867071930981591,541481.6664606556,485.4741014481692,12,0.2279278059141724,0.2279278059141724,111254.09160563805,4.39849789318842,True,541.4816664606557
Des Moines,2020,11.237185141042113,3.049875807614112,339311.16248611984,237.40080107649223,12,0.2922671554213247,0.2279278059141724,111254.09160563805,4.733423429949342,True,339.3111624861198
Dickinson,2000,1.36085451468186,1.3578121836013222,142018.84907399205,33.94900500260092,12,0.9883494653206136,0.9300967919236822,104593.88329932038,4.008525476895719,True,142.01884907399204
Dickinson,2001,12.142572323187842,12.142572323187842,1270038.7925250665,201.00395060053432,12,0.9999999999999999,0.9999999999999999,104593.88329932038,6.040962024333249,True,1270.0387925250666
Dickinson,2002,3.177837320095063,3.1778373200950627,332382.3458022481,61.768943296230006,12,0.9999999999999999,0.9999999999999999,104593.88329932038,5.144716989660755,True,332.3823458022481
Dickinson,2003,6.661011614319354,6.661011614319352,696701.071443536,90.47078929964518,12,0.9999999999999999,0.9999999999999999,104593.88329932038,7.362610258939653,True,696.701071443536
Dickinson,2004,9.226272666240993,9.226272666240991,965011.6865405197,161.47820490175602,12,0.9999999999999999,0.9999999999999999,104593.88329932038,5.713633410684925,True,965.0116865405197
Dickinson,2005,12.418148887510066,12.418148887510066,1298862.415533813,148.62048657533023,12,0.9999999999999999,0.9999999999999999,104593.88329932038,8.355610436799212,True,1298.862415533813
Dickinson,2006,12.72813810288789,12.710112177431071,1329399.989807496,156.44126835715667,12,0.9941747326603068,0.9300967919236822,104593.88329932038,8.136048906116926,True,1329.399989807496
Dickinson,2007,15.460071388897434,15.460071388897433,1617028.9026495002,255.83458559065312,12,0.9999999999999999,0.9999999999999999,104593.88329932038,6.042995067771738,True,1617.0289026495002
Dickinson,2008,14.237766208202135,14.164549047904785,1481525.190104053,194.13294361561324,11,0.9809354887064586,0.9300967919236822,104593.88329932038,7.334028909793472,False,1481.5251901040529
Dickinson,2009,7.362047203875028,7.29763617335206,763288.1062764843,127.28031440795583,11,0.9809354887064586,0.9300967919236822,104593.88329932038,5.78412085020341,False,763.2881062764843
Dickinson,2010,28.698119730531907,28.6981197305319,3001647.786005178,399.5770553465091,12,0.9999999999999999,0.9999999999999999,104593.88329932038,7.182124035036295,True,3001.647786005178
Dickinson,2011,22.430734072689216,22.430734072689216,2346117.581916946,304.7480475335025,12,0.9999999999999999,0.9999999999999999,104593.88329932038,7.360419288731716,True,2346.117581916946
Dickinson,2012,4.968238491711378,4.961147245081198,518905.65598276764,86.53936899412277,12,0.9883494653206136,0.9300967919236822,104593.88329932038,5.741015389248783,True,518.9056559827676
Dickinson,2013,9.35356509926187,9.353565099261868,978325.6964247918,106.71967912456195,12,0.9999999999999999,0.9999999999999999,104593.88329932038,8.764611340654893,True,978.3256964247918
Dickinson,2014,7.243249647407222,7.243249647407221,757599.6083287544,133.949096515944,12,0.9999999999999999,0.9999999999999999,104593.88329932038,5.407464354599104,True,757.5996083287545
Dickinson,2015,15.030775934349396,14.97955060701878,1566769.3680667863,172.43472044611778,12,0.9941747326603068,0.9300967919236822,104593.88329932038,8.71679201002109,True,1566.7693680667862
Dickinson,2016,39.7198905553469,39.71989055534689,4154457.5974077308,375.84217136625955,12,0.9999999999999999,0.9999999999999999,104593.88329932038,10.568236771024752,True,4154.457597407731
Dickinson,2017,15.748123299245906,15.748123299245904,1647157.3705446343,236.797454472778,12,0.9999999999999999,0.9999999999999999,104593.88329932038,6.650461397192212,True,1647.1573705446342
Dickinson,2018,26.384229849390664,26.38422984939066,2759629.057809612,480.92989813820367,12,0.9999999999999999,0.9999999999999999,104593.88329932038,5.48608642372421,True,2759.629057809612
Dickinson,2019,22.520139656801938,22.496956084485745,2353043.9992906377,447.2695405740996,12,0.9941747326603068,0.9300967919236822,104593.88329932038,5.0350264468928225,True,2353.0439992906377
Dickinson,2020,12.360631678824173,12.360631678824172,1292846.4673208182,212.71884619599902,12,0.9999999999999999,0.9999999999999999,104593.88329932038,5.810783529464565,True,1292.8464673208182
Dubuque,2000,15.449551827779489,12.688641830654753,2026499.5947914738,223.59768328075936,12,0.8212951399560725,0.8212951399560725,159709.732675692,6.90953126217338,True,2026.4995947914738
Dubuque,2001,21.60266876127552,16.658667936147285,2660551.402815206,272.6787327733072,12,0.7442638402853556,0.5131699412732051,159709.732675692,7.922388571181679,True,2660.551402815206
Dubuque,2002,28.21634492737199,14.479780069323981,2312561.804074547,326.29919800566023,12,0.5131699412732051,0.5131699412732051,159709.732675692,8.647384087926115,True,2312.5618040745467
Dubuque,2003,12.814644269627626,6.576090247281826,1050265.6154446057,193.9520794915343,12,0.5131699412732051,0.5131699412732051,159709.732675692,6.60711878069189,True,1050.2656154446056
Dubuque,2004,24.579396418949607,12.613407416843195,2014483.9266736181,323.06201448216916,12,0.5131699412732051,0.5131699412732051,159709.732675692,7.608259503472582,True,2014.483926673618
Dubuque,2005,7.405286763350227,3.8001705734596793,606924.2264092766,138.71567910145862,12,0.5131699412732051,0.5131699412732051,159709.732675692,5.338464124112384,True,606.9242264092766
Dubuque,2006,17.21301160173547,8.833200152797591,1410748.0350741849,190.06275306400033,12,0.5131699412732051,0.5131699412732051,159709.732675692,9.056488619808263,True,1410.7480350741848
Dubuque,2007,31.98759437235994,16.41507192553506,2621646.7490794617,380.7892168686623,12,0.5131699412732051,0.5131699412732051,159709.732675692,8.400341437029914,True,2621.6467490794616
Dubuque,2008,52.95520394634119,27.159297402386642,4337604.127794786,722.4726754107651,12,0.5115845903553545,0.49414573025899844,159709.732675692,7.329717198817695,True,4337.604127794786
Dubuque,2009,27.771640529156404,14.21219276282175,2269825.5068856664,421.2799600453649,12,0.5115845903553545,0.49414573025899844,159709.732675692,6.592205460275361,True,2269.8255068856665
Dubuque,2010,47.16050704607798,24.201354631250414,3865191.8785466244,573.0141795277299,12,0.5131699412732051,0.5131699412732051,159709.732675692,8.230251315062919,True,3865.1918785466246
Dubuque,2011,38.53109296362863,19.77299871333771,3157940.338703968,398.33833272782863,12,0.5131699412732051,0.5131699412732051,159709.732675692,9.672956328296841,True,3157.940338703968
Dubuque,2012,14.043002752287643,7.206446897690909,1150939.7075717852,184.1490432403574,12,0.5131699412732051,0.5131699412732051,159709.732675692,7.625889608320285,True,1150.9397075717852
Dubuque,2013,34.88066301218891,17.89970778953544,2858757.5460397075,369.9153173898477,12,0.5131699412732051,0.5131699412732051,159709.732675692,9.429364336224214,True,2858.7575460397074
Dubuque,2014,29.328759655692373,15.050637870127604,2403733.3508367264,314.6077846303062,12,0.5131699412732051,0.5131699412732051,159709.732675692,9.322324840167713,True,2403.7333508367265
Dubuque,2015,20.00780074450464,10.267401933063436,1639804.018003445,265.62059855532334,12,0.5131699412732051,0.5131699412732051,159709.732675692,7.532473329750976,True,1639.804018003445
Dubuque,2016,33.864590886260345,17.37829011634334,2775482.068841816,404.5722151935842,12,0.5131699412732051,0.5131699412732051,159709.732675692,8.370468760455148,True,2775.482068841816
Dubuque,2017,27.00656669777658,13.858958246288907,2213410.516678379,335.209212642086,12,0.5131699412732051,0.5131699412732051,159709.732675692,8.056630211596358,True,2213.410516678379
Dubuque,2018,40.389995571327965,20.72693165536339,3310292.7138654254,581.2052681207754,12,0.5131699412732051,0.5131699412732051,159709.732675692,6.9493512510514375,True,3310.2927138654254
Dubuque,2019,35.108751297545936,18.016755841537215,2877451.259135121,596.4091521841066,12,0.5131699412732051,0.5131699412732051,159709.732675692,5.8866888894937945,True,2877.451259135121
Dubuque,2020,25.51283995748387,13.09242258269468,2090987.310759361,392.11867146327296,12,0.5131699412732051,0.5131699412732051,159709.732675692,6.506407833699264,True,2090.9873107593608
Emmet,2000,3.7242387601186624,3.4762978642028513,362325.45964742755,56.92202798576377,12,0.8747017805727123,0.4009629600715468,104227.39184074846,6.542702169799882,True,362.3254596474275
Emmet,2001,22.432687975368747,21.74735914351149,2266670.522952256,290.149032275758,12,0.9694495446729454,0.9694495446729454,104227.39184074846,7.731436427486925,True,2266.670522952256
Emmet,2002,5.229391589532703,5.06963129538901,528394.4475126315,67.41392217445603,12,0.9694495446729454,0.9694495446729454,104227.39184074846,7.757138912641674,True,528.3944475126316
Emmet,2003,12.62746151856282,12.241686819545869,1275919.088932533,110.15808899560592,12,0.9694495446729454,0.9694495446729454,104227.39184074846,11.463036109011037,True,1275.919088932533
Emmet,2004,11.671730916270782,11.31515422232385,1179349.0128686472,166.02922530686317,12,0.9694495446729454,0.9694495446729454,104227.39184074846,7.029925541541576,True,1179.3490128686472
Emmet,2005,19.871995706842604,19.26489718974129,2007929.9881668987,213.81383843036784,12,0.9694495446729454,0.9694495446729454,104227.39184074846,9.294064337802093,True,2007.9299881668987
Emmet,2006,19.359012066095243,18.55096358637436,1933518.5507404967,207.02713724168675,12,0.9220756626228289,0.4009629600715468,104227.39184074846,9.350953852728605,True,1933.5185507404967
Emmet,2007,20.06271910447972,19.449793900739067,2027201.2901141304,293.40862883405066,12,0.9694495446729454,0.9694495446729454,104227.39184074846,6.837808139523741,True,2027.2012901141304
Emmet,2008,17.85167834301913,16.330284683854963,1702062.980615124,227.8923020528108,11,0.7153112740927163,0.037609219212105555,104227.39184074846,7.833383656321247,False,1702.0629806151242
Emmet,2009,9.094405329223132,7.926000399228692,826106.3493403376,133.05240607210368,11,0.7483434323526655,0.037609219212105555,104227.39184074846,6.835205463548474,False,826.1063493403376
Emmet,2010,25.78498249345915,24.997239537683836,2605397.0802312237,433.6031994810784,12,0.9694495446729454,0.9694495446729454,104227.39184074846,5.946677174964979,True,2605.3970802312238
Emmet,2011,22.54116436002691,21.841259448777745,2276457.5068632076,331.8356778968218,12,0.9088905878630386,0.6060958038135041,104227.39184074846,6.792869441554043,True,2276.4575068632075
Emmet,2012,4.488210806707961,4.255013597927919,443488.9695589462,73.93244457840007,12,0.783863345357852,0.037609219212105555,104227.39184074846,6.070691740685695,True,443.4889695589462
Emmet,2013,16.604898377334813,16.097611171247763,1677812.02724565,134.67725131164468,12,0.9694495446729454,0.9694495446729454,104227.39184074846,12.329401005453319,True,1677.8120272456501
Emmet,2014,14.847770825879385,14.394164666557014,1500266.2409214943,153.58153855552402,12,0.9694495446729454,0.9694495446729454,104227.39184074846,9.667679439551584,True,1500.2662409214943
Emmet,2015,20.47871302672685,19.546331677779065,2037263.1708291126,180.23958703217434,12,0.9220756626228289,0.4009629600715468,104227.39184074846,11.361939607124834,True,2037.2631708291126
Emmet,2016,41.0817375447786,39.82667175715906,4151030.1229462875,364.82727967795256,12,0.9694495446729454,0.9694495446729454,104227.39184074846,11.260599147367234,True,4151.0301229462875
Emmet,2017,20.02930418072209,19.404539981367197,2022484.5921274284,259.5191463983199,12,0.9391700662679919,0.6060958038135041,104227.39184074846,7.717852211944451,True,2022.4845921274284
Emmet,2018,29.46435006360524,28.564200753246375,2977172.1445264122,576.0372913727423,12,0.9694495446729454,0.9694495446729454,104227.39184074846,5.115007397071355,True,2977.1721445264125
Emmet,2019,22.601588372290013,21.84658120469575,2277012.1796025545,515.7921314765317,12,0.9220756626228289,0.4009629600715468,104227.39184074846,4.381918023369144,True,2277.0121796025546
Emmet,2020,12.392590493463683,11.99535751268466,1250244.8277444497,231.5640938676213,12,0.8786111094580851,0.6060958038135041,104227.39184074846,5.351689152873666,True,1250.2448277444498
Fayette,2000,14.877158544288669,14.87715854428865,2816327.6657873136,194.1911487034657,12,0.9999999999999987,0.9999999999999987,189305.48178291097,7.661089933098046,True,2816.3276657873134
Fayette,2001,24.470495023214056,24.470495023214017,4632398.849835855,275.3489281106791,12,0.9999999999999987,0.9999999999999987,189305.48178291097,8.887085630265434,True,4632.398849835855
Fayette,2002,9.609451961141575,9.609451961141563,1819121.9331736418,155.90527094850066,12,0.9999999999999987,0.9999999999999987,189305.48178291097,6.163647901497707,True,1819.1219331736418
Fayette,2003,7.244261892561216,7.244261892561204,1371378.4877328817,128.419859670346,12,0.9999999999999987,0.9999999999999987,189305.48178291097,5.6410760073693025,True,1371.3784877328817
Fayette,2004,25.55956838693477,25.55956838693474,4838566.407651941,358.5301235009031,12,0.9999999999999987,0.9999999999999987,189305.48178291097,7.128987694912723,True,4838.5664076519415
Fayette,2005,10.411391089758663,10.41139108975865,1970933.4062770673,187.01507284828287,12,0.9999999999999987,0.9999999999999987,189305.48178291097,5.567140087261826,True,1970.9334062770672
Fayette,2006,17.751393479281205,17.751393479281184,3360436.0949133486,201.4902084498732,12,0.9999999999999987,0.9999999999999987,189305.48178291097,8.81005266501444,True,3360.4360949133484
Fayette,2007,35.48825859820212,35.48825859820207,6718121.891569177,428.512543943408,12,0.9999999999999987,0.9999999999999987,189305.48178291097,8.281731561839395,True,6718.121891569177
Fayette,2008,39.96251227389986,39.731566330393214,7521403.306164773,549.9191248028553,12,0.9424091098639708,0.3089093183676634,189305.48178291097,7.266979901494847,True,7521.403306164773
Fayette,2009,18.86516030727368,16.51205597547655,3125822.7116639824,299.1115561689586,12,0.882943400891652,0.071046482478389,189305.48178291097,6.307065012432134,True,3125.8227116639823
Fayette,2010,32.42152969951092,32.42152969951088,6137573.299904862,433.7273828085786,12,0.9999999999999987,0.9999999999999987,189305.48178291097,7.475094030164069,True,6137.573299904862
Fayette,2011,23.741884146846232,23.741884146846196,4494468.816852776,334.17882043644977,12,0.9999999999999987,0.9999999999999987,189305.48178291097,7.1045448409442775,True,4494.468816852776
Fayette,2012,8.915927677574278,8.915927677574267,1687833.984544787,136.55751609940603,12,0.9999999999999987,0.9999999999999987,189305.48178291097,6.529064040007871,True,1687.8339845447872
Fayette,2013,40.17608906997422,40.17608906997416,7605553.897544601,429.14999729672735,12,0.9999999999999987,0.9999999999999987,189305.48178291097,9.361782435756432,True,7605.553897544601
Fayette,2014,26.33654245637091,26.336542456370875,4985651.858199378,350.4170976893268,12,0.9999999999999987,0.9999999999999987,189305.48178291097,7.515769815467279,True,4985.651858199378
Fayette,2015,21.26968351047274,21.26968351047271,4026467.684320072,252.55417347329254,12,0.9999999999999987,0.9999999999999987,189305.48178291097,8.421830143591745,True,4026.4676843200723
Fayette,2016,45.49891336573738,45.49891336573731,8613193.71529983,579.7092781969046,12,0.9999999999999987,0.9999999999999987,189305.48178291097,7.84857429007427,True,8613.19371529983
Fayette,2017,35.80115577170376,35.80115577170371,6777355.041747415,476.67702427409694,12,0.9999999999999987,0.9999999999999987,189305.48178291097,7.510568781078385,True,6777.355041747415
Fayette,2018,38.32899846880257,38.328998468802496,7255889.521393115,698.7736982114976,12,0.9999999999999987,0.9999999999999987,189305.48178291097,5.485180476441107,True,7255.889521393115
Fayette,2019,31.95555841370725,31.955558413707205,6049362.381148796,616.7612582927985,12,0.9999999999999987,0.9999999999999987,189305.48178291097,5.181187693624039,True,6049.362381148796
Fayette,2020,23.623355293560298,23.623355293560266,4472030.655176306,394.4752799152818,12,0.9999999999999987,0.9999999999999987,189305.48178291097,5.98855150026985,True,4472.030655176306
Floyd,2000,19.40206138336919,8.506771539404467,1104066.1185992702,239.4565379624297,12,0.43844679033415446,0.43844679033415446,129786.73677611926,8.102539838111808,True,1104.0661185992703
Floyd,2001,31.12743853455545,13.92612721514152,1807426.607182323,345.3553899020735,12,0.5788350927506166,0.43844679033415446,129786.73677611926,9.013161353405176,True,1807.426607182323
Floyd,2002,6.582564801522542,6.582564801522559,854329.6052069562,124.70005697269168,12,1.0000000000000029,1.0000000000000029,129786.73677611926,5.278718359338097,True,854.3296052069561
Floyd,2003,14.680156921131736,14.680156921131777,1905289.6621550552,159.31311411730286,12,1.0000000000000029,1.0000000000000029,129786.73677611926,9.214656936730695,True,1905.289662155055
Floyd,2004,25.385996906651965,25.385996906652036,3294765.698323026,341.3177428306617,12,1.0000000000000029,1.0000000000000029,129786.73677611926,7.437643497849669,True,3294.765698323026
Floyd,2005,25.128456997157823,25.128456997157897,3261340.433880164,256.734539160523,12,1.0000000000000029,1.0000000000000029,129786.73677611926,9.787719673139218,True,3261.340433880164
Floyd,2006,26.402028379394835,26.40202837939491,3426633.1076321583,232.02498443423255,12,1.0000000000000029,1.0000000000000029,129786.73677611926,11.378959228797399,True,3426.6331076321585
Floyd,2007,32.103810862453656,32.10381086245375,4166648.8499156022,346.94500746310746,12,1.0000000000000029,1.0000000000000029,129786.73677611926,9.253285152364509,True,4166.648849915602
Floyd,2008,38.38845955798385,37.85981083885685,4913701.303736381,393.3642864317587,12,0.7513601214295534,0.005440485718204818,129786.73677611926,9.759009875097933,True,4913.701303736381
Floyd,2009,13.940848802619085,13.940848802619122,1809337.2739812054,203.68767041739363,9,1.0000000000000029,1.0000000000000029,129786.73677611926,6.844228113587686,False,1809.3372739812055
Floyd,2010,21.111143039646254,21.111143039646315,2739946.3647295786,350.8823689107979,12,1.0000000000000029,1.0000000000000029,129786.73677611926,6.016587013242941,True,2739.946364729579
Floyd,2011,22.95657920640111,22.956579206401177,2979459.502741322,321.6964469327757,12,1.0000000000000029,1.0000000000000029,129786.73677611926,7.136099706814077,True,2979.459502741322
Floyd,2012,2.8157221739915763,2.8157221739915843,365443.39263052796,73.35045559943161,12,1.0000000000000029,1.0000000000000029,129786.73677611926,3.838724859963099,True,365.44339263052797
Floyd,2013,43.5846016149284,43.58460161492852,5656703.21728875,378.62458580139685,12,1.0000000000000029,1.0000000000000029,129786.73677611926,11.511297271590864,True,5656.70321728875
Floyd,2014,24.23180281733908,24.206362755874995,3141664.831304005,293.6764535503584,12,0.996688285725709,0.9867531429028273,129786.73677611926,8.251190221208494,True,3141.664831304005
Floyd,2015,21.90330194079621,21.625082524276284,2806648.893340103,284.41845836888166,12,0.9878570476609253,0.9867531429028273,129786.73677611926,7.701083138699924,True,2806.648893340103
Floyd,2016,48.273608431671164,47.6806891746634,6188321.055215999,605.695653992724,12,0.9878570476609253,0.9867531429028273,129786.73677611926,7.969944660070329,True,6188.321055215999
Floyd,2017,25.534048696977543,25.202915351979257,3271004.1407781467,373.82564617723705,12,0.9889609524190233,0.9867531429028273,129786.73677611926,6.830470022078533,True,3271.004140778147
Floyd,2018,41.01087728233008,40.48225675478205,5254060.001536174,641.6664684790201,12,0.9878570476609253,0.9867531429028273,129786.73677611926,6.391307524536942,True,5254.060001536173
Floyd,2019,28.47192267824183,28.131077341895445,3651040.730201237,542.552606803472,12,0.9878570476609253,0.9867531429028273,129786.73677611926,5.24777179599013,True,3651.040730201237
Floyd,2020,16.789956022420128,16.365950050529424,2124083.251299178,337.37403161466597,12,0.9421648516135358,0.425199933236979,129786.73677611926,4.976659271036276,True,2124.0832512991783
Franklin,2000,11.760052883210237,11.751402379846432,1771311.0037754497,151.27196803995207,12,0.9992644162870938,0.9992644162870938,150731.88258902915,7.774112438402545,True,1771.3110037754498
Franklin,2001,33.69096224700431,33.66701029474849,5074691.842871666,356.1921127264748,12,0.9994483122153204,0.9992644162870938,150731.88258902915,9.45864915118884,True,5074.691842871666
Franklin,2002,13.953285221544386,13.953285221544386,2103204.949745064,155.40627906845896,12,1.0,1.0,150731.88258902915,8.978585231680208,True,2103.204949745064
Franklin,2003,16.584186248676833,16.584186248676833,2499765.614470149,160.33017325765118,12,1.0,1.0,150731.88258902915,10.3437711765121,True,2499.765614470149
Franklin,2004,20.399138911678907,20.399138911678907,3074800.61135248,228.79806531166986,12,1.0,1.0,150731.88258902915,8.915782956421026,True,3074.80061135248
Franklin,2005,21.99917317262007,21.99917317262007,3315976.7877110867,239.7376779774202,12,1.0,1.0,150731.88258902915,9.176351985311241,True,3315.9767877110867
Franklin,2006,23.35067709660558,23.35067709660558,3519691.5184998848,209.48936867023932,12,1.0,1.0,150731.88258902915,11.146473563229963,True,3519.6915184998848
Franklin,2007,47.19669525743091,47.19669525743091,7114046.728133266,460.85190255926506,12,1.0,1.0,150731.88258902915,10.241184856855716,True,7114.046728133266
Franklin,2008,41.04209468752461,39.230256062031415,5913250.350679668,510.7274073981821,12,0.777445623613188,0.33215297491133783,150731.88258902915,8.036007876805927,True,5913.2503506796675
Franklin,2009,30.357922477135336,27.487468807129797,4143237.92090589,397.738514048793,12,0.8330382437278345,0.33215297491133783,150731.88258902915,7.632633352024628,True,4143.23792090589
Franklin,2010,35.23345723116156,35.23345723116156,5310805.338573023,487.74803735449734,12,1.0,1.0,150731.88258902915,7.223700462694786,True,5310.805338573023
Franklin,2011,21.963870836654465,21.963870836654465,3310655.6001512026,269.92131939929766,12,1.0,1.0,150731.88258902915,8.137138216993916,True,3310.6556001512026
Franklin,2012,3.7709178167652495,3.7009865657255756,557856.6724885217,67.86900466367094,12,0.9278055696716678,0.3328885586242438,150731.88258902915,5.5561707961569,True,557.8566724885217
Franklin,2013,49.57268286754956,49.57268286754956,7472183.813614655,316.5250881505609,12,1.0,1.0,150731.88258902915,15.66153354768814,True,7472.183813614655
Franklin,2014,33.905208637363195,33.905208637363195,5110595.927483566,339.68963470432624,12,1.0,1.0,150731.88258902915,9.98123144583881,True,5110.595927483566
Franklin,2015,34.3873261289087,34.3873261289087,5183266.40461332,315.47269610953055,12,1.0,1.0,150731.88258902915,10.900254301871371,True,5183.2664046133195
Franklin,2016,57.998100682578915,57.998100682578915,8742162.902473174,534.301440572883,12,1.0,1.0,150731.88258902915,10.854939979273274,True,8742.162902473174
Franklin,2017,31.13589272131476,31.13589272131476,4693171.725973825,344.364753890126,12,1.0,1.0,150731.88258902915,9.041544574346615,True,4693.171725973825
Franklin,2018,47.32522591774812,47.32522591774812,7133420.39653329,662.1598247621823,12,1.0,1.0,150731.88258902915,7.147100163430361,True,7133.42039653329
Franklin,2019,30.03559114042042,30.03559114042042,4527321.197269933,475.3937302977355,12,1.0,1.0,150731.88258902915,6.318045280405645,True,4527.321197269934
Franklin,2020,23.11914076623393,23.119038688125983,3484776.2251098277,332.16138256332886,12,0.9999387013572578,0.9992644162870938,150731.88258902915,6.960213311921083,True,3484.776225109828
Fremont,2000,1.7546866419152483,0.8371763608823027,112058.89624274163,51.075046262020685,12,0.48244649322015426,0.3170980678305773,133853.39276020933,3.4355067108769908,True,112.05889624274162
Fremont,2001,9.395939478085817,4.929589566320769,659842.2883673637,160.11264631195166,12,0.5008185404856628,0.3170980678305773,133853.39276020933,5.868330637530943,True,659.8422883673637
Fremont,2002,2.233891763123993,1.225186350821981,163995.3498210222,60.79862639588473,12,0.5690397528750272,0.5375626350166799,133853.39276020933,3.6742470933113025,True,163.9953498210222
Fremont,2003,6.030604953226985,3.261555776720188,436570.306390657,94.62653405745624,12,0.534929146680345,0.3170980678305773,133853.39276020933,6.3730591142282185,True,436.570306390657
Fremont,2004,14.721268978559982,10.6421926189072,1424493.5884483862,187.92036681890357,12,0.6949482243084164,0.5375626350166799,133853.39276020933,7.833780461245415,True,1424.4935884483862
Fremont,2005,9.02763385207168,6.557902009947429,877797.4334204595,135.23509134590205,12,0.7264253421667638,0.7264253421667638,133853.39276020933,6.675511335279798,True,877.7974334204595
Fremont,2006,4.45982710914916,3.2397314337682883,433649.0440417828,89.44052568222929,12,0.7264253421667638,0.7264253421667638,133853.39276020933,4.986360573275646,True,433.6490440417828
Fremont,2007,33.194105194117796,24.113039223556573,3227612.1098330505,413.714311134992,12,0.7264253421667638,0.7264253421667638,133853.39276020933,8.023436535964258,True,3227.6121098330505
Fremont,2008,24.500539659340905,16.400236600511523,2195227.3110486297,370.67203754054293,11,0.5826902471654892,0.18886270715008385,133853.39276020933,6.609762047848326,False,2195.22731104863
Fremont,2009,12.84354275197552,8.275626055501602,1107720.624743678,217.60607932633707,11,0.5943480072273523,0.18886270715008385,133853.39276020933,5.902198500950177,False,1107.720624743678
Fremont,2010,32.2937716115567,22.76447471311259,3047102.1747541134,505.8444181722739,12,0.6949482243084164,0.5375626350166799,133853.39276020933,6.384131256847932,True,3047.1021747541135
Fremont,2011,14.549142944732496,10.568866141860465,1414678.5907165264,234.42439726571035,12,0.7264253421667638,0.7264253421667638,133853.39276020933,6.206326267415607,True,1414.6785907165263
Fremont,2012,5.741634828669998,3.988907860093293,533928.8504813537,116.46698289625462,12,0.7103736644897786,0.5059607749806612,133853.39276020933,4.929839071889136,True,533.9288504813537
Fremont,2013,16.618276818098305,12.071937423809059,1615869.7813657834,179.60514770879658,12,0.7264253421667638,0.7264253421667638,133853.39276020933,9.252672893898566,True,1615.8697813657834
Fremont,2014,24.256095641674527,17.62024257613317,2358529.2500733156,341.13710193951,12,0.7264253421667638,0.7264253421667638,133853.39276020933,7.110365745551649,True,2358.529250073316
Fremont,2015,33.470432164006574,24.313770137207932,3254480.6236571427,421.7170094255358,12,0.7264253421667638,0.7264253421667638,133853.39276020933,7.936704333932392,True,3254.4806236571426
Fremont,2016,33.947737979913505,24.66049717784631,3300891.214408295,454.51850130666696,12,0.7264253421667638,0.7264253421667638,133853.39276020933,7.468945242563122,True,3300.891214408295
Fremont,2017,17.88769533086433,12.994075201297942,1739301.0514750297,292.52459017743325,12,0.7264253421667638,0.7264253421667638,133853.39276020933,6.114937318607778,True,1739.3010514750297
Fremont,2018,20.697261980654137,15.03501561621183,2012487.850432683,343.01031887597424,12,0.7264253421667638,0.7264253421667638,133853.39276020933,6.034005638220424,True,2012.487850432683
Fremont,2019,21.613286240383886,15.700438852519072,2101557.0082338857,415.273877930619,12,0.7264253421667638,0.7264253421667638,133853.39276020933,5.204586030810944,True,2101.557008233886
Fremont,2020,7.577427261927288,5.504435191489294,736787.3256095345,152.55396596122642,12,0.7264253421667638,0.7264253421667638,133853.39276020933,4.967047047372856,True,736.7873256095345
Greene,2000,3.116855544734439,3.116855544734435,460936.38422863645,40.98673561087888,12,0.9999999999999988,0.9999999999999988,147885.06480748998,7.604546930317499,True,460.9363842286364
Greene,2001,18.572854717719945,18.57285471771992,2746647.8235901063,200.6202234500158,12,0.9999999999999988,0.9999999999999988,147885.06480748998,9.257718089595958,True,2746.6478235901063
Greene,2002,13.492825732060549,13.492825732060531,1995387.4078219403,112.54017911917697,12,0.9999999999999988,0.9999999999999988,147885.06480748998,11.98934090710129,True,1995.3874078219403
Greene,2003,21.064675575160905,21.06467557516088,3115150.912581418,173.7341022809606,12,0.9999999999999988,0.9999999999999988,147885.06480748998,12.124663666259014,True,3115.150912581418
Greene,2004,25.20291148131555,25.202911481315518,3727134.1977517786,205.8204959292981,12,0.9999999999999988,0.9999999999999988,147885.06480748998,12.245093166024176,True,3727.1341977517786
Greene,2005,17.686381048203376,17.686381048203355,2615551.6075235154,156.41665525486601,12,0.9999999999999988,0.9999999999999988,147885.06480748998,11.307223658110518,True,2615.5516075235155
Greene,2006,15.314486647602205,15.314486647602186,2264783.8503740896,122.75757563576525,12,0.9999999999999988,0.9999999999999988,147885.06480748998,12.47539027085539,True,2264.7838503740895
Greene,2007,39.972275785499505,39.97227578549946,5911302.59504145,377.3022538748288,12,0.9999999999999988,0.9999999999999988,147885.06480748998,10.594231912211272,True,5911.30259504145
Greene,2008,37.47800041094662,36.42479749803394,5386683.538596449,401.9883952752383,12,0.9440269850161785,0.7761079400647182,147885.06480748998,9.32315481029887,True,5386.68353859645
Greene,2009,22.969609743784417,21.76527799781015,3218759.5472591883,253.25629640299653,12,0.9440269850161785,0.7761079400647182,147885.06480748998,9.06970925107181,True,3218.7595472591884
Greene,2010,44.574015456727494,44.574015456727444,6591831.164548198,575.3599198128902,12,0.9999999999999988,0.9999999999999988,147885.06480748998,7.747153376832918,True,6591.831164548198
Greene,2011,19.89917562528637,19.899175625286347,2942790.876961096,221.44883964164663,12,0.9999999999999988,0.9999999999999988,147885.06480748998,8.985901961594223,True,2942.7908769610963
Greene,2012,4.774201786619266,4.774201786619261,706033.1406182238,55.57563855222008,12,0.9999999999999988,0.9999999999999988,147885.06480748998,8.590457817472169,True,706.0331406182238
Greene,2013,44.81550530546358,44.81550530546352,6627543.906478883,192.42894508640953,12,0.9999999999999988,0.9999999999999988,147885.06480748998,23.28937846920033,True,6627.5439064788825
Greene,2014,39.47650678746816,39.47650678746811,5837985.76463804,242.0485161418285,12,0.9999999999999988,0.9999999999999988,147885.06480748998,16.309336415984006,True,5837.985764638041
Greene,2015,85.88722235350016,85.88722235350006,12701437.443882657,456.8399102793811,12,0.9999999999999988,0.9999999999999988,147885.06480748998,18.800288770956048,True,12701.437443882658
Greene,2016,48.30592046318426,48.305920463184194,7143724.178283452,371.91048015772043,12,0.9999999999999988,0.9999999999999988,147885.06480748998,12.988588125480788,True,7143.724178283452
Greene,2017,27.3551842547658,27.355184254765774,4045423.1963368654,236.30324472766063,12,0.9999999999999988,0.9999999999999988,147885.06480748998,11.57630496622788,True,4045.423196336865
Greene,2018,45.429988801899604,45.429988801899555,6718416.838172458,430.4815899553574,12,0.9999999999999988,0.9999999999999988,147885.06480748998,10.553294231841802,True,6718.4168381724585
Greene,2019,34.571724963008485,34.571724963008435,5112641.786661222,441.61776796084916,12,0.9999999999999988,0.9999999999999988,147885.06480748998,7.828427085857963,True,5112.641786661222
Greene,2020,13.501640778287744,13.501640778287724,1996691.0215045298,174.86681775151902,12,0.9999999999999988,0.9999999999999988,147885.06480748998,7.721099378312704,True,1996.6910215045298
Grundy,2000,12.403073349000483,12.403073349000524,1610825.8824966736,166.69143055557487,12,1.0000000000000033,1.0000000000000033,129873.12395652954,7.440738439679599,True,1610.8258824966736
Grundy,2001,31.627487060316682,31.627487060316785,4107560.547418056,293.06059216854277,12,1.0000000000000033,1.0000000000000033,129873.12395652954,10.792132379957563,True,4107.560547418056
Grundy,2002,9.216996387296007,9.216996387296039,1197040.1143141834,118.32459855665458,12,1.0000000000000033,1.0000000000000033,129873.12395652954,7.789586019920321,True,1197.0401143141833
Grundy,2003,14.346751262834655,14.346751262834703,1863257.405131628,153.78921452968905,12,1.0000000000000033,1.0000000000000033,129873.12395652954,9.32884097672858,True,1863.257405131628
Grundy,2004,21.666995766945398,21.666995766945472,2813960.42700611,260.3991079010006,12,1.0000000000000033,1.0000000000000033,129873.12395652954,8.320687402348101,True,2813.96042700611
Grundy,2005,17.520083228108863,17.52008322810892,2275387.940812904,198.68359288452749,12,1.0000000000000033,1.0000000000000033,129873.12395652954,8.818082547103588,True,2275.3879408129037
Grundy,2006,19.536911761502893,19.536911761502957,2537319.7629294535,186.48569588079815,12,1.0000000000000033,1.0000000000000033,129873.12395652954,10.476359416858925,True,2537.3197629294536
Grundy,2007,44.21517075886706,44.21517075886722,5742362.352725483,476.0555814513113,12,1.0000000000000033,1.0000000000000033,129873.12395652954,9.28781690240285,True,5742.362352725482
Grundy,2008,48.88729368261793,48.873499188926786,6347354.018352834,600.6487645230796,12,0.9985354888885589,0.9912129333313372,129873.12395652954,8.139081701339196,True,6347.354018352834
Grundy,2009,28.34108006674241,28.298177011654346,3675172.6507783993,402.8968471306432,12,0.9978032333328368,0.9912129333313372,129873.12395652954,7.034326594656259,True,3675.172650778399
Grundy,2010,35.769279859574475,35.76927985957459,4645468.117038326,500.6408774206491,12,1.0000000000000033,1.0000000000000033,129873.12395652954,7.144698220381307,True,4645.468117038326
Grundy,2011,21.2000081701216,21.20000817012167,2753311.288957651,286.53210584167385,12,1.0000000000000033,1.0000000000000033,129873.12395652954,7.398824682437463,True,2753.311288957651
Grundy,2012,5.335808162664907,5.271404807172718,684613.8099469882,93.32286599112105,12,0.9933893025652138,0.9206716307825301,129873.12395652954,5.717578544118617,True,684.6138099469882
Grundy,2013,40.07931418337412,40.07931418337426,5205225.739030058,392.20072582147617,12,1.0000000000000033,1.0000000000000033,129873.12395652954,10.219082103794376,True,5205.225739030057
Grundy,2014,22.647532633776137,22.647532633776212,2941305.8130559656,326.05850321155106,12,1.0000000000000033,1.0000000000000033,129873.12395652954,6.9458494137422075,True,2941.3058130559657
Grundy,2015,31.57100672548829,31.5710067254884,4100225.2698917827,324.48856782429084,12,1.0000000000000033,1.0000000000000033,129873.12395652954,9.729466568629269,True,4100.225269891783
Grundy,2016,47.928354005586186,47.92835400558635,6224605.060799945,504.6371680178622,12,1.0000000000000033,1.0000000000000033,129873.12395652954,9.49758698786327,True,6224.605060799945
Grundy,2017,28.811791803262544,28.811791803262643,3741877.408274851,326.57986218957683,12,1.0000000000000033,1.0000000000000033,129873.12395652954,8.822280593203736,True,3741.877408274851
Grundy,2018,42.524883889338724,42.52488388933887,5522839.516597133,579.3082966758066,12,1.0000000000000033,1.0000000000000033,129873.12395652954,7.3406309098895175,True,5522.839516597133
Grundy,2019,32.49348552689468,32.493485526894794,4220030.473614107,496.76304835021307,12,1.0000000000000033,1.0000000000000033,129873.12395652954,6.541043186446326,True,4220.030473614107
Grundy,2020,25.388319718215623,25.388319718215705,3297260.3938118317,337.88598085684976,12,1.0000000000000033,1.0000000000000033,129873.12395652954,7.513871884779897,True,3297.260393811832
Guthrie,2000,1.423415072747656,1.3971015763634504,214484.3079148197,50.08578111074171,12,0.9843509515253976,0.9374038061015945,153520.9118245404,2.841954425349636,True,214.4843079148197
Guthrie,2001,10.967842857739637,10.952397214355999,1681422.0070124893,178.33533492960183,12,0.9895673010169314,0.9374038061015945,153520.9118245404,6.150123228281826,True,1681.4220070124893
Guthrie,2002,7.5373502834268145,7.537350283426803,1157140.8882526408,110.22997605416234,12,0.9999999999999987,0.9999999999999987,153520.9118245404,6.837840806318673,True,1157.140888252641
Guthrie,2003,12.349153203527454,12.345045908549181,1895222.704396282,148.08772237813702,12,0.994783650508465,0.9374038061015945,153520.9118245404,8.339079705739755,True,1895.222704396282
Guthrie,2004,17.390078807723377,17.390078807723352,2669740.755262306,216.81515071864877,12,0.9999999999999987,0.9999999999999987,153520.9118245404,8.020693549358873,True,2669.740755262306
Guthrie,2005,7.571434237367907,7.571434237367898,1162373.4879402632,123.52405092218497,12,0.9999999999999987,0.9999999999999987,153520.9118245404,6.12952229208998,True,1162.3734879402632
Guthrie,2006,5.784750086248423,5.784750086248415,888080.1079179454,107.21311859547653,12,0.9999999999999987,0.9999999999999987,153520.9118245404,5.39556181373171,True,888.0801079179454
Guthrie,2007,33.0910761435363,33.09107614353625,5080172.182810983,366.4060825325697,12,0.9999999999999987,0.9999999999999987,153520.9118245404,9.031257318332003,True,5080.172182810983
Guthrie,2008,27.49061367574853,22.880960043446013,3512705.849290707,411.99856472320465,12,0.7550175672059759,0.02007026882390748,153520.9118245404,6.672502292384856,True,3512.705849290707
Guthrie,2009,19.12497765634063,13.853864047307214,2126857.840835822,270.929783796675,12,0.7550175672059759,0.02007026882390748,153520.9118245404,7.059016320883116,True,2126.8578408358217
Guthrie,2010,27.918999878070007,27.918999878069968,4286150.318510533,531.5612709978992,12,0.9999999999999987,0.9999999999999987,153520.9118245404,5.252263737284267,True,4286.150318510533
Guthrie,2011,9.805923687716586,9.805923687716573,1505414.3458201077,197.07093204090836,12,0.9999999999999987,0.9999999999999987,153520.9118245404,4.97583463282198,True,1505.4143458201077
Guthrie,2012,1.8914623826625423,1.8698112694515752,287055.1310260071,61.02253802090774,12,0.9895673010169314,0.9374038061015945,153520.9118245404,3.0996127726029408,True,287.05513102600713
Guthrie,2013,22.34529649565163,22.3452964956516,3430470.2930021416,216.12970472503775,12,0.9999999999999987,0.9999999999999987,153520.9118245404,10.338836359434964,True,3430.4702930021417
Guthrie,2014,15.03230473339978,15.032304733399762,2307773.1294958866,285.89486140571125,12,0.9999999999999987,0.9999999999999987,153520.9118245404,5.257983532648231,True,2307.7731294958867
Guthrie,2015,49.89412848348515,49.894128483485076,7659792.099475404,513.9093276627857,12,0.9999999999999987,0.9999999999999987,153520.9118245404,9.708741561551188,True,7659.792099475404
Guthrie,2016,29.85937858944375,29.8593785894437,4584039.0275655575,374.0623257149938,12,0.9999999999999987,0.9999999999999987,153520.9118245404,7.982460819161526,True,4584.039027565557
Guthrie,2017,16.54648873022113,16.537690105344723,2538881.264444202,241.51589219199371,12,0.9910317707970849,0.8923812495650338,153520.9118245404,6.851097283928403,True,2538.8812644442023
Guthrie,2018,22.737172131142938,22.73717213114291,3490631.3978845878,362.09985498249375,12,0.9999999999999987,0.9999999999999987,153520.9118245404,6.279254691290114,True,3490.631397884588
Guthrie,2019,24.12546196035272,24.125461960352688,3703762.9183416083,396.4268421026264,12,0.9999999999999987,0.9999999999999987,153520.9118245404,6.085728663677914,True,3703.7629183416084
Guthrie,2020,6.4591061988820195,6.45365046458089,990770.3039193267,134.00634264379994,12,0.9910317707970849,0.8923812495650338,153520.9118245404,4.82000036076715,True,990.7703039193267
Hamilton,2000,6.382960639605543,6.269498529000051,937039.6171638281,71.55584259337293,12,0.8973267648338746,0.69198029450162,149460.05854048434,8.920250825467457,True,937.0396171638281
Hamilton,2001,32.43653303694117,32.436533036941235,4847966.126551591,267.6021443363828,12,1.000000000000002,1.000000000000002,149460.05854048434,12.121178295255964,True,4847.966126551591
Hamilton,2002,18.04744298779783,18.04744298779786,2697371.885462322,137.52295490091763,12,1.000000000000002,1.000000000000002,149460.05854048434,13.123222229191214,True,2697.3718854623216
Hamilton,2003,21.51118028269334,21.493319349982773,3212392.768277749,171.3575763101815,12,0.9486633824169384,0.69198029450162,149460.05854048434,12.553387335354845,True,3212.392768277749
Hamilton,2004,28.62603397269544,28.528837688573372,4263921.751026153,235.2286936666614,12,0.9486633824169384,0.69198029450162,149460.05854048434,12.169448176786165,True,4263.921751026152
Hamilton,2005,22.20209712888019,22.18264121140843,3315418.854039665,186.0096851472192,12,0.9743316912084702,0.69198029450162,149460.05854048434,11.935989844457897,True,3315.418854039665
Hamilton,2006,23.93037451892037,23.930374518920413,3576635.1764935604,187.61354707835667,12,1.000000000000002,1.000000000000002,149460.05854048434,12.75514209479013,True,3576.6351764935603
Hamilton,2007,50.342859724369546,50.34285972436965,7524246.761499678,435.02324213585496,12,1.000000000000002,1.000000000000002,149460.05854048434,11.57245288256295,True,7524.246761499678
Hamilton,2008,39.54113051633923,39.428778257618184,5893027.506563391,482.2650990544813,12,0.9916124085906173,0.9664496343624633,149460.05854048434,8.199044590591923,True,5893.0275065633905
Hamilton,2009,29.07103534077896,28.865071560472995,4314175.285203564,347.16887091110243,12,0.9659440997990855,0.69198029450162,149460.05854048434,8.373744818907745,True,4314.175285203564
Hamilton,2010,38.87286583609933,38.87286583609941,5809940.803499812,641.7802760368749,12,1.000000000000002,1.000000000000002,149460.05854048434,6.057036541563301,True,5809.940803499812
Hamilton,2011,17.910098788737614,17.819053453150232,2663236.7722438537,218.9463841867637,12,0.8716584560423429,0.69198029450162,149460.05854048434,8.18012996892431,True,2663.2367722438535
Hamilton,2012,3.494041108680973,3.1545349912476266,471476.9844598765,46.20288358184373,12,0.8091101228131978,0.557439706748644,149460.05854048434,7.562387534733915,True,471.47698445987646
Hamilton,2013,42.36533052228244,42.34262661436837,6328531.45254137,241.27489061070588,12,0.9229950736254064,0.69198029450162,149460.05854048434,17.55894714740059,True,6328.53145254137
Hamilton,2014,35.278326782876846,35.27832678287691,5272700.78617912,278.9304133911821,12,1.000000000000002,1.000000000000002,149460.05854048434,12.647716093046204,True,5272.70078617912
Hamilton,2015,45.257677109873825,45.25767710987391,6764215.070248093,398.84492613048985,12,1.000000000000002,1.000000000000002,149460.05854048434,11.347186373650118,True,6764.215070248093
Hamilton,2016,40.39921177853056,40.399211778530635,6038068.557408612,391.17110032011414,12,1.000000000000002,1.000000000000002,149460.05854048434,10.327759833349125,True,6038.068557408612
Hamilton,2017,24.581525548337293,24.57184792607149,3672509.8294785246,257.2260879645458,12,0.9743316912084702,0.69198029450162,149460.05854048434,9.556388989489058,True,3672.509829478525
Hamilton,2018,42.654579584996796,42.65457958499688,6375155.961793382,586.0161391301937,12,1.000000000000002,1.000000000000002,149460.05854048434,7.278738030714943,True,6375.155961793382
Hamilton,2019,27.07922567457624,27.07922567457629,4047262.6545531587,451.6985916777533,12,1.000000000000002,1.000000000000002,149460.05854048434,5.994976777322975,True,4047.262654553159
Hamilton,2020,14.729419423067469,14.70079935427208,2197182.3320814194,215.81651561624943,12,0.9486633824169384,0.69198029450162,149460.05854048434,6.8249732329375306,True,2197.182332081419
Hancock,2000,9.500101852554865,9.379186223721868,1391249.202161028,98.38342896961153,12,0.9028892177344324,0.7086676532032995,148333.67938065625,9.656201203852365,True,1391.249202161028
Hancock,2001,36.746619170974945,36.74661917097491,5450761.226430469,330.26272230788936,12,0.999999999999999,0.999999999999999,148333.67938065625,11.12648103733539,True,5450.761226430469
Hancock,2002,18.61609970056373,18.616099700563712,2761394.5643017483,167.75359462680157,12,0.999999999999999,0.999999999999999,148333.67938065625,11.097288104006733,True,2761.3945643017482
Hancock,2003,19.458557154217672,19.452849616034957,2885512.7579850513,167.3891976964137,12,0.9514446088672157,0.7086676532032995,148333.67938065625,11.624738885187075,True,2885.5127579850514
Hancock,2004,21.44516242945327,21.258309028485534,3153323.1956062834,220.67525124182214,12,0.9514446088672157,0.7086676532032995,148333.67938065625,9.717973496698576,True,3153.323195606283
Hancock,2005,22.415028356375426,22.344303649076636,3314412.7734661615,220.34232472262596,12,0.9757223044336074,0.7086676532032995,148333.67938065625,10.172820126406577,True,3314.4127734661615
Hancock,2006,25.361454459860116,25.361454459860095,3761957.854476002,194.13297470664838,12,0.999999999999999,0.999999999999999,148333.67938065625,13.06396015318029,True,3761.957854476002
Hancock,2007,52.288439024500036,52.28843902449998,7756136.549575175,434.1058582740675,12,0.999999999999999,0.999999999999999,148333.67938065625,12.045089470202074,True,7756.136549575175
Hancock,2008,37.09019746083105,36.698284272604674,5443591.5331127215,416.1825143230269,12,0.9500707670062094,0.8316819747704389,148333.67938065625,8.912002831537244,True,5443.591533112722
Hancock,2009,27.20276858682421,26.51858959689469,3933599.9668929824,306.2118763748192,12,0.9336427981262174,0.7086676532032995,148333.67938065625,8.88364256438134,True,3933.5999668929826
Hancock,2010,39.53200926513897,39.532009265138925,5863928.387608249,513.5308568300721,12,0.999999999999999,0.999999999999999,148333.67938065625,7.69807865279265,True,5863.928387608249
Hancock,2011,22.42158600036655,22.370758224398262,3318336.87796007,241.92370280324795,12,0.8643773036405413,0.6232623420383023,148333.67938065625,9.268040188109063,True,3318.33687796007
Hancock,2012,2.519671193545305,2.4396911273056987,361888.36146559543,44.112797132661726,12,0.7629430501568804,0.08291271406456292,148333.67938065625,5.711882622105832,True,361.88836146559544
Hancock,2013,49.47404011347041,49.449740125891324,7335061.897290736,254.93161788796226,12,0.9271669133008241,0.7086676532032995,148333.67938065625,19.406788582502678,True,7335.061897290737
Hancock,2014,42.99061463120578,42.48850965769815,6302476.968926913,276.317077207248,12,0.9814696737518075,0.9258786950072331,148333.67938065625,15.558435644193366,True,6302.476968926913
Hancock,2015,43.99008774965468,40.95681921010791,6075275.689163649,308.81744222862244,12,0.9320554704232968,0.9258786950072331,148333.67938065625,14.244690141915015,True,6075.275689163649
Hancock,2016,58.05575881081067,53.86156665472503,7989484.359101828,449.57960498401525,12,0.9320554704232968,0.9258786950072331,148333.67938065625,12.913343525197243,True,7989.484359101828
Hancock,2017,31.780370728265844,29.420947201731035,4364117.349296787,287.26558462368536,12,0.9068374410092194,0.7086676532032995,148333.67938065625,11.06306234695596,True,4364.117349296786
Hancock,2018,53.85092743649893,50.006776598374266,7417689.166803352,606.9179402098616,12,0.9320554704232968,0.9258786950072331,148333.67938065625,8.872851479374333,True,7417.689166803351
Hancock,2019,34.024471198405905,31.641458126702247,4693493.9049027115,480.70780038428165,12,0.9320554704232968,0.9258786950072331,148333.67938065625,7.077994401423582,True,4693.493904902712
Hancock,2020,19.48269137372343,18.086838408609506,2682887.2895124215,246.27474031914417,12,0.8683255269153282,0.5491410370455363,148333.67938065625,7.910958041606731,True,2682.8872895124214
Hardin,2000,8.6030045151757,8.603004515175707,1269050.924903172,90.90559919125872,12,1.0000000000000009,1.0000000000000009,147512.52573034982,9.463668455752224,True,1269.050924903172
Hardin,2001,33.56375223744414,33.56375223744417,4951073.86553307,307.08338677361263,12,1.0000000000000009,1.0000000000000009,147512.52573034982,10.929849572809337,True,4951.07386553307
Hardin,2002,18.29848526087299,18.298485260873008,2699255.7778709563,178.6334667177526,12,1.0000000000000009,1.0000000000000009,147512.52573034982,10.243592982375057,True,2699.2557778709565
Hardin,2003,17.369788727932363,17.369788727932377,2562261.406659865,152.38675924202653,12,1.0000000000000009,1.0000000000000009,147512.52573034982,11.398489484473513,True,2562.261406659865
Hardin,2004,20.145219467783683,20.1452194677837,2971672.205084987,204.57434666202894,12,1.0000000000000009,1.0000000000000009,147512.52573034982,9.847383015752698,True,2971.672205084987
Hardin,2005,20.529254390681775,20.529254390681793,3028322.166530345,217.16346977145395,12,1.0000000000000009,1.0000000000000009,147512.52573034982,9.45336451489151,True,3028.322166530345
Hardin,2006,27.52763387395235,27.52763387395238,4060670.8001270494,204.86383317069306,12,1.0000000000000009,1.0000000000000009,147512.52573034982,13.437039348480928,True,4060.6708001270495
Hardin,2007,59.44306426712492,59.44306426712496,8768596.547195109,478.3911289739959,12,1.0000000000000009,1.0000000000000009,147512.52573034982,12.425620097641085,True,8768.59654719511
Hardin,2008,37.18898382911897,37.188983829118996,5485840.933978479,457.2114829673843,12,1.0000000000000009,1.0000000000000009,147512.52573034982,8.133869164386645,True,5485.840933978479
Hardin,2009,30.675471864190342,30.675471864190364,4525016.332657003,356.95297292962283,12,1.0000000000000009,1.0000000000000009,147512.52573034982,8.59370118490044,True,4525.016332657003
Hardin,2010,36.7862639427866,36.78626394278663,5426434.706383754,496.6420612964128,12,1.0000000000000009,1.0000000000000009,147512.52573034982,7.406997274206162,True,5426.434706383754
Hardin,2011,23.155416412232622,23.15541641223264,3415713.959306432,237.8595030589571,12,1.0000000000000009,1.0000000000000009,147512.52573034982,9.73491330573124,True,3415.713959306432
Hardin,2012,3.1719497333830953,2.463605878410693,363412.72552849835,61.25002002264015,12,0.9240767745665225,0.08892129479826093,147512.52573034982,5.178691749342501,True,363.41272552849836
Hardin,2013,49.31914687040643,49.31914687040648,7275191.921719737,258.6396962545847,12,1.0000000000000009,1.0000000000000009,147512.52573034982,19.068668725105724,True,7275.191921719737
Hardin,2014,47.95231717072241,47.95231717072245,7073567.420476091,316.6354069804278,12,1.0000000000000009,1.0000000000000009,147512.52573034982,15.14433197096195,True,7073.567420476091
Hardin,2015,45.02903533414702,45.02903533414705,6642346.733341198,328.36709399750777,12,1.0000000000000009,1.0000000000000009,147512.52573034982,13.713016973158943,True,6642.346733341198
Hardin,2016,57.16043006575881,57.160430065758845,8431879.410833113,438.03197962610193,12,1.0000000000000009,1.0000000000000009,147512.52573034982,13.049373727130646,True,8431.879410833113
Hardin,2017,33.1927560139224,33.19275601392243,4896347.275564956,296.5273562036149,12,1.0000000000000009,1.0000000000000009,147512.52573034982,11.193825904929358,True,4896.347275564955
Hardin,2018,55.930427303019925,55.93042730301996,8250438.596646192,574.5092066805507,12,1.0000000000000009,1.0000000000000009,147512.52573034982,9.735340470204056,True,8250.438596646192
Hardin,2019,37.08444592512979,37.08444592512982,5470420.283726479,480.1384454487808,12,1.0000000000000009,1.0000000000000009,147512.52573034982,7.723698503348825,True,5470.420283726479
Hardin,2020,22.45289408333592,22.452894083335938,3312083.116188912,259.96043422757714,12,1.0000000000000009,1.0000000000000009,147512.52573034982,8.637042844635342,True,3312.0831161889123
Harrison,2000,2.092801052977284,1.6192356345450714,293769.4948160289,44.15393387988328,12,0.7737169437302683,0.7737169437302683,181424.7960881643,4.739783908429443,True,293.7694948160289
Harrison,2001,8.369356361460452,6.4755128249786615,1174818.5938380458,143.63397678479967,12,0.7737169437302683,0.7737169437302683,181424.7960881643,5.826863913960889,True,1174.818593838046
Harrison,2002,4.679080941288899,3.6202842053605937,656809.3237387476,79.42981464363875,12,0.7737169437302683,0.7737169437302683,181424.7960881643,5.890837039317741,True,656.8093237387476
Harrison,2003,7.708761724909826,5.9999085950692255,1088532.1934080585,109.657017869294,12,0.7750555028737338,0.7737169437302683,181424.7960881643,7.029884520567856,True,1088.5321934080584
Harrison,2004,9.242714235485348,7.176331203308528,1301964.42522138,114.2459196974421,12,0.7750555028737338,0.7737169437302683,181424.7960881643,8.090191982315748,True,1301.96442522138
Harrison,2005,6.254856338866612,4.844559189967779,878923.1631769466,89.37950213184465,12,0.7750555028737338,0.7737169437302683,181424.7960881643,6.998088140656689,True,878.9231631769466
Harrison,2006,3.84834007470588,2.9795522593881865,540564.6610935307,58.98230519993004,12,0.7750555028737338,0.7737169437302683,181424.7960881643,6.524567091200167,True,540.5646610935307
Harrison,2007,23.207293556258136,17.9558762425992,3257641.1858978732,260.62479729864924,12,0.7737169437302683,0.7737169437302683,181424.7960881643,8.90448406935928,True,3257.641185897873
Harrison,2008,20.384148353114522,15.023610735329939,2725655.5141651905,304.2405450034976,11,0.7204831609415533,0.5785264068383131,181424.7960881643,6.700010464706532,False,2725.6555141651907
Harrison,2009,11.108516474748537,8.275083856852824,1501305.4013419836,181.02473504010587,11,0.7382277552044584,0.5785264068383131,181424.7960881643,6.136463324908309,False,1501.3054013419835
Harrison,2010,23.227654560068707,17.971629896238788,3260499.2892970797,344.75667431224485,12,0.7737169437302683,0.7737169437302683,181424.7960881643,6.737405332733749,True,3260.4992892970795
Harrison,2011,14.97879429017761,11.589346938960617,2102594.9051959207,206.93238752732665,12,0.7737169437302683,0.7737169437302683,181424.7960881643,7.23849681974001,True,2102.5949051959205
Harrison,2012,3.1623542836343765,2.448316850823425,444185.3854198565,58.68015667939135,12,0.7763394101234868,0.7737169437302683,181424.7960881643,5.389137423256072,True,444.1853854198565
Harrison,2013,9.412691344628646,7.282758779442424,1321273.0265196306,94.45342168022843,12,0.7737169437302683,0.7737169437302683,181424.7960881643,9.965431825747153,True,1321.2730265196305
Harrison,2014,19.080103460014676,14.858989848726079,2695789.2033812325,211.62708513975124,12,0.7750555028737338,0.7737169437302683,181424.7960881643,9.015908075951069,True,2695.7892033812323
Harrison,2015,38.45314495070864,29.751849788079298,5397723.281047979,385.1413280918273,12,0.7737169437302683,0.7737169437302683,181424.7960881643,9.9841648106745,True,5397.723281047979
Harrison,2016,36.79915613070022,28.47213061329834,5165550.490713231,369.90503467889346,12,0.7737169437302683,0.7737169437302683,181424.7960881643,9.948271226598678,True,5165.550490713231
Harrison,2017,20.825795955330005,16.113271197308116,2923346.941284916,263.4570617756944,12,0.7737169437302683,0.7737169437302683,181424.7960881643,7.904815993530266,True,2923.346941284916
Harrison,2018,23.787582583474023,18.404855695216884,3339097.191536812,312.05998966123946,12,0.7737169437302683,0.7737169437302683,181424.7960881643,7.622759524313554,True,3339.0971915368123
Harrison,2019,24.237796855890057,18.753194106094366,3402294.416699934,353.80286050762476,12,0.7737169437302683,0.7737169437302683,181424.7960881643,6.8506503370590215,True,3402.2944166999337
Harrison,2020,12.00911009393342,9.294663546643932,1686282.4386579692,168.37270692758065,12,0.7750555028737338,0.7737169437302683,181424.7960881643,7.13245650858289,True,1686.2824386579691
Henry,2000,9.106965060698327,8.463726090172969,956505.9870024626,132.88271867560513,12,0.7394922177719878,7.395441686789039e-05,113012.39865418604,6.853385565455173,True,956.5059870024626
Henry,2001,22.304537901818343,21.886849384417843,2473485.347915955,352.22721117251206,12,0.8215036043832201,7.395441686789039e-05,113012.39865418604,6.332428953336641,True,2473.4853479159547
Henry,2002,10.59195402694396,9.765829155770335,1103659.7777405898,196.80153642751452,12,0.7408080016260165,7.395441686789039e-05,113012.39865418604,5.382048442922173,True,1103.6597777405898
Henry,2003,2.432946675772288,1.3054571225266638,147532.8407569299,89.75697712423623,12,0.5767852284035516,7.395441686789039e-05,113012.39865418604,2.7105933752701463,True,147.5328407569299
Henry,2004,12.528835528737336,12.331012654755419,1393557.3179490322,201.82247944625155,12,0.9842105937516562,0.9842105937516562,113012.39865418604,6.207849374912649,True,1393.5573179490323
Henry,2005,6.7493622676822485,6.575658324618967,743130.9199955557,122.49756459043317,12,0.9021992071404239,7.395441686789039e-05,113012.39865418604,5.509793023435636,True,743.1309199955557
Henry,2006,6.273294788949796,5.789730886082468,654311.3749984056,94.52416786709503,12,0.8201878205291915,7.395441686789039e-05,113012.39865418604,6.636709881191774,True,654.3113749984055
Henry,2007,24.353930124208794,23.969396027733886,2708838.939386325,355.98473978434373,12,0.9842105937516562,0.9842105937516562,113012.39865418604,6.841284864896865,True,2708.838939386325
Henry,2008,23.277704415782388,22.708300553236253,2566319.514881409,571.6036142910057,12,0.9035149909944525,7.395441686789039e-05,113012.39865418604,4.072350809862377,True,2566.319514881409
Henry,2009,25.49189646412469,23.21091575667027,2623121.2646215493,603.7214525299742,12,0.9021992071404239,7.395441686789039e-05,113012.39865418604,4.222459936995372,True,2623.1212646215495
Henry,2010,29.686825847673166,29.21808849414042,3302006.264813083,801.2783658027759,12,0.9842105937516562,0.9842105937516562,113012.39865418604,3.7049329065475094,True,3302.0062648130834
Henry,2011,19.526926233792565,19.21202660695746,2171197.209860306,335.817515009221,12,0.9035149909944525,7.395441686789039e-05,113012.39865418604,5.814743234359407,True,2171.197209860306
Henry,2012,2.8252043941872564,2.7129882020426317,306601.3042333453,67.54757362019511,12,0.8201878205291915,7.395441686789039e-05,113012.39865418604,4.182540160617387,True,306.60130423334533
Henry,2013,19.296009746247023,18.93376235741882,2139749.8995602364,325.40381513635356,12,0.8201878205291915,7.395441686789039e-05,113012.39865418604,5.929865861640694,True,2139.7498995602364
Henry,2014,11.47219294210139,11.291053827179168,1276029.076343045,273.781075872285,12,0.9842105937516562,0.9842105937516562,113012.39865418604,4.19027973556982,True,1276.029076343045
Henry,2015,25.058835954879125,24.663171813876936,2787244.205106545,376.2805386505363,12,0.9842105937516562,0.9842105937516562,113012.39865418604,6.6596152021968,True,2787.244205106545
Henry,2016,10.61835962877401,10.450702034904285,1181058.9045847165,213.48020909414265,12,0.9842105937516562,0.9842105937516562,113012.39865418604,4.97393162290347,True,1181.0589045847166
Henry,2017,13.05250867509636,12.536278839288977,1416754.9418257626,165.63419969102577,12,0.6561650473067268,7.395441686789039e-05,113012.39865418604,7.880322239878313,True,1416.7549418257627
Henry,2018,11.31814812619357,10.663420288290956,1205098.704637473,282.99396773399445,12,0.9021992071404239,7.395441686789039e-05,113012.39865418604,3.999430877209467,True,1205.098704637473
Henry,2019,20.640650862262422,20.314747240567936,2295818.313710089,474.47379328715675,12,0.9842105937516562,0.9842105937516562,113012.39865418604,4.350219370234106,True,2295.8183137100887
Henry,2020,11.119158060631996,10.962311188385474,1238877.082193063,216.03345179482676,12,0.9855263776056847,0.9842105937516562,113012.39865418604,5.146961254496912,True,1238.8770821930632
Howard,2000,15.109340620387092,15.109340620387092,1852657.5134570743,232.94343395613922,12,0.9999999999999999,0.9999999999999999,122616.7018140604,6.486270234700851,True,1852.6575134570744
Howard,2001,22.816546888698966,22.816546888698966,2797689.726278128,286.9451692062919,12,0.9999999999999999,0.9999999999999999,122616.7018140604,7.951535462963516,True,2797.689726278128
Howard,2002,7.44540138950738,7.445401389507379,912930.5620632173,142.21682856844689,12,0.9999999999999999,0.9999999999999999,122616.7018140604,5.235246394152305,True,912.9305620632173
Howard,2003,6.217048121901145,6.217048121901144,762313.935726817,118.15596493813385,12,0.9999999999999999,0.9999999999999999,122616.7018140604,5.261730226786583,True,762.313935726817
Howard,2004,23.314604102429573,23.314604102429573,2858759.859140477,352.59213921343553,12,0.9999999999999999,0.9999999999999999,122616.7018140604,6.612343699561744,True,2858.759859140477
Howard,2005,12.026917023445968,12.026917023445966,1474700.8984063207,217.03682573328848,12,0.9999999999999999,0.9999999999999999,122616.7018140604,5.541417675461936,True,1474.7008984063207
Howard,2006,17.600728204388208,17.600728204388208,2158143.2419477915,216.01609508126128,12,0.9999999999999999,0.9999999999999999,122616.7018140604,8.147878146657145,True,2158.1432419477915
Howard,2007,32.70819559036093,32.70819559036092,4010571.06557925,429.7950155753763,12,0.9999999999999999,0.9999999999999999,122616.7018140604,7.610184949812349,True,4010.57106557925
Howard,2008,38.363685685870614,37.99975149633115,4659404.198234033,524.6408899532053,12,0.8834758772204799,0.19697019271578262,122616.7018140604,7.3123705034299595,True,4659.404198234033
Howard,2009,14.582512069193898,13.801641127101158,1692311.7146264352,242.39519269273305,11,0.9100727225907647,0.5053999742492058,122616.7018140604,6.0160071275337135,False,1692.311714626435
Howard,2010,30.39172387384039,30.391723873840387,3726532.9438539473,415.7705859720948,12,0.9999999999999999,0.9999999999999999,122616.7018140604,7.3097339973636775,True,3726.5329438539475
Howard,2011,24.49500761737129,24.495007617371286,3003497.0449523535,340.970180747695,12,0.9999999999999999,0.9999999999999999,122616.7018140604,7.183914899437105,True,3003.4970449523535
Howard,2012,7.51504027567026,7.4910063527294986,918522.4922398651,125.4283108388602,12,0.975197513913749,0.7023701669649884,122616.7018140604,5.991502417125712,True,918.5224922398651
Howard,2013,40.81729397304447,40.817293973044464,5004881.963949638,481.7855135210791,12,0.9999999999999999,0.9999999999999999,122616.7018140604,8.472088269058888,True,5004.881963949639
Howard,2014,25.74257195120738,25.74257195120738,3156469.2688681902,355.8555645374294,12,0.9999999999999999,0.9999999999999999,122616.7018140604,7.2339944956796485,True,3156.4692688681903
Howard,2015,20.99114892631342,20.99114892631342,2573865.4486323074,262.9781941223626,12,0.9999999999999999,0.9999999999999999,122616.7018140604,7.982087258742956,True,2573.8654486323076
Howard,2016,48.292359792633874,48.292359792633874,5921449.880590706,619.2589469669296,12,0.9999999999999999,0.9999999999999999,122616.7018140604,7.798411315519167,True,5921.449880590706
Howard,2017,34.442878438060845,34.442878438060845,4223272.155057636,474.8841483929368,12,0.9999999999999999,0.9999999999999999,122616.7018140604,7.252901271735338,True,4223.272155057636
Howard,2018,37.78209886156071,37.782098861560705,4632716.350017341,685.9999224325632,12,0.9999999999999999,0.9999999999999999,122616.7018140604,5.507595208988506,True,4632.716350017341
Howard,2019,34.587719178055366,34.587719178055366,4241032.048884073,648.1010946592718,12,0.9999999999999999,0.9999999999999999,122616.7018140604,5.336778391994428,True,4241.032048884073
Howard,2020,22.82864487296294,22.82864487296294,2799173.1412071753,387.5114953127533,12,0.9999999999999999,0.9999999999999999,122616.7018140604,5.891088431980157,True,2799.1731412071754
Humboldt,2000,5.974779222288411,5.807101941258913,654862.1597543113,70.38772205955368,12,0.8892232113972249,0.5294681677946486,112769.18614112442,8.488382700086907,True,654.8621597543113
Humboldt,2001,29.824064700472984,29.824064700473002,3363235.503692578,309.60427373646286,12,1.0000000000000004,1.0000000000000004,112769.18614112442,9.632962859504783,True,3363.2355036925783
Humboldt,2002,9.599846421830572,9.599846421830575,1082566.8680696194,90.5927297186043,12,1.0000000000000004,1.0000000000000004,112769.18614112442,10.596707320387905,True,1082.5668680696194
Humboldt,2003,17.031615027813967,17.028321446959747,1920269.950923105,138.80081601062324,12,0.9676451834314502,0.8058711005886994,112769.18614112442,12.270543875268311,True,1920.269950923105
Humboldt,2004,16.443846200581287,16.110794661831214,1816801.2021014781,190.2717077379689,12,0.9676451834314502,0.8058711005886994,112769.18614112442,8.642297058281935,True,1816.801202101478
Humboldt,2005,22.358713218768983,22.265211399850568,2510829.768821234,216.1199329085128,12,0.9838225917157253,0.8058711005886994,112769.18614112442,10.345511826636464,True,2510.8297688212338
Humboldt,2006,20.946565461318997,20.83754901703339,2349833.443826643,196.17789255862354,12,0.9769664222671629,0.7235970672059497,112769.18614112442,10.677332286592673,True,2349.833443826643
Humboldt,2007,29.14315114269744,29.14315114269746,3286449.435949772,331.6891810123047,12,1.0000000000000004,1.0000000000000004,112769.18614112442,8.78628330708692,True,3286.449435949772
Humboldt,2008,25.401950278689128,24.368862219668532,2748056.759697215,286.8799769770903,12,0.7433551101128005,0.19412889941130118,112769.18614112442,8.854556719626927,True,2748.056759697215
Humboldt,2009,16.460686464814355,13.119048216653749,1479424.390338213,190.38827521675086,12,0.7593212388357129,0.19412889941130118,112769.18614112442,8.645850930722704,True,1479.424390338213
Humboldt,2010,33.14467013750945,33.144670137509465,3737697.476322973,477.4308551205511,12,1.0000000000000004,1.0000000000000004,112769.18614112442,6.942297461930992,True,3737.697476322973
Humboldt,2011,23.242355463330433,23.194484067932525,2615623.091304028,297.86559981218977,12,0.8548258845642499,0.4201486565024487,112769.18614112442,7.802967337613072,True,2615.623091304028
Humboldt,2012,4.2662214606931395,3.927917642942875,442948.07582403166,60.909086481120184,12,0.744260375522837,0.14374572370839794,112769.18614112442,7.00424469839246,True,442.94807582403166
Humboldt,2013,28.521437110717862,28.51297887466878,3215385.4221554715,171.85733934002852,12,0.9514677751471753,0.8058711005886994,112769.18614112442,16.595995969823985,True,3215.3854221554716
Humboldt,2014,22.312352337921254,22.31235233792126,2516145.814041395,179.37359576013023,12,1.0000000000000004,1.0000000000000004,112769.18614112442,12.439039449127591,True,2516.145814041395
Humboldt,2015,29.541879660351245,29.357521175296608,3310623.7700590244,233.07809759025747,12,0.9769664222671629,0.7235970672059497,112769.18614112442,12.674669977907902,True,3310.6237700590245
Humboldt,2016,46.0862875323171,46.08628753231714,5197113.137285252,398.4736265788001,12,1.0000000000000004,1.0000000000000004,112769.18614112442,11.565705848089124,True,5197.113137285252
Humboldt,2017,22.888571040349014,22.86443806446489,2578404.072103852,258.4065205262918,12,0.9516790547085378,0.61427755591375,112769.18614112442,8.857582615845871,True,2578.404072103852
Humboldt,2018,37.310442175219116,37.31044217521914,4207468.198664946,595.3184476497755,12,1.0000000000000004,1.0000000000000004,112769.18614112442,6.267308248638175,True,4207.468198664946
Humboldt,2019,26.139496474370787,26.110511613425565,2944461.144374378,496.77486314143806,12,0.9769664222671629,0.7235970672059497,112769.18614112442,5.261839600553329,True,2944.461144374378
Humboldt,2020,13.708440817267784,13.674170253425146,1542025.0506339269,225.8665262500264,12,0.8712145724098876,0.4201486565024487,112769.18614112442,6.069266236508643,True,1542.0250506339269
Ida,2000,1.793079055570067,1.7930790555700653,200628.68173278778,36.83694410935499,12,0.9999999999999991,0.9999999999999991,111890.59462244561,4.867610761215946,True,200.62868173278778
Ida,2001,7.815540875363674,7.815540875363666,874485.5158404699,131.09132932415469,12,0.9999999999999991,0.9999999999999991,111890.59462244561,5.96190527295507,True,874.4855158404698
Ida,2002,5.623586987151521,5.623586987151515,629226.4919034304,86.09396373104299,12,0.9999999999999991,0.9999999999999991,111890.59462244561,6.531917852823656,True,629.2264919034304
Ida,2003,13.453271346934368,13.45327134693436,1505294.5306255952,137.95169077713237,12,0.9999999999999991,0.9999999999999991,111890.59462244561,9.75216126105245,True,1505.2945306255951
Ida,2004,14.482954508588453,14.482954508588438,1620506.3918557903,151.72783434368657,12,0.9999999999999991,0.9999999999999991,111890.59462244561,9.54535110267399,True,1620.5063918557903
Ida,2005,10.124543120903061,10.124543120903049,1132841.1500784338,109.03804335201019,12,0.9999999999999991,0.9999999999999991,111890.59462244561,9.285330889713189,True,1132.8411500784339
Ida,2006,7.9998345028277615,7.999834502827755,895106.2394025541,89.36377145248566,12,0.9999999999999991,0.9999999999999991,111890.59462244561,8.951988454383038,True,895.1062394025541
Ida,2007,25.101732490117225,25.101732490117204,2808647.7743727765,253.52498515394646,12,0.9999999999999991,0.9999999999999991,111890.59462244561,9.90108823983358,True,2808.6477743727764
Ida,2008,18.488910634292488,17.451164012169713,1952621.1181754926,227.38497762647148,11,0.77952804383694,0.19160282740211532,111890.59462244561,8.131104713814684,False,1952.6211181754927
Ida,2009,11.227110436161727,10.462893905494811,1170699.4205573767,152.9766717225391,11,0.8530186958912929,0.19160282740211532,111890.59462244561,7.339099687385577,False,1170.6994205573767
Ida,2010,35.029016673417594,35.02901667341756,3919417.5046282527,378.0574247102333,12,0.9999999999999991,0.9999999999999991,111890.59462244561,9.265528034601095,True,3919.4175046282526
Ida,2011,20.053729082847294,20.053729082847276,2243823.671477213,223.1250445498679,12,0.9999999999999991,0.9999999999999991,111890.59462244561,8.98766390088735,True,2243.823671477213
Ida,2012,3.830376347192661,3.830376347192658,428583.08711513766,65.4203504339532,12,0.9999999999999991,0.9999999999999991,111890.59462244561,5.855022667693772,True,428.5830871151377
Ida,2013,12.20270211058759,12.202702110587577,1365367.5951542158,123.82442275681483,12,0.9999999999999991,0.9999999999999991,111890.59462244561,9.854842719156547,True,1365.367595154216
Ida,2014,14.713654688960316,14.713654688960304,1646319.5722171036,185.4200166678726,12,0.9999999999999991,0.9999999999999991,111890.59462244561,7.93531084365916,True,1646.3195722171035
Ida,2015,36.18024535545627,36.180245355456236,4048229.1664079735,316.202815331338,12,0.9999999999999991,0.9999999999999991,111890.59462244561,11.442100955851467,True,4048.2291664079735
Ida,2016,42.85907207972561,42.859072079725564,4795527.059966751,386.78329154319255,12,0.9999999999999991,0.9999999999999991,111890.59462244561,11.080900601658872,True,4795.527059966751
Ida,2017,19.61790188389548,19.617901883895467,2195058.7070338596,229.36047810993026,12,0.9999999999999991,0.9999999999999991,111890.59462244561,8.553305279775712,True,2195.0587070338597
Ida,2018,24.105804847671713,24.10580484767169,2697212.838258617,313.5656602182853,12,0.9999999999999991,0.9999999999999991,111890.59462244561,7.687641826241662,True,2697.212838258617
Ida,2019,28.19264190628765,28.192641906287626,3154491.4668722004,378.9779507931117,12,0.9999999999999991,0.9999999999999991,111890.59462244561,7.4391245842369145,True,3154.4914668722004
Ida,2020,14.334005812729274,14.334005812729261,1603840.433707869,178.86323298299297,12,0.9999999999999991,0.9999999999999991,111890.59462244561,8.01394762560968,True,1603.840433707869
Iowa,2000,7.8569381792182265,7.856938179218225,1194530.983406196,114.77227506296053,12,0.9999999999999997,0.9999999999999998,152035.1765737138,6.845676078920761,True,1194.5309834061961
Iowa,2001,24.560196074268532,24.560196074268532,3734013.746836449,303.31936934780555,12,0.9999999999999997,0.9999999999999998,152035.1765737138,8.097140689392054,True,3734.013746836449
Iowa,2002,10.543162586550736,10.543162586550732,1602931.5854916142,142.05514763126058,12,0.9999999999999997,0.9999999999999998,152035.1765737138,7.4218799968573705,True,1602.9315854916142
Iowa,2003,10.40701031084176,10.407010310841759,1582231.650213287,130.8318225363581,12,0.9999999999999997,0.9999999999999998,152035.1765737138,7.954494639826376,True,1582.231650213287
Iowa,2004,18.38497462515849,18.384974625158485,2795162.863439218,241.1340058732608,12,0.9999999999999997,0.9999999999999998,152035.1765737138,7.624380708385679,True,2795.162863439218
Iowa,2005,13.303026291716456,13.303026291716456,2022527.9512258684,161.20696139386192,12,0.9999999999999997,0.9999999999999998,152035.1765737138,8.252141332292974,True,2022.5279512258685
Iowa,2006,10.89340447516888,10.893404475168879,1656180.6728711845,125.09255496710904,12,0.9999999999999997,0.9999999999999998,152035.1765737138,8.70827562682137,True,1656.1806728711845
Iowa,2007,37.42978487148917,37.42978487148916,5690643.952052975,428.71084845979556,12,0.9999999999999997,0.9999999999999998,152035.1765737138,8.730776234368916,True,5690.643952052975
Iowa,2008,43.15379688303525,42.45440963027527,6454563.664471678,682.1988289374254,12,0.9365106043784972,0.6190636262709841,152035.1765737138,6.325692020059671,True,6454.563664471679
Iowa,2009,29.970991409285986,27.86659766223751,4236703.09608692,547.3855595195398,12,0.9047659065677459,0.6190636262709841,152035.1765737138,5.475298149186218,True,4236.703096086921
Iowa,2010,33.46562102666676,33.46562102666675,5087951.601938268,545.9723394223554,12,0.9999999999999997,0.9999999999999998,152035.1765737138,6.129545145469044,True,5087.951601938268
Iowa,2011,17.200635097319193,17.200635097319186,2615101.5942009417,268.6972148742925,12,0.9999999999999997,0.9999999999999998,152035.1765737138,6.401493631173792,True,2615.1015942009417
Iowa,2012,4.490007804416169,4.490007804416168,682639.1293617652,91.53089083475162,12,0.9999999999999997,0.9999999999999998,152035.1765737138,4.905456249215749,True,682.6391293617652
Iowa,2013,25.391372413547312,25.39137241354731,3860381.7883425904,375.50390150885414,12,0.9999999999999997,0.9999999999999998,152035.1765737138,6.761946363678088,True,3860.3817883425904
Iowa,2014,21.30513244240967,21.305132442409665,3239129.5728081125,339.70156111739743,12,0.9999999999999997,0.9999999999999998,152035.1765737138,6.2717204985251245,True,3239.1295728081127
Iowa,2015,34.75577199431061,34.7557719943106,5284099.932110748,382.0454665154724,12,0.9999999999999997,0.9999999999999998,152035.1765737138,9.097286852088072,True,5284.099932110748
Iowa,2016,29.376444541282932,29.376444541282925,4466252.932941861,362.5087268727484,12,0.9999999999999997,0.9999999999999998,152035.1765737138,8.10365168163109,True,4466.252932941861
Iowa,2017,19.005363129923794,19.00536312992379,2889483.739305515,239.66369679800204,12,0.9999999999999997,0.9999999999999998,152035.1765737138,7.930013341128698,True,2889.483739305515
Iowa,2018,22.686646008444974,22.68664600844497,3449168.23175927,435.6788852364667,12,0.9999999999999997,0.9999999999999998,152035.1765737138,5.207194283957941,True,3449.1682317592704
Iowa,2019,25.366763468474232,25.36676346847423,3856640.363033112,500.38272374585824,12,0.9999999999999997,0.9999999999999998,152035.1765737138,5.069472278854671,True,3856.640363033112
Iowa,2020,16.622794607326423,16.62279460732642,2527249.5132734496,294.5145451927179,12,0.9999999999999997,0.9999999999999998,152035.1765737138,5.644133669679767,True,2527.24951327345
Jackson,2000,19.97167298325746,13.515871863340742,2274207.365339179,236.7606097941346,12,0.6767521115868108,0.6767521115868107,168261.98030979699,8.435386697399961,True,2274.207365339179
Jackson,2001,28.496887196055635,19.285328583581798,3244987.5783986044,305.4697052405488,12,0.6767521115868108,0.6767521115868107,168261.98030979699,9.328875075718274,True,3244.9875783986045
Jackson,2002,29.011199216908057,19.633390329708153,3303553.137071912,333.22765778517976,12,0.6767521115868108,0.6767521115868107,168261.98030979699,8.706119837030624,True,3303.5531370719123
Jackson,2003,13.070320030793019,8.845366679954564,1488338.914135449,196.87493075184295,12,0.6767521115868108,0.6767521115868107,168261.98030979699,6.638895049196439,True,1488.3389141354492
Jackson,2004,24.592478476570882,16.643011738172543,2800386.1133841085,321.09297331974267,12,0.6767521115868108,0.6767521115868107,168261.98030979699,7.65898992504013,True,2800.3861133841087
Jackson,2005,7.32229490921591,4.955378541473222,833801.8065729577,136.85978667191222,12,0.6767521115868108,0.6767521115868107,168261.98030979699,5.3502165152202945,True,833.8018065729576
Jackson,2006,17.2377700813635,11.6656973016107,1962893.3296636713,189.6868072267092,12,0.6767521115868108,0.6767521115868107,168261.98030979699,9.087490233709994,True,1962.8933296636712
Jackson,2007,31.924884040307763,21.60523268644235,3635339.2368747448,379.2711368839476,12,0.6767521115868108,0.6767521115868107,168261.98030979699,8.417430417352426,True,3635.339236874745
Jackson,2008,53.637054781229935,36.29899008249478,6107739.954526255,729.5345360694326,12,0.6767521115868108,0.6767521115868107,168261.98030979699,7.3522296929511075,True,6107.739954526255
Jackson,2009,28.229517592963568,19.10438564011511,3214541.760407818,426.73460214156,12,0.6767521115868108,0.6767521115868107,168261.98030979699,6.615239882422057,True,3214.541760407818
Jackson,2010,48.09860177339563,32.550830314518606,5477067.169449071,579.8702076053419,12,0.6767521115868108,0.6767521115868107,168261.98030979699,8.29471856676786,True,5477.067169449071
Jackson,2011,39.20836478359343,26.5343436591628,4464721.210311438,401.1068447205197,12,0.6767521115868108,0.6767521115868107,168261.98030979699,9.775042560271629,True,4464.721210311438
Jackson,2012,14.250207812866838,9.6438582279085,1622694.6832548135,185.93191631892162,12,0.6767521115868108,0.6767521115868107,168261.98030979699,7.6642074663631305,True,1622.6946832548135
Jackson,2013,34.82388873455306,23.567140234772936,3965453.686141588,367.6016717858902,12,0.6767521115868108,0.6767521115868107,168261.98030979699,9.473267236618078,True,3965.4536861415877
Jackson,2014,29.425271459175,19.913614594011793,3350704.2267144984,313.0122211969416,12,0.6767521115868108,0.6767521115868107,168261.98030979699,9.400678141784487,True,3350.7042267144984
Jackson,2015,20.02649309850271,13.5529714920904,2280449.8223413546,266.292724264451,12,0.6767521115868108,0.6767521115868107,168261.98030979699,7.520480761845645,True,2280.449822341355
Jackson,2016,33.514498030883374,22.68100731117233,3816351.20559884,397.73747853915893,12,0.6767521115868108,0.6767521115868107,168261.98030979699,8.426286140792671,True,3816.35120559884
Jackson,2017,26.6990085295757,18.068610399664625,3040260.167293762,328.94928819277976,12,0.6767521115868108,0.6767521115868107,168261.98030979699,8.116451224520913,True,3040.2601672937617
Jackson,2018,40.51137779965806,27.416160469209633,4613097.453040386,576.9944690272613,12,0.6767521115868108,0.6767521115868107,168261.98030979699,7.021103316285691,True,4613.0974530403855
Jackson,2019,35.23471237395904,23.8451660002307,4012234.85201466,595.2703662279561,12,0.6767521115868108,0.6767521115868107,168261.98030979699,5.919110772678052,True,4012.2348520146597
Jackson,2020,25.61653691764898,17.336045450560434,2916997.3382519465,391.8766780331269,12,0.6767521115868108,0.6767521115868107,168261.98030979699,6.536887330529915,True,2916.9973382519465
Jasper,2000,2.487955769446406,2.487955769446412,471729.8871607489,61.392846368790146,12,1.0000000000000022,1.0000000000000022,189605.41539921035,4.052517380447099,True,471.7298871607489
Jasper,2001,22.03386509623688,22.03386509623693,4177740.1444221656,236.6872436695527,12,1.0000000000000022,1.0000000000000022,189605.41539921035,9.3092744478444,True,4177.740144422166
Jasper,2002,11.279930665246663,11.279930665246692,2138735.9394583907,107.08854100517013,12,1.0000000000000022,1.0000000000000022,189605.41539921035,10.533275137908621,True,2138.7359394583905
Jasper,2003,15.048366428549247,15.038393132955491,2851360.7769106585,142.81136489054848,12,0.9735647127879444,0.6827765534553092,189605.41539921035,10.537233111722173,True,2851.3607769106584
Jasper,2004,25.18048552798682,25.180485527986882,4774356.418487758,233.54384547686965,12,1.0000000000000022,1.0000000000000022,189605.41539921035,10.781909271285299,True,4774.356418487759
Jasper,2005,17.129547676536674,17.12954767653671,3247855.0028103217,163.8969449426763,12,1.0000000000000022,1.0000000000000022,189605.41539921035,10.45141365052766,True,3247.855002810322
Jasper,2006,16.9904393388815,16.960353618524817,3215774.893157898,154.25793005055672,12,0.9735647127879444,0.6827765534553092,189605.41539921035,11.014305282919997,True,3215.774893157898
Jasper,2007,38.766868808616884,38.76686880861698,7350408.264184511,423.8517777408695,12,1.0000000000000022,1.0000000000000022,189605.41539921035,9.14632681623853,True,7350.408264184512
Jasper,2008,33.91859031063016,31.91529507228569,6051312.779769099,561.2780108365062,12,0.8945031271945546,0.5739837742180274,189605.41539921035,6.0430997929313595,True,6051.3127797690995
Jasper,2009,29.740637282679362,26.714033885851467,5065125.4919154495,439.9489918023324,12,0.8934959435545085,0.5739837742180274,189605.41539921035,6.760019419715305,True,5065.12549191545
Jasper,2010,32.360936908012384,32.360936908012455,6135808.88515134,730.3524308813754,12,1.0000000000000022,1.0000000000000022,189605.41539921035,4.430865913454936,True,6135.808885151339
Jasper,2011,15.03770652661867,15.032808490024575,2850301.8983678855,247.3993668878492,12,0.9735647127879444,0.6827765534553092,189605.41539921035,6.078312453174363,True,2850.3018983678853
Jasper,2012,3.6460139500318545,3.5676975434516685,676454.7747448961,60.91235767131736,12,0.8413882767276557,0.6827765534553092,189605.41539921035,5.985672020291383,True,676.4547747448961
Jasper,2013,26.630055428531854,26.603890051734293,5044241.624493999,279.9464334925887,12,0.920694138363829,0.6827765534553092,189605.41539921035,9.512553918368408,True,5044.241624494
Jasper,2014,23.104428378946324,22.962329399097204,4353782.004249325,320.92962375810345,12,0.9735647127879444,0.6827765534553092,189605.41539921035,7.19921960098049,True,4353.782004249325
Jasper,2015,38.14623495359144,38.14623495359153,7232732.7242916,460.0065531884094,12,1.0000000000000022,1.0000000000000022,189605.41539921035,8.292541636459582,True,7232.7327242916
Jasper,2016,20.317646657745954,20.317646657745993,3852335.8344763075,293.36407259271834,12,1.0000000000000022,1.0000000000000022,189605.41539921035,6.925744682428527,True,3852.3358344763074
Jasper,2017,15.543321080842043,15.533238589971592,2945186.155346608,208.3511545065959,12,0.9655058314915502,0.5860699778985797,189605.41539921035,7.460155964890504,True,2945.186155346608
Jasper,2018,25.333444194981432,25.33344419498149,4803358.21008218,477.94983806816424,12,1.0000000000000022,1.0000000000000022,189605.41539921035,5.300439957753145,True,4803.3582100821795
Jasper,2019,21.929543291824583,21.929543291824636,4157960.165361376,447.22185518898294,12,1.0000000000000022,1.0000000000000022,189605.41539921035,4.903504387673048,True,4157.960165361376
Jasper,2020,11.282631811003181,11.262412701911474,2135414.4387432686,204.59135669495203,12,0.9655058314915504,0.6827765534553092,189605.41539921035,5.514715769652826,True,2135.4144387432684
Jefferson,2000,8.083769582933433,7.971513239559799,901461.830939151,110.10860769629637,12,0.7643008174920886,0.002018896794060323,113085.40848499315,7.3416327315937355,True,901.461830939151
Jefferson,2001,21.657431780997754,21.454611470251717,2426203.502000235,344.4538327256182,12,0.8474659094259169,0.08479545655549378,113085.40848499315,6.287470111633052,True,2426.203502000235
Jefferson,2002,9.96724481980814,9.448657896842983,1068505.3378994449,176.1563097050416,12,0.7711988641388746,0.08479545655549378,113085.40848499315,5.658182120468704,True,1068.5053378994448
Jefferson,2003,4.712004662354062,1.8292094942055122,206856.90285685807,101.45718828019358,12,0.61866477356479,0.08479545655549378,113085.40848499315,4.644328058196283,True,206.85690285685806
Jefferson,2004,12.353860888290479,12.353860888290498,1397041.404919111,201.0783515910863,12,1.0000000000000016,1.0000000000000016,113085.40848499315,6.1438045371554155,True,1397.0414049191108
Jefferson,2005,6.951016916191529,6.852446484781482,774911.7098530693,127.54528055396781,12,0.9237329547129592,0.08479545655549378,113085.40848499315,5.449842507696997,True,774.9117098530693
Jefferson,2006,6.081430221415228,5.872399637204784,664082.7117604286,90.17204132789301,12,0.8474659094259169,0.08479545655549378,113085.40848499315,6.744252577471652,True,664.0827117604287
Jefferson,2007,24.022087888336518,24.022087888336557,2716547.6215149458,356.8148386110164,12,1.0000000000000016,1.0000000000000016,113085.40848499315,6.732367964809986,True,2716.5476215149456
Jefferson,2008,24.93040164030001,22.79873038103671,2578203.73807876,581.1008853568468,12,0.9168349080661731,0.002018896794060323,113085.40848499315,4.2902019715544855,True,2578.20373807876
Jefferson,2009,24.51801529906209,22.498678180519647,2544272.212416467,577.0129287253153,12,0.9168349080661731,0.002018896794060323,113085.40848499315,4.249127546106301,True,2544.2722124164666
Jefferson,2010,29.007394254996495,29.00739425499654,3280313.0284115276,789.9230199684063,12,1.0000000000000016,1.0000000000000016,113085.40848499315,3.6721798861054427,True,3280.3130284115277
Jefferson,2011,19.404499285572946,19.367514903044523,2190183.334149982,328.8959809618128,12,0.9237329547129592,0.08479545655549378,113085.40848499315,5.899889451013373,True,2190.183334149982
Jefferson,2012,2.7025609197100287,2.6729314381582907,302269.54353651055,63.4274287943526,12,0.8474659094259169,0.08479545655549378,113085.40848499315,4.260871000261416,True,302.2695435365105
Jefferson,2013,18.589406709566852,18.559756091770677,2098837.599019727,312.9994206721219,12,0.8474659094259169,0.08479545655549378,113085.40848499315,5.939118567583523,True,2098.8375990197273
Jefferson,2014,11.312003265622415,11.312003265622435,1279222.5100764895,272.8712623646531,12,1.0000000000000016,1.0000000000000016,113085.40848499315,4.145545840039965,True,1279.2225100764895
Jefferson,2015,24.983097535056118,24.983097535056157,2825223.789972251,378.0277854279864,12,1.0000000000000016,1.0000000000000016,113085.40848499315,6.60879927298766,True,2825.223789972251
Jefferson,2016,11.25345994276537,11.253459942765385,1272602.1144971317,220.36298905271224,12,1.0000000000000016,1.0000000000000016,113085.40848499315,5.1067831268496136,True,1272.6021144971317
Jefferson,2017,12.833640169003369,12.519569658166164,1415780.6488500463,168.26348791513033,12,0.6949318188518322,0.08479545655549378,113085.40848499315,7.627109320042427,True,1415.7806488500464
Jefferson,2018,12.520508588458883,11.225751408350375,1269468.6835642895,306.74711112004087,12,0.9237329547129592,0.08479545655549378,113085.40848499315,4.081703831779257,True,1269.4686835642894
Jefferson,2019,20.054045714966897,20.05404571496692,2267819.9514537617,472.66782892215844,12,1.0000000000000016,1.0000000000000016,113085.40848499315,4.242735487349935,True,2267.819951453762
Jefferson,2020,10.781362417870804,10.781362417870826,1219214.7730496756,213.8600489518653,12,1.0000000000000016,1.0000000000000016,113085.40848499315,5.041316725919869,True,1219.2147730496756
Johnson,2000,8.123319029188437,8.123319029188474,1310239.1851165036,124.27041299545901,12,1.0000000000000044,1.0000000000000044,161293.57721992582,6.536808588127307,True,1310.2391851165037
Johnson,2001,24.868339998561435,24.86833999856154,4011103.517889356,308.2659711823627,12,1.0000000000000044,1.0000000000000044,161293.57721992582,8.067170016586076,True,4011.1035178893558
Johnson,2002,10.196983890407477,10.196983890407523,1644708.0085377854,152.9086884953333,12,1.0000000000000044,1.0000000000000044,161293.57721992582,6.6686752667548275,True,1644.7080085377854
Johnson,2003,9.040553607990901,9.04055360799094,1458183.2314813663,126.64515552314093,12,1.0000000000000044,1.0000000000000044,161293.57721992582,7.138491457210922,True,1458.1832314813664
Johnson,2004,18.004628771210953,18.004628771211035,2904030.981025425,242.46218319051485,12,1.0000000000000044,1.0000000000000044,161293.57721992582,7.425747196652025,True,2904.030981025425
Johnson,2005,12.362952417660727,12.36295241766078,1994064.820444238,155.97803168489315,12,1.0000000000000044,1.0000000000000044,161293.57721992582,7.9260856699591935,True,1994.064820444238
Johnson,2006,10.24156025347407,10.241560253474114,1651897.8895962504,122.92327176680372,12,1.0000000000000044,1.0000000000000044,161293.57721992582,8.331669102416353,True,1651.8978895962505
Johnson,2007,35.44993622205573,35.4499362220559,5717847.025473616,416.5800074924725,12,1.0000000000000044,1.0000000000000044,161293.57721992582,8.50975456922193,True,5717.847025473616
Johnson,2008,40.73649511610026,39.995385787751715,6450998.845997456,671.6947412310208,12,0.927661804184082,0.624717566462125,161293.57721992582,6.064733370018966,True,6450.998845997457
Johnson,2009,29.116310337788484,27.04315045866391,4361886.476774581,540.8398438607453,12,0.9061793916155345,0.624717566462125,161293.57721992582,5.383536488351866,True,4361.886476774581
Johnson,2010,31.621729205379715,31.621729205379854,5100381.821415519,533.8290047400726,12,1.0000000000000044,1.0000000000000044,161293.57721992582,5.923568956463258,True,5100.381821415519
Johnson,2011,17.67527856265176,17.67527856265184,2850908.907728784,275.5515799532861,12,1.0000000000000044,1.0000000000000044,161293.57721992582,6.4145081533004555,True,2850.9089077287836
Johnson,2012,4.511375782150164,4.511375782150185,727655.938086344,94.98946630895885,12,1.0000000000000044,1.0000000000000044,161293.57721992582,4.749343224517809,True,727.655938086344
Johnson,2013,25.1995057013159,25.199505701316006,4064518.4187391745,375.8887787707672,12,1.0000000000000044,1.0000000000000044,161293.57721992582,6.703979241871336,True,4064.5184187391746
Johnson,2014,20.27741438298293,20.277414382983018,3270616.7026021066,345.59684614020296,12,1.0000000000000044,1.0000000000000044,161293.57721992582,5.867360946562781,True,3270.6167026021067
Johnson,2015,32.179318859256625,32.17931885925676,5190317.451310145,371.1311551239772,12,1.0000000000000044,1.0000000000000044,161293.57721992582,8.670605637650404,True,5190.317451310145
Johnson,2016,28.93706988093279,28.93706988093292,4667363.515358643,372.34145583245834,12,1.0000000000000044,1.0000000000000044,161293.57721992582,7.771648691719554,True,4667.363515358643
Johnson,2017,18.8251356600877,18.82513566008778,3036373.4722659476,247.69113076239577,12,1.0000000000000044,1.0000000000000044,161293.57721992582,7.600246162284352,True,3036.3734722659474
Johnson,2018,22.75003805594131,22.75003805594141,3669435.019932237,448.2813499257915,12,1.0000000000000044,1.0000000000000044,161293.57721992582,5.074946361187533,True,3669.435019932237
Johnson,2019,25.254221570504317,25.25422157050443,4073343.737011272,507.24995944267124,12,1.0000000000000044,1.0000000000000044,161293.57721992582,4.978654231584718,True,4073.343737011272
Johnson,2020,16.543554560811945,16.543554560812016,2668369.0950463894,300.98297361650714,12,1.0000000000000044,1.0000000000000044,161293.57721992582,5.496508444325047,True,2668.3690950463892
Jones,2000,19.028370073746842,19.0283700737469,2842794.3111027987,233.06617809569912,12,1.0000000000000029,1.0000000000000029,149397.6783132335,8.164363542244049,True,2842.7943111027985
Jones,2001,28.152797066068675,28.152797066068757,4205962.519694285,319.4981727229496,12,1.0000000000000029,1.0000000000000029,149397.6783132335,8.811567473495742,True,4205.962519694284
Jones,2002,22.913859522273018,22.913859522273086,3423277.4138231766,284.4212970424977,12,1.0000000000000029,1.0000000000000029,149397.6783132335,8.056309341297066,True,3423.2774138231766
Jones,2003,11.094907435768631,10.979112560453528,1640253.926471418,181.71045248199206,12,0.971876515138244,0.6625181816588974,149397.6783132335,6.105816855454785,True,1640.253926471418
Jones,2004,25.741301348011984,25.741301348012055,3845690.6581543093,326.09123378645666,12,1.0000000000000029,1.0000000000000029,149397.6783132335,7.8938955362623675,True,3845.6906581543094
Jones,2005,8.23271294386283,8.232712943862856,1229948.2000324163,149.6677755122814,12,1.0000000000000029,1.0000000000000029,149397.6783132335,5.500658318521794,True,1229.9482000324163
Jones,2006,17.99177328859827,17.991773288598324,2687929.15805464,198.45744244853074,12,1.0000000000000029,1.0000000000000029,149397.6783132335,9.065809307335186,True,2687.92915805464
Jones,2007,32.731263515893886,32.73126351589398,4889974.777533205,405.9920922189549,12,1.0000000000000029,1.0000000000000029,149397.6783132335,8.06204459229754,True,4889.974777533205
Jones,2008,48.42678847431914,48.15779941604969,7194663.425432216,680.8546776728417,12,0.970509888243619,0.6570516740803968,149397.6783132335,7.1126468044314075,True,7194.663425432216
Jones,2009,25.897236863393093,24.82093514869173,3708190.0847778777,418.60216660417825,12,0.9544656837276554,0.5928748560165426,149397.6783132335,6.186598859121768,True,3708.1900847778775
Jones,2010,42.789250937870065,42.78925093787019,6392614.746880157,558.8629853067896,12,1.0000000000000029,1.0000000000000029,149397.6783132335,7.656483263850579,True,6392.614746880157
Jones,2011,32.483203245161995,32.483203245162095,4852915.149004109,373.50759122663476,12,1.0000000000000029,1.0000000000000029,149397.6783132335,8.696798675090923,True,4852.9151490041095
Jones,2012,12.059695815783092,12.059695815783128,1801690.5560418158,167.0296497935205,12,1.0000000000000029,1.0000000000000029,149397.6783132335,7.220092858178836,True,1801.6905560418159
Jones,2013,34.52177620335253,34.52177620335263,5157473.216029916,401.32608513747766,12,1.0000000000000029,1.0000000000000029,149397.6783132335,8.601926832522436,True,5157.473216029916
Jones,2014,26.279960326448105,26.279960326448176,3926165.0589352436,330.67481169932086,12,1.0000000000000029,1.0000000000000029,149397.6783132335,7.947372886188924,True,3926.1650589352435
Jones,2015,21.825990653529875,21.653584253173193,3234995.2145840684,273.5474518618703,12,0.971876515138244,0.6625181816588974,149397.6783132335,7.978868201832515,True,3234.9952145840684
Jones,2016,35.257497674171084,35.25749767417119,5267388.295655406,447.90384687566444,12,1.0000000000000029,1.0000000000000029,149397.6783132335,7.871666635620204,True,5267.388295655406
Jones,2017,28.719339744028666,28.719339744028748,4290602.680446869,365.4284452401174,12,1.0000000000000029,1.0000000000000029,149397.6783132335,7.8590870847937495,True,4290.602680446868
Jones,2018,37.66716050407757,37.667160504077685,5627386.327961133,613.7392387767046,12,1.0000000000000029,1.0000000000000029,149397.6783132335,6.137323169878329,True,5627.386327961133
Jones,2019,32.18040452490328,32.18040452490337,4807677.723201238,572.8013236572082,12,1.0000000000000029,1.0000000000000029,149397.6783132335,5.618074399590874,True,4807.677723201237
Jones,2020,25.017463240858596,24.456490060443517,3653742.834720933,395.81820166606155,12,0.971876515138244,0.6625181816588974,149397.6783132335,6.320442853703071,True,3653.742834720933
Keokuk,2000,4.448582234145512,4.40109832311918,660793.4085482777,88.68609833808094,12,0.9506160653148821,0.8024642612595309,150142.84163502968,5.016098709390775,True,660.7934085482777
Keokuk,2001,22.232143055585453,22.18789999866393,3331354.3557132743,294.8598844187261,12,0.9670773768765878,0.8024642612595309,150142.84163502968,7.53990089205011,True,3331.3543557132743
Keokuk,2002,9.352235569640548,9.256225369384792,1389755.9797736846,131.33073880968757,12,0.9506160653148821,0.8024642612595309,150142.84163502968,7.121132230279271,True,1389.7559797736847
Keokuk,2003,8.989578149320973,8.496822556288997,1275737.0834698472,119.23794179037989,12,0.8811867494183815,0.36438394798245893,150142.84163502968,7.539192654905632,True,1275.7370834698472
Keokuk,2004,18.446472632607527,18.446472632607513,2769605.8192024985,214.73389411321804,12,0.9999999999999992,0.9999999999999992,150142.84163502968,8.590387050346909,True,2769.6058192024984
Keokuk,2005,12.351408034512241,12.343060049675419,1853222.110330078,143.9200707010832,12,0.9835386884382936,0.8024642612595309,150142.84163502968,8.582130327163103,True,1853.222110330078
Keokuk,2006,10.975194734821407,10.856808761063096,1630072.1184740993,117.53584474357064,12,0.9305706841034985,0.36438394798245893,150142.84163502968,9.337742676513809,True,1630.0721184740994
Keokuk,2007,32.732434430103545,32.73243443010352,4914540.718968025,403.3500417240961,12,0.9999999999999992,0.9999999999999992,150142.84163502968,8.11514343476715,True,4914.540718968025
Keokuk,2008,31.120316007319946,29.283248565061164,4396670.1518631885,596.0904741550648,12,0.8740186101190256,0.36438394798245893,150142.84163502968,5.220737011681287,True,4396.670151863188
Keokuk,2009,28.841206332664324,25.793461723965112,3872703.6388404933,526.5370898824128,12,0.8740186101190256,0.36438394798245893,150142.84163502968,5.4775260635685115,True,3872.703638840493
Keokuk,2010,32.6307201208184,32.63072012081837,4899269.0435370095,741.5555844869705,12,0.9999999999999992,0.9999999999999992,150142.84163502968,4.400306707068125,True,4899.26904353701
Keokuk,2011,17.09518515201942,17.06163790780697,2561682.7984260796,287.6331128628154,12,0.9470319956652041,0.5619196867229275,150142.84163502968,5.943399555729472,True,2561.6827984260794
Keokuk,2012,3.862796789228549,3.7474837427044223,562657.8581107183,75.7578229327631,12,0.7480372202380519,0.36438394798245893,150142.84163502968,5.098875125618214,True,562.6578581107183
Keokuk,2013,23.568131238249716,23.521428192588534,3531574.068149542,337.1952107858129,12,0.8575572985573198,0.36438394798245893,150142.84163502968,6.989462033973028,True,3531.5740681495417
Keokuk,2014,16.91036073507837,16.801509078529673,2522626.3168071946,324.5133595972534,12,0.9634933072269098,0.5619196867229275,150142.84163502968,5.210990621793032,True,2522.6263168071946
Keokuk,2015,32.61843798352406,32.61843798352403,4897424.968542285,422.507926840444,12,0.9999999999999992,0.9999999999999992,150142.84163502968,7.720195506732373,True,4897.424968542286
Keokuk,2016,17.215421097909843,17.215421097909832,2584772.2435838245,269.34090143066106,12,0.9999999999999992,0.9999999999999992,150142.84163502968,6.391684666705465,True,2584.7722435838245
Keokuk,2017,14.170443647430234,14.13128840427079,2121711.7969813603,190.1167301832207,12,0.8976480609800871,0.36438394798245893,150142.84163502968,7.4535490031696785,True,2121.7117969813603
Keokuk,2018,19.080739791101852,19.00880319786272,2854035.728208148,405.8658807992243,12,0.9835386884382936,0.8024642612595309,150142.84163502968,4.701242625649729,True,2854.0357282081477
Keokuk,2019,23.504101683239412,23.504101683239394,3528972.6168002468,480.58734465428734,12,0.9999999999999992,0.9999999999999992,150142.84163502968,4.890703416284754,True,3528.9726168002467
Keokuk,2020,12.18287981270337,12.169408373311574,1827149.5541861237,229.80551830398994,12,0.9634933072269098,0.5619196867229275,150142.84163502968,5.301386973914041,True,1827.1495541861236
Kossuth,2000,7.547637381606034,5.490644718402651,1384854.5719430929,83.61986864606914,12,0.7054119882706255,0.6343821156205526,252220.75784680847,9.026129200886801,True,1384.8545719430929
Kossuth,2001,33.31795138271001,24.663250668547292,6220583.774586804,325.9047737538073,12,0.7402391096994642,0.7402391096994643,252220.75784680847,10.223216738727128,True,6220.583774586804
Kossuth,2002,9.102595921815421,6.738097501118624,1699488.0581778258,83.35893003540572,12,0.7402391096994642,0.7402391096994643,252220.75784680847,10.919760987754042,True,1699.4880581778257
Kossuth,2003,19.34667185046405,14.32053533076194,3611936.273896773,142.7431504791051,12,0.7230548206171107,0.6371333752053431,252220.75784680847,13.553485253427999,True,3611.936273896773
Kossuth,2004,17.245939254294402,12.570004878507211,3170416.156595169,191.65921319878098,12,0.7230548206171107,0.6371333752053431,252220.75784680847,8.998231270211692,True,3170.416156595169
Kossuth,2005,27.1676400852879,20.064464456229146,5060674.430940467,240.92799208010928,12,0.7316469651582875,0.6371333752053431,252220.75784680847,11.276248911855198,True,5060.674430940467
Kossuth,2006,23.392248324262606,17.314842922108372,4367162.803812623,198.5480716800627,12,0.7400098380673984,0.7374878501146739,252220.75784680847,11.78165475308998,True,4367.162803812623
Kossuth,2007,28.8832810061588,21.380534217198438,5392614.543431411,332.2133234222728,12,0.7402391096994642,0.7402391096994643,252220.75784680847,8.694197062483724,True,5392.61454343141
Kossuth,2008,26.697060399497175,18.942042851197954,4777576.4030958675,291.40948325275195,12,0.52786131796435,0.10310573449412133,252220.75784680847,9.161356075821894,True,4777.576403095867
Kossuth,2009,18.12900701622261,10.803241750066736,2724801.8214041134,191.84464734607255,12,0.572134349724886,0.10310573449412133,252220.75784680847,9.44983728606163,True,2724.8018214041135
Kossuth,2010,34.17657827577436,25.298839875433266,6380892.566026835,439.95454562629277,12,0.7402391096994642,0.7402391096994643,252220.75784680847,7.768206651239992,True,6380.892566026835
Kossuth,2011,26.63102197346253,19.688264207094903,4965788.9190016715,291.7201172764674,12,0.591548034390155,0.002751259584790495,252220.75784680847,9.128963138398824,True,4965.788919001671
Kossuth,2012,3.832672755475967,2.8337568980180152,714732.3123717249,43.82258857490863,10,0.6252480308903484,0.002751259584790495,252220.75784680847,8.745883983837572,False,714.7323123717249
Kossuth,2013,30.400448899340372,22.49846615663964,5674580.184418423,190.7444057100819,12,0.714462676075934,0.6371333752053431,252220.75784680847,15.937793187783928,True,5674.580184418423
Kossuth,2014,24.83397705712694,18.38308106706457,4636594.638294342,184.0571941599588,12,0.7402391096994642,0.7402391096994643,252220.75784680847,13.492532671960893,True,4636.594638294342
Kossuth,2015,31.766254817392657,23.51322155846834,5930522.5608968,231.2575169750187,12,0.7400098380673984,0.7374878501146739,252220.75784680847,13.736312329611394,True,5930.5225608968
Kossuth,2016,56.26052624562476,41.646241859284615,10504046.683220243,431.74400194681357,12,0.7402391096994642,0.7402391096994643,252220.75784680847,13.030991974859093,True,10504.046683220244
Kossuth,2017,24.937829882498864,18.45212217817673,4654008.239661637,240.94402637708518,12,0.6787817888565747,0.10585699407891183,252220.75784680847,10.350051112481351,True,4654.008239661637
Kossuth,2018,38.473508325908014,28.479595550185074,7183145.172838275,597.4601459873663,12,0.7402391096994642,0.7402391096994643,252220.75784680847,6.43951041492926,True,7183.145172838275
Kossuth,2019,26.512553799866517,19.62536795113155,4949925.177656868,483.9964368974498,12,0.7400098380673984,0.7374878501146739,252220.75784680847,5.477840698543004,True,4949.925177656867
Kossuth,2020,14.899879339653102,11.004837017532914,2775648.3325427626,225.19307396832752,12,0.5644592917119726,0.002751259584790495,252220.75784680847,6.616490941346051,True,2775.6483325427625
Lee,2000,2.9994573574581045,1.3584364446916088,189471.99790299532,83.98868996242282,11,0.4764150102737391,0.3402425121665084,139477.99961006574,3.5712634151099207,False,189.47199790299533
Lee,2001,15.178050549347564,7.614306418121337,1062028.2276176487,290.7976884875058,12,0.4737979528511224,0.3402425121665084,139477.99961006574,5.219453644315915,True,1062.0282276176486
Lee,2002,5.4416787949347585,3.6143875061813855,504127.53917779383,134.47161696132363,12,0.5113162352528923,0.3402425121665084,139477.99961006574,4.046711802759002,True,504.12753917779384
Lee,2003,5.900782315334742,2.895744620242451,403892.66701302654,118.08664233374425,12,0.4938549337469205,0.3402425121665084,139477.99961006574,4.99699390101851,True,403.89266701302654
Lee,2004,10.529808866539867,4.685873625898137,653576.2797658378,193.99540864018866,12,0.44501032120233835,0.44501032120233835,139477.99961006574,5.427864989356495,True,653.5762797658379
Lee,2005,8.011895120783876,3.5540571344470964,495712.7796125635,139.5337329642556,12,0.4362796704493525,0.3402425121665084,139477.99961006574,5.741905523903877,True,495.7127796125635
Lee,2006,5.498809821431551,2.424199630121773,338122.5150648462,90.42905419460968,12,0.4275490196963667,0.3402425121665084,139477.99961006574,6.080799882743134,True,338.1225150648462
Lee,2007,20.865480011936672,9.285353962152909,1295102.596312486,362.0611320439209,12,0.44501032120233835,0.44501032120233835,139477.99961006574,5.7629715440997735,True,1295.1025963124862
Lee,2008,18.455473304500494,10.547153916883927,1471095.9299064397,465.95900390019506,11,0.4954637028257082,0.44501032120233835,139477.99961006574,3.9607504415674986,False,1471.0959299064398
Lee,2009,13.423466004066377,5.973580918118247,833183.1169679931,366.82724552466135,11,0.44501032120233835,0.44501032120233835,139477.99961006574,3.6593426927346195,False,833.1831169679931
Lee,2010,23.364602124271205,10.397489096086767,1450220.980089653,698.0771739225294,12,0.44501032120233835,0.44501032120233835,139477.99961006574,3.3469941429232497,True,1450.220980089653
Lee,2011,18.5158008923146,9.057813713729802,1263365.7376316537,315.43941252817757,12,0.48252860360410815,0.3402425121665084,139477.99961006574,5.869843829569211,True,1263.3657376316537
Lee,2012,1.9762077947486072,0.8762679528544273,122220.10118654292,66.58109487722831,12,0.4275490196963667,0.3402425121665084,139477.99961006574,2.9681215041486175,True,122.22010118654292
Lee,2013,12.759133424771791,5.674611282352386,791483.4302272211,240.4574774177013,12,0.4275490196963667,0.3402425121665084,139477.99961006574,5.306191166019662,True,791.4834302272211
Lee,2014,9.637678516319616,4.288866412192268,598202.5077673772,264.86192079456254,12,0.44501032120233835,0.44501032120233835,139477.99961006574,3.638755804310195,True,598.2025077673771
Lee,2015,23.976093933684034,10.66960926260617,1488175.7565693369,390.5080672991309,12,0.44501032120233835,0.44501032120233835,139477.99961006574,6.139717957559693,True,1488.175756569337
Lee,2016,16.197666830940392,7.2081289191652465,1005375.4025766338,274.90848292315366,12,0.44501032120233835,0.44501032120233835,139477.99961006574,5.8920214679109035,True,1005.3754025766339
Lee,2017,10.687885918841966,4.7200563982309465,658344.0244719442,190.79822833088838,12,0.410087718190395,0.3402425121665084,139477.99961006574,5.601669372058683,True,658.3440244719442
Lee,2018,14.378632100265484,6.2483588010836675,871508.5864210986,360.4346250703638,12,0.4362796704493525,0.3402425121665084,139477.99961006574,3.9892482853051363,True,871.5085864210986
Lee,2019,15.191568551880852,6.760404800839838,942927.7381754256,458.71541748917826,12,0.44501032120233835,0.44501032120233835,139477.99961006574,3.3117632354790523,True,942.9277381754256
Lee,2020,7.878387531700495,3.743251070660559,522101.17137397174,206.3905432841563,12,0.491259254357094,0.44501032120233835,139477.99961006574,3.8172231180445193,True,522.1011713739717
Linn,2000,13.00007614538062,13.000076145380598,2438704.87357476,186.44211499274576,12,0.9999999999999986,0.9999999999999986,187591.58379555494,6.9727143708310955,True,2438.70487357476
Linn,2001,32.53646476159776,32.53646476159772,6103566.955736379,313.40915944778783,12,0.9999999999999986,0.9999999999999986,187591.58379555494,10.38146581897143,True,6103.566955736379
Linn,2002,10.130671713705986,10.13067171370597,1900428.7516869316,157.83677678849753,12,0.9999999999999986,0.9999999999999986,187591.58379555494,6.418448171481075,True,1900.4287516869315
Linn,2003,9.936964100572181,9.936843916427327,1864068.2882118272,144.31648164819453,12,0.9997798494423868,0.9973581933086582,187591.58379555494,6.885536556244404,True,1864.0682882118272
Linn,2004,22.772836218970053,22.772836218970024,4271992.413833364,277.24385693852116,12,0.9999999999999986,0.9999999999999986,187591.58379555494,8.214009309508318,True,4271.992413833364
Linn,2005,14.200225030086942,14.200225030086925,2663842.7036472876,178.09657194471802,12,0.9999999999999986,0.9999999999999986,187591.58379555494,7.973328669400081,True,2663.8427036472876
Linn,2006,15.646478076663783,15.646478076663758,2935147.603223783,167.52039938386073,12,0.9999999999999986,0.9999999999999986,187591.58379555494,9.340043441999576,True,2935.147603223783
Linn,2007,36.97740874047361,36.97740874047354,6936650.670281029,419.6662781901349,12,0.9999999999999986,0.9999999999999986,187591.58379555494,8.811146061090128,True,6936.650670281029
Linn,2008,44.742923288320156,44.125768400060586,8277622.780363215,580.290042218064,12,0.8992895855180615,0.5766378580253222,187591.58379555494,7.710441336766289,True,8277.622780363215
Linn,2009,27.296458034094417,24.142532415213594,4528935.892605443,399.16666682300536,12,0.842553353116767,0.3684522080061788,187591.58379555494,6.838361091458057,True,4528.935892605443
Linn,2010,37.44409899116321,37.44409899116315,7024197.833549836,486.17012796440633,12,0.9999999999999986,0.9999999999999986,187591.58379555494,7.701851026500044,True,7024.197833549836
Linn,2011,22.337631838244977,22.337631838244945,4190351.7347783823,299.48694530280267,12,0.9999999999999986,0.9999999999999986,187591.58379555494,7.458632901564387,True,4190.351734778383
Linn,2012,5.612031550824517,5.612031550824509,1052769.886929794,98.11128376885667,12,0.9999999999999986,0.9999999999999986,187591.58379555494,5.7200673920912815,True,1052.769886929794
Linn,2013,37.996510258140134,37.99651025814009,7127825.5380285485,400.0625857701737,12,0.9999999999999986,0.9999999999999986,187591.58379555494,9.497641521511389,True,7127.825538028548
Linn,2014,22.453962403263223,22.453962403263198,4212174.369713987,343.86344312622356,12,0.9999999999999986,0.9999999999999986,187591.58379555494,6.529906813915354,True,4212.174369713987
Linn,2015,29.674026653130788,29.670768867198447,5565986.524229601,317.16901714125896,12,0.9997798494423868,0.9973581933086582,187591.58379555494,9.35590333526012,True,5565.986524229601
Linn,2016,42.97450588570485,42.97450588570481,8061655.62193076,495.1294215302939,12,0.9999999999999986,0.9999999999999986,187591.58379555494,8.679449052509094,True,8061.65562193076
Linn,2017,28.383937199909752,28.383937199909713,5324587.733684631,344.98747425866736,12,0.9999999999999986,0.9999999999999986,187591.58379555494,8.227526886563952,True,5324.587733684631
Linn,2018,36.33526598248741,36.335265982487364,6816190.093287555,604.6719855884177,12,0.9999999999999986,0.9999999999999986,187591.58379555494,6.009087050250704,True,6816.190093287554
Linn,2019,30.07561710206716,30.075617102067113,5641932.645805448,528.1262439065101,12,0.9999999999999986,0.9999999999999986,187591.58379555494,5.694777990883407,True,5641.932645805448
Linn,2020,23.14951636007856,23.148894769616266,4342537.832948952,352.629315892109,12,0.9997798494423868,0.9973581933086582,187591.58379555494,6.564830352097391,True,4342.537832948952
Louisa,2000,7.3841321804258255,6.815153538237085,736675.2006478072,135.87017193799366,12,0.8858261363940855,0.8182679174212624,108093.70566849578,5.434697016351523,True,736.6752006478072
Louisa,2001,20.794191871129193,19.52900921942506,2110962.974561873,303.84650779974777,12,0.9093582737735603,0.8182679174212624,108093.70566849578,6.843650111928802,True,2110.9629745618727
Louisa,2002,8.315869277653546,7.8497742623136215,848511.1886746624,167.4430444644519,12,0.9104328066779304,0.8182679174212624,108093.70566849578,4.966386811856494,True,848.5111886746624
Louisa,2003,5.660316855485036,5.210726794381568,563246.7684308257,108.45218895451922,12,0.8728308619879307,0.7629781905223688,108093.70566849578,5.21918175193196,True,563.2467684308257
Louisa,2004,14.29424092313955,13.213416055165679,1428287.1059424556,230.76521849011854,12,0.9128912181107647,0.8182679174212624,108093.70566849578,6.194278763786769,True,1428.2871059424556
Louisa,2005,8.923935805952688,8.215651176204746,888060.180115707,139.4343744354395,12,0.89882141080024,0.8182679174212624,108093.70566849578,6.400097423669815,True,888.060180115707
Louisa,2006,7.867440019210312,7.1076289368829455,768289.9503043087,111.25023158201768,12,0.8942139335586656,0.7629781905223688,108093.70566849578,7.071841476042368,True,768.2899503043087
Louisa,2007,30.14985168592044,27.23835202763926,2944294.4069705126,406.95988854615536,12,0.884504227903914,0.8182679174212624,108093.70566849578,7.408556109455734,True,2944.2944069705127
Louisa,2008,31.800070165904938,29.64630083433697,3204578.5165465013,635.5790270656867,12,0.9011555969314352,0.8048766213622656,108093.70566849578,5.003322767385529,True,3204.5785165465013
Louisa,2009,25.2033459452175,22.78752393877401,2463187.9055516394,545.8026176716114,12,0.8954735867854908,0.7495868944633719,108093.70566849578,4.61766674053978,True,2463.1879055516392
Louisa,2010,25.69500088253728,23.533670766790472,2543841.6811647327,531.3790948750736,12,0.9034288880418145,0.8182679174212624,108093.70566849578,4.8355310042029656,True,2543.8416811647326
Louisa,2011,16.214121956365968,14.936378148175827,1614528.4633022698,287.7571576186788,12,0.8950410908772343,0.8182679174212624,108093.70566849578,5.634654613127679,True,1614.5284633022698
Louisa,2012,4.299991527002354,3.9313675350955006,424956.0852132928,108.80426541364092,12,0.8847516034897153,0.7629781905223688,108093.70566849578,3.9520431581014646,True,424.9560852132928
Louisa,2013,20.194552639773544,18.799029541007528,2032056.7660590247,359.92505755840415,12,0.8942139335586656,0.7629781905223688,108093.70566849578,5.610765967995053,True,2032.0567660590248
Louisa,2014,14.250608582117637,13.153015933998386,1421758.2330226565,333.0790068403879,12,0.9034288880418145,0.8182679174212624,108093.70566849578,4.278446941853216,True,1421.7582330226564
Louisa,2015,24.095815930431716,21.635723341748808,2338685.5108279996,357.1496171888198,12,0.9034288880418145,0.8182679174212624,108093.70566849578,6.746700758100663,True,2338.6855108279997
Louisa,2016,22.96480094995804,20.76548047081555,2244617.7340772324,357.5950682049551,12,0.9034288880418145,0.8182679174212624,108093.70566849578,6.42201277138302,True,2244.6177340772324
Louisa,2017,15.03778827042423,13.751442647503223,1486444.394056414,234.07142482643079,12,0.8849989790755166,0.7629781905223688,108093.70566849578,6.424444283011089,True,1486.444394056414
Louisa,2018,17.260373307919696,15.82618743354657,1710711.2462962293,401.44308983428397,12,0.9082837408691903,0.8182679174212624,108093.70566849578,4.299581620658807,True,1710.7112462962293
Louisa,2019,21.66881990566864,19.917950359579333,2153005.063688078,497.8507301450439,12,0.9034288880418145,0.8182679174212624,108093.70566849578,4.35247326027937,True,2153.005063688078
Louisa,2020,13.280138225803084,12.120921893774135,1310195.3636164474,283.3561152837123,12,0.9091108981877589,0.8182679174212624,108093.70566849578,4.686730763691566,True,1310.1953636164474
Lucas,2000,0.8855207298251551,0.8771150645726257,98613.08789312006,53.12274339017432,12,0.9794701826793073,0.75364219215169,112428.90685177011,1.6669333571897995,True,98.61308789312005
Lucas,2001,9.635959822506035,9.635959822506031,1083360.4293119297,269.80373163623324,12,0.9999999999999997,0.9999999999999998,112428.90685177011,3.571470180960231,True,1083.3604293119297
Lucas,2002,2.7472544923215017,2.747254492321501,308870.8194153211,88.56099954067429,12,0.9999999999999997,0.9999999999999998,112428.90685177011,3.1021042067843223,True,308.8708194153211
Lucas,2003,6.041289558642756,5.287510656152583,594469.0430383206,105.39064244342164,12,0.9181243016430272,0.6724972065721092,112428.90685177011,5.732282694724048,True,594.4690430383206
Lucas,2004,7.207241213488873,7.207241213488871,810302.2510495788,217.15316287579628,12,0.9999999999999997,0.9999999999999998,112428.90685177011,3.3189667228614823,True,810.3022510495788
Lucas,2005,5.7370532207058895,5.737053220705889,645010.62215439,140.97677601488513,12,0.9999999999999997,0.9999999999999998,112428.90685177011,4.0695023555512,True,645.0106221543899
Lucas,2006,2.988383947047103,2.9883839470471028,335980.7404198838,69.30040200380685,12,0.9999999999999997,0.9999999999999998,112428.90685177011,4.312217333000382,True,335.98074041988383
Lucas,2007,13.031002551031149,13.031002551031145,1465061.3719950588,368.1108361303479,12,0.9999999999999997,0.9999999999999998,112428.90685177011,3.5399671164303563,True,1465.0613719950588
Lucas,2008,13.895881838327863,13.104513156713578,1473326.0890339469,551.1848582973992,11,0.8629741468815108,0.24635780784830982,112428.90685177011,2.5210928110855604,False,1473.3260890339468
Lucas,2009,8.956608204684606,7.5710213946815355,851201.659155409,367.8912922317902,11,0.8629741468815108,0.24635780784830982,112428.90685177011,2.4345801039078383,False,851.201659155409
Lucas,2010,16.48170054585,16.481700545849996,1853019.5754281383,724.916668427985,12,0.9999999999999997,0.9999999999999998,112428.90685177011,2.273599334057433,True,1853.0195754281383
Lucas,2011,9.845514191696399,9.845514191696395,1106920.397966015,301.3889594847477,12,0.9999999999999997,0.9999999999999998,112428.90685177011,3.2667136210059637,True,1106.920397966015
Lucas,2012,1.5882746857303789,1.5882746857303784,178567.9866970052,69.22980081633384,12,0.9999999999999997,0.9999999999999998,112428.90685177011,2.2942066378958104,True,178.56798669700518
Lucas,2013,8.680735019264237,8.568685412128099,963367.9340422713,244.515964982846,12,0.9727081005476755,0.6724972065721092,112428.90685177011,3.5501710572858642,True,963.3679340422714
Lucas,2014,6.870990170090897,6.870990170090895,772497.9138125773,322.19328100839687,12,0.9999999999999997,0.9999999999999998,112428.90685177011,2.1325678017201817,True,772.4979138125773
Lucas,2015,11.061339365847966,11.06133936584796,1243614.2932187386,429.64119582052683,12,0.9999999999999997,0.9999999999999998,112428.90685177011,2.5745527834506348,True,1243.6142932187386
Lucas,2016,7.681746647875216,7.681746647875214,863650.3783328598,231.40844514448523,12,0.9999999999999997,0.9999999999999998,112428.90685177011,3.319561930023314,True,863.6503783328599
Lucas,2017,5.85757471276911,4.881248191477124,548793.398239953,173.2559016963212,12,0.8826126850827105,0.5738606012762004,112428.90685177011,3.3808803367842137,True,548.7933982399529
Lucas,2018,8.540138504957138,7.712211648903519,867075.5250957101,342.3006013843319,12,0.8635405027383788,0.6724972065721092,112428.90685177011,2.4949236052811807,True,867.0755250957101
Lucas,2019,7.756258845043155,7.756258845043154,872027.7032075747,442.6633207706206,12,0.9999999999999997,0.9999999999999998,112428.90685177011,1.7521801516196314,True,872.0277032075746
Lucas,2020,2.9594149893457242,2.958629499349671,332635.48039128334,171.41812701438099,12,0.9644883834396832,0.5738606012762004,112428.90685177011,1.7264305945295078,True,332.63548039128335
Lyon,2000,1.1868522582829735,0.9427483634307274,143653.04069160743,32.78947043508827,12,0.7995730313062618,0.7813523977886493,152376.8656238701,3.619613987461394,True,143.65304069160743
Lyon,2001,17.677250803560053,13.812162301672972,2104653.9990171073,242.9841304820468,12,0.7813523977886493,0.7813523977886493,152376.8656238701,7.275063918162409,True,2104.6539990171073
Lyon,2002,4.223819078099088,4.049839490352398,617101.8478196702,55.172494102353795,12,0.9453380994471617,0.7813523977886493,152376.8656238701,7.655660935435017,True,617.1018478196702
Lyon,2003,2.8575707283592147,2.826805789458246,430739.8059250572,45.71877371415298,12,0.9635587329647742,0.7813523977886493,152376.8656238701,6.250322342907915,True,430.7398059250572
Lyon,2004,8.345430113455427,8.31317978538623,1266736.279064871,108.93390939113571,12,0.9635587329647742,0.7813523977886493,152376.8656238701,7.66100304313004,True,1266.7362790648708
Lyon,2005,12.30699338227776,12.30699338227775,1875301.0768451958,135.11182010364288,12,0.9999999999999992,0.9999999999999992,152376.8656238701,9.10874664617588,True,1875.301076845196
Lyon,2006,19.111893847667407,19.111893847667393,2912210.480643684,179.10719334289848,12,0.9999999999999992,0.9999999999999992,152376.8656238701,10.670645601083104,True,2912.210480643684
Lyon,2007,13.28470604117357,13.28470604117356,2024281.8672885187,174.3111085835366,12,0.9999999999999992,0.9999999999999992,152376.8656238701,7.621261862841648,True,2024.2818672885187
Lyon,2008,13.333499693997513,12.802926946342096,1950869.8788949954,141.42737856969484,11,0.7670268367656994,0.2186476022113499,152376.8656238701,9.427806573835928,False,1950.8698788949955
Lyon,2009,5.089913910175537,4.55977541904166,694804.2863023371,71.50631434396689,11,0.8181818181818176,0.2186476022113499,152376.8656238701,7.118132093470122,False,694.8042863023371
Lyon,2010,24.808015459663505,24.253622222107094,3695690.934230122,287.6993579432917,12,0.9635587329647742,0.7813523977886493,152376.8656238701,8.622895663379758,True,3695.690934230122
Lyon,2011,24.310868350738932,24.310868350738915,3704413.9198801406,274.72494742168334,12,0.9999999999999992,0.9999999999999992,152376.8656238701,8.84916662243399,True,3704.4139198801404
Lyon,2012,4.799984386820038,4.783251740139212,728856.9076523354,90.00008896124079,12,0.9453380994471617,0.7813523977886493,152376.8656238701,5.333310713600724,True,728.8569076523354
Lyon,2013,6.404540987623835,5.2998760162821625,807578.4955561991,84.61651580540475,12,0.8542349318590993,0.7813523977886493,152376.8656238701,7.568901799682416,True,807.5784955561991
Lyon,2014,12.803255449623961,10.003854345064273,1524355.9692586279,168.07984416191002,12,0.7813523977886493,0.7813523977886493,152376.8656238701,7.61736513587595,True,1524.355969258628
Lyon,2015,8.915750894521624,6.9663433395207655,1061509.5629358983,111.35205726480413,12,0.7813523977886493,0.7813523977886493,152376.8656238701,8.006812908107529,True,1061.5095629358982
Lyon,2016,38.972731394324036,30.451437123328056,4640094.542595089,270.006125634843,12,0.7813523977886493,0.7813523977886493,152376.8656238701,14.434017488562784,True,4640.0945425950895
Lyon,2017,24.714843141359772,19.311001949471816,2942549.94911696,224.23465124045032,12,0.7813523977886493,0.7813523977886493,152376.8656238701,11.021866158793477,True,2942.5499491169603
Lyon,2018,51.307302518935934,40.0890838472382,6108648.9423746765,444.6173857240659,11,0.7813523977886493,0.7813523977886493,152376.8656238701,11.539652781544122,False,6108.648942374676
Lyon,2019,53.044912261282754,41.4467693858418,6315528.809249949,550.159786231482,12,0.7813523977886493,0.7813523977886493,152376.8656238701,9.641728383063585,True,6315.528809249949
Lyon,2020,15.798089519587672,12.343875126609555,1880921.001445217,188.46793308613388,12,0.7813523977886493,0.7813523977886493,152376.8656238701,8.382375325550797,True,1880.9210014452171
Madison,2000,1.3122829007571957,1.283412517947962,186741.25607040408,65.86444265006052,12,0.9701637882872044,0.9488522084923507,145503.68915598796,1.9923996134445234,True,186.7412560704041
Madison,2001,12.384629590611855,12.361869365320642,1798697.5975185446,217.0257455381328,12,0.9829507361641167,0.9488522084923507,145503.68915598796,5.706525536821988,True,1798.6975975185446
Madison,2002,3.1819726599549396,3.087479771179139,449239.6969010503,80.3569503216898,12,0.9744261042461752,0.9488522084923507,145503.68915598796,3.959797686717421,True,449.23969690105025
Madison,2003,8.118424885588343,8.093545153403053,1177640.678170711,131.48249768666224,12,0.9786884202051459,0.9488522084923507,145503.68915598796,6.174528951325121,True,1177.640678170711
Madison,2004,10.051399399965355,10.039082341435128,1460723.5164195448,231.39583962345762,12,0.9872130521230873,0.9488522084923507,145503.68915598796,4.343811633053407,True,1460.723516419545
Madison,2005,8.186312385864396,8.110899381174352,1180165.782333888,178.23807477051548,12,0.9744261042461752,0.9488522084923507,145503.68915598796,4.592908892448715,True,1180.165782333888
Madison,2006,3.8159250971176126,3.747860341501645,545327.5061299102,95.79234710814055,12,0.9659014723282336,0.9488522084923507,145503.68915598796,3.98353857308642,True,545.3275061299103
Madison,2007,17.327823857791046,17.30574166156144,2518049.255337667,380.5116094023362,12,0.9957376840410288,0.9488522084923507,145503.68915598796,4.553822650774728,True,2518.049255337667
Madison,2008,20.364413114683053,15.69398615646986,2283532.8833293696,563.5021075527019,12,0.7517877372842108,0.007150949136844675,145503.68915598796,3.613901854444876,True,2283.5328833293697
Madison,2009,14.676043181860253,9.321640959345475,1356333.1485723297,324.51470858753527,12,0.74752542132524,0.007150949136844675,145503.68915598796,4.5224585491789835,True,1356.3331485723297
Madison,2010,20.633117410239535,20.633117410239525,3002194.701978496,651.8162865190656,12,0.9999999999999996,0.9999999999999996,145503.68915598796,3.1654804945773654,True,3002.1947019784957
Madison,2011,10.386709013310584,10.385467135141399,1511123.7817713427,300.11043955710835,12,0.9957376840410288,0.9488522084923507,145503.68915598796,3.4609622473109893,True,1511.1237817713427
Madison,2012,2.148733106349286,2.1437435785225634,311922.59927949245,86.13952877901386,12,0.9829507361641167,0.9488522084923507,145503.68915598796,2.494479754889001,True,311.92259927949243
Madison,2013,11.320235399943742,11.313823033750687,1646202.9898687163,202.6588773374669,12,0.9786884202051459,0.9488522084923507,145503.68915598796,5.58585715497344,True,1646.2029898687163
Madison,2014,8.566000961768559,8.55773909113467,1245182.6085945058,329.238071242461,12,0.9957376840410288,0.9488522084923507,145503.68915598796,2.601765017466736,True,1245.1826085945058
Madison,2015,12.047277100715194,12.047277100715187,1752923.2624385147,419.5047152203124,12,0.9999999999999996,0.9999999999999996,145503.68915598796,2.8717858616650576,True,1752.9232624385147
Madison,2016,6.966511262450376,6.966511262450371,1013653.0892332683,268.29370448219356,12,0.9999999999999996,0.9999999999999996,145503.68915598796,2.5965988564270384,True,1013.6530892332682
Madison,2017,6.039946685660716,5.918784462445571,861204.9746049716,199.46125330329295,12,0.9068317046583863,0.03542383042358545,145503.68915598796,3.028130318862787,True,861.2049746049715
Madison,2018,9.420128008352318,9.38034038277074,1364874.1312320346,375.7615360918666,12,0.9872130521230873,0.9488522084923507,145503.68915598796,2.506943128433793,True,1364.8741312320346
Madison,2019,8.0640923578814,8.050435054127643,1171367.999686258,415.33398310445534,12,0.991475368082058,0.9488522084923507,145503.68915598796,1.9415922332204882,True,1171.367999686258
Madison,2020,2.420243204046764,2.3378288179083433,340162.71762084635,168.7872929376058,12,0.9025693886994155,0.03542383042358545,145503.68915598796,1.4339013097043007,True,340.16271762084637
Mahaska,2000,2.521604125426525,2.4947133773074825,370399.0520116758,70.38067441866858,12,0.9535101047536241,0.5954276458060784,148473.59034545426,3.5828075622385143,True,370.3990520116758
Mahaska,2001,19.53548086495587,19.511602213353996,2896957.6340089804,263.53397621765265,12,0.9872244676031174,0.9233468056187029,148473.59034545426,7.412888897794916,True,2896.95763400898
Mahaska,2002,8.782718578704907,8.738897840208672,1297495.5379979175,114.73958885689308,12,0.980836701404676,0.9233468056187029,148473.59034545426,7.654479736422097,True,1297.4955379979176
Mahaska,2003,10.964205698317596,10.707119874179122,1589724.5299785428,129.27922108081435,12,0.9440187151826068,0.6348373597164688,148473.59034545426,8.481027041046069,True,1589.724529978543
Mahaska,2004,18.792681623425228,18.79268162342524,2790216.912848985,212.50329456444658,12,1.0000000000000004,1.0000000000000004,148473.59034545426,8.84347777381207,True,2790.216912848985
Mahaska,2005,13.211839499920506,13.206295145392371,1960786.0553981483,150.13193534100438,12,0.993612233801559,0.9233468056187029,148473.59034545426,8.800152659000632,True,1960.7860553981482
Mahaska,2006,11.910841760578892,11.861659631814549,1761143.1929912448,124.10468751011989,12,0.9631820137779313,0.6348373597164688,148473.59034545426,9.597414891848985,True,1761.1431929912449
Mahaska,2007,31.39607057702079,31.396070577020804,4661487.321309556,397.8525700201426,12,1.0000000000000004,1.0000000000000004,148473.59034545426,7.891383126023608,True,4661.487321309556
Mahaska,2008,29.253615956766367,27.249856086468768,4045883.9695549468,551.0934314097778,12,0.8941582756749483,0.3069181999038444,148473.59034545426,5.308286088972486,True,4045.883969554947
Mahaska,2009,23.98457009078153,21.59886380736376,3206860.8568617865,431.12350065397357,12,0.8941582756749483,0.3069181999038444,148473.59034545426,5.563271325826406,True,3206.8608568617865
Mahaska,2010,29.532464002257523,29.532464002257534,4384790.96216306,728.0093288080859,12,1.0000000000000004,1.0000000000000004,148473.59034545426,4.056605160624628,True,4384.79096216306
Mahaska,2011,16.849721313502418,16.837850965613775,2499976.1865663505,272.372228768844,12,0.9695697799763728,0.7114905540977664,148473.59034545426,6.186284625883201,True,2499.9761865663504
Mahaska,2012,3.072199263788051,3.0112138353707905,447085.729435407,64.17408754052438,12,0.8429697446520005,0.6348373597164688,148473.59034545426,4.787289358571762,True,447.08572943540696
Mahaska,2013,21.10878865839456,21.085979755185015,3130711.1202038815,276.34283513260937,12,0.915097106127559,0.6348373597164688,148473.59034545426,7.638623468658063,True,3130.7111202038814
Mahaska,2014,17.329919292379348,17.060907243157132,2533094.1529423054,303.72675817666664,12,0.9759575461748143,0.7114905540977664,148473.59034545426,5.705759807405304,True,2533.0941529423053
Mahaska,2015,33.042887923103564,33.04288792310358,4905996.205325639,432.28430559264643,12,1.0000000000000004,1.0000000000000004,148473.59034545426,7.643786160083452,True,4905.996205325639
Mahaska,2016,18.542628409770973,18.54262840977098,2753090.614440318,280.61495885591904,12,1.0000000000000004,1.0000000000000004,148473.59034545426,6.607854579588408,True,2753.0906144403184
Mahaska,2017,13.498621299777412,13.477685264459858,2001080.3207603786,196.97585040616588,12,0.9504064813810484,0.6348373597164688,148473.59034545426,6.852932109161169,True,2001.0803207603785
Mahaska,2018,20.62622642445906,20.566740980635377,3053617.8750999225,425.94870755940485,12,0.993612233801559,0.9233468056187029,148473.59034545426,4.842420239432802,True,3053.6178750999225
Mahaska,2019,20.17989180409004,20.179891804090044,2996180.988936055,458.61787678838203,12,1.0000000000000004,1.0000000000000004,148473.59034545426,4.400153771895281,True,2996.180988936055
Mahaska,2020,10.291521804108193,10.284211765297936,1526933.8446667467,204.84383778870398,12,0.9759575461748143,0.7114905540977664,148473.59034545426,5.024081717666253,True,1526.9338446667466
Marion,2000,1.4372755782751145,1.4136733064249345,208676.49435818047,67.42659744593297,12,0.9657081795963814,0.5884981551565673,147612.95513594043,2.131615167779474,True,208.67649435818046
Marion,2001,13.915397070563817,13.91539707056383,2054092.8834759356,234.32527339076088,12,1.0000000000000009,1.0000000000000009,147612.95513594043,5.93849603553369,True,2054.0928834759357
Marion,2002,4.769247701217775,4.76924770121778,704002.7469520471,94.46715625860212,12,1.0000000000000009,1.0000000000000009,147612.95513594043,5.048577611632605,True,704.0027469520471
Marion,2003,8.947701662630807,8.947701662630818,1320796.6840957026,131.28048832659567,12,1.0000000000000009,1.0000000000000009,147612.95513594043,6.815713269111997,True,1320.7966840957026
Marion,2004,12.228915955025968,12.22891595502598,1805146.422230436,219.27099252174108,12,1.0000000000000009,1.0000000000000009,147612.95513594043,5.5770787619404105,True,1805.146422230436
Marion,2005,9.680556659079555,9.680556659079564,1428975.5758076408,165.89266498056176,12,1.0000000000000009,1.0000000000000009,147612.95513594043,5.835433809092078,True,1428.9755758076408
Marion,2006,6.3908463828375375,6.390846382837544,943371.7203904855,103.98001161746588,12,1.0000000000000009,1.0000000000000009,147612.95513594043,6.146225878824623,True,943.3717203904855
Marion,2007,21.146189153182682,21.146189153182696,3121451.4707648684,382.6313257493287,12,1.0000000000000009,1.0000000000000009,147612.95513594043,5.52651801620552,True,3121.4514707648686
Marion,2008,22.153250164742165,19.565781991000055,2888162.899237083,551.9979511530429,12,0.8428527057021288,0.09707625957955678,147612.95513594043,4.013284853407023,True,2888.162899237083
Marion,2009,14.89346053788914,11.85882482147372,1750516.1763371765,358.0402809969229,12,0.8428527057021288,0.09707625957955678,147612.95513594043,4.159716470007223,True,1750.5161763371764
Marion,2010,22.02207235198864,22.02207235198866,3250743.1780945365,669.1226726083554,12,1.0000000000000009,1.0000000000000009,147612.95513594043,3.29118609389558,True,3250.7431780945367
Marion,2011,13.853136253218409,13.853136253218425,2044902.3802384012,289.2394786488098,12,1.0000000000000009,1.0000000000000009,147612.95513594043,4.7895039494379255,True,2044.9023802384013
Marion,2012,2.0998192614506936,2.0998192614506954,309960.5264341051,74.98163772792357,12,1.0000000000000009,1.0000000000000009,147612.95513594043,2.8004446489553128,True,309.96052643410513
Marion,2013,12.95843931193614,12.95843931193615,1912833.5207846377,211.84668998362815,12,1.0000000000000009,1.0000000000000009,147612.95513594043,6.116894870029637,True,1912.8335207846376
Marion,2014,10.645133317834668,10.64513331783468,1571359.5868616353,299.41344868557076,12,1.0000000000000009,1.0000000000000009,147612.95513594043,3.5553290490346887,True,1571.3595868616353
Marion,2015,19.218092881627474,19.21809288162749,2836839.482334016,413.24557714843615,12,1.0000000000000009,1.0000000000000009,147612.95513594043,4.650525969144108,True,2836.839482334016
Marion,2016,12.893414812303769,12.89341481230378,1903235.0622376679,284.1585218720487,12,1.0000000000000009,1.0000000000000009,147612.95513594043,4.53740212588431,True,1903.2350622376678
Marion,2017,8.689723986185617,8.686483777659156,1282237.540160675,201.524183376303,12,0.9590481753685833,0.5085781044229905,147612.95513594043,4.312000594965533,True,1282.237540160675
Marion,2018,13.753215513593329,13.753215513593343,2030152.784582974,395.6884967063572,12,1.0000000000000009,1.0000000000000009,147612.95513594043,3.4757683450675776,True,2030.152784582974
Marion,2019,11.391211295895499,11.39121129589551,1681490.3619650416,433.3401440843735,12,1.0000000000000009,1.0000000000000009,147612.95513594043,2.628699752699942,True,1681.4903619650415
Marion,2020,5.094488156089558,5.08849237778511,751127.3970715683,180.7541711252313,12,0.9590481753685833,0.5085781044229905,147612.95513594043,2.8184622929447984,True,751.1273970715683
Marshall,2000,7.137971739226968,7.137971739226961,1058928.70825466,92.02767757387203,12,0.999999999999999,0.999999999999999,148351.4851194047,7.7563314943998325,True,1058.92870825466
Marshall,2001,29.620147279890507,29.620147279890478,4394192.838427249,299.91319706506897,12,0.999999999999999,0.999999999999999,148351.4851194047,9.876240048704538,True,4394.19283842725
Marshall,2002,13.595679614714008,13.595679614713994,2016939.262050437,132.66554926553454,12,0.999999999999999,0.999999999999999,148351.4851194047,10.248086025334128,True,2016.939262050437
Marshall,2003,15.671468563404003,15.66947285369953,2324589.5688845217,156.64730531075338,12,0.9890004781993945,0.8680057383927453,148351.4851194047,10.004301403279998,True,2324.5895688845217
Marshall,2004,21.53872632157511,21.53872632157509,3195302.0373860765,234.48593483088143,12,0.999999999999999,0.999999999999999,148351.4851194047,9.185508860951302,True,3195.3020373860763
Marshall,2005,18.221877954721798,18.22187795472178,2703242.656247517,187.59955611537325,12,0.999999999999999,0.999999999999999,148351.4851194047,9.713177542656545,True,2703.242656247517
Marshall,2006,16.862574897898387,16.85064388112341,2499818.0449828673,153.4780061896668,12,0.9890004781993945,0.8680057383927453,148351.4851194047,10.98696504895937,True,2499.8180449828674
Marshall,2007,45.412502814005656,45.41250281400562,6737012.235446881,442.28070848706597,12,0.999999999999999,0.999999999999999,148351.4851194047,10.267800955947347,True,6737.01223544688
Marshall,2008,47.512806395082286,45.46277203099128,6744469.7484424915,597.4116062235458,12,0.8656061399482646,0.25963397049321935,148351.4851194047,7.953110702925219,True,6744.469748442491
Marshall,2009,31.672419819824974,28.338978219828658,4204129.505678045,449.8659918942816,12,0.814908492623304,0.25963397049321935,148351.4851194047,7.04041212060946,True,4204.129505678045
Marshall,2010,40.03523262441508,40.035232624415045,5939286.216932813,579.0107134745911,12,0.999999999999999,0.999999999999999,148351.4851194047,6.914420008598332,True,5939.286216932813
Marshall,2011,18.203489903955667,18.197387972552715,2699609.5310221887,244.59477659207386,12,0.9890004781993945,0.8680057383927453,148351.4851194047,7.442305251806246,True,2699.6095310221885
Marshall,2012,3.833161102789016,3.6761240316472463,545358.4595780023,64.57331395728662,12,0.9182348310494199,0.8107835422365726,148351.4851194047,5.936138116319292,True,545.3584595780023
Marshall,2013,33.66430043848483,33.654674466399335,4992720.93830045,343.69738508497466,12,0.9670014345981855,0.8680057383927453,148351.4851194047,9.794750236508717,True,4992.72093830045
Marshall,2014,31.733574787510793,31.6490814884187,4695188.241471973,320.08407208990485,12,0.9890004781993945,0.8680057383927453,148351.4851194047,9.914137426556328,True,4695.188241471973
Marshall,2015,45.72406450389245,45.72406450389241,6783232.8748478955,404.5249886881058,12,0.999999999999999,0.999999999999999,148351.4851194047,11.303149566156053,True,6783.232874847896
Marshall,2016,37.106597537154386,37.10659753715434,5504818.852364892,351.70647883504955,12,0.999999999999999,0.999999999999999,148351.4851194047,10.55044469469594,True,5504.818852364892
Marshall,2017,23.697841045273737,23.6935719345385,3514976.5842722333,244.16726195224444,12,0.9890004781993945,0.8680057383927453,148351.4851194047,9.705576765614339,True,3514.976584272233
Marshall,2018,33.173290615210526,33.1732906152105,4921306.9290640885,476.6951425855975,12,0.999999999999999,0.999999999999999,148351.4851194047,6.959015868145495,True,4921.306929064089
Marshall,2019,29.516363219476116,29.516363219476084,4378796.318933051,472.93572034491456,12,0.999999999999999,0.999999999999999,148351.4851194047,6.241094074676718,True,4378.796318933051
Marshall,2020,19.325691874066084,19.293939354223152,2862284.557002732,275.15279162700324,12,0.9890004781993945,0.8680057383927453,148351.4851194047,7.023621951931336,True,2862.284557002732
Mills,2000,2.1429942175838734,1.27607538515005,145604.34280352466,54.4028277945129,12,0.5954637556552839,0.5954637556552839,114103.24538655956,3.9391228442724757,True,145.60434280352467
Mills,2001,9.349647832460827,5.56737641237141,635255.7169401587,154.38987016906506,12,0.5954637556552839,0.5954637556552839,114103.24538655956,6.0558687057787335,True,635.2557169401588
Mills,2002,3.0144256705273422,1.7949812309159086,204813.1838554666,68.49130560291813,12,0.5954637556552839,0.5954637556552839,114103.24538655956,4.401180038826578,True,204.8131838554666
Mills,2003,6.313973929083627,3.759742628921686,428998.8357781596,96.15714019196369,12,0.5954637556552839,0.5954637556552839,114103.24538655956,6.566307937693134,True,428.9988357781596
Mills,2004,14.396683617113018,8.572703295627013,978173.267767097,184.6781420235712,12,0.5954637556552839,0.5954637556552839,114103.24538655956,7.795553636919041,True,978.173267767097
Mills,2005,9.260055059041553,5.514027163031595,629168.3944515489,131.86405315973437,12,0.5954637556552839,0.5954637556552839,114103.24538655956,7.022425624839793,True,629.1683944515489
Mills,2006,4.5018457774812575,2.6806859940398713,305874.97178224474,82.98450760785653,12,0.5954637556552839,0.5954637556552839,114103.24538655956,5.424923166086301,True,305.87497178224476
Mills,2007,35.722512375298585,21.271461380437653,2427142.7776228026,374.7892867875948,12,0.5954637556552839,0.5954637556552839,114103.24538655956,9.531358988802603,True,2427.1427776228024
Mills,2008,24.143766775213642,14.37673803963398,1640432.4683946408,295.9769732147713,8,0.5954637556552839,0.5954637556552839,114103.24538655956,8.157312547991387,False,1640.4324683946409
Mills,2009,11.192935389498965,6.664987343837993,760496.6863922602,166.97181961975522,9,0.5954637556552839,0.5954637556552839,114103.24538655956,6.703487699294783,False,760.4966863922602
Mills,2010,35.37775739276311,21.066172283756206,2403718.6254489743,475.186227042358,12,0.5954637556552839,0.5954637556552839,114103.24538655956,7.445030049157873,True,2403.7186254489743
Mills,2011,17.13346906847846,10.20235983891982,1164122.3682222485,246.44692297174112,12,0.5954637556552839,0.5954637556552839,114103.24538655956,6.952194355635379,True,1164.1223682222485
Mills,2012,5.635611460954889,3.4064478683757087,388686.7570217962,108.90259402643834,12,0.6239102764125358,0.5954637556552839,114103.24538655956,5.174910213421297,True,388.6867570217962
Mills,2013,14.05681189085004,8.370322001065418,955080.9052520858,168.65092003446364,12,0.5954637556552839,0.5954637556552839,114103.24538655956,8.334856334004906,True,955.0809052520858
Mills,2014,27.2545791536569,16.229114061640747,1851794.5841818585,348.4512549175964,12,0.5954637556552839,0.5954637556552839,114103.24538655956,7.821633232488202,True,1851.7945841818585
Mills,2015,35.836638233755615,21.339419192731864,2434896.9845549427,399.75301810217707,12,0.5954637556552839,0.5954637556552839,114103.24538655956,8.964694851808662,True,2434.8969845549427
Mills,2016,37.05870374273859,22.067114910367636,2517929.4275910864,448.6011522125275,12,0.5954637556552839,0.5954637556552839,114103.24538655956,8.260947070680238,True,2517.9294275910866
Mills,2017,20.22433420405203,12.042858000772437,1374129.18161763,291.11101979438666,12,0.5954637556552839,0.5954637556552839,114103.24538655956,6.947292554688102,True,1374.12918161763
Mills,2018,22.249351011376056,13.248682114126677,1511717.6263167188,328.19176798346774,12,0.5954637556552839,0.5954637556552839,114103.24538655956,6.77937510379506,True,1511.7176263167187
Mills,2019,25.165887045113408,14.985373614279885,1709879.7627194521,418.28373678262767,12,0.5954637556552839,0.5954637556552839,114103.24538655956,6.01646318804681,True,1709.8797627194522
Mills,2020,9.781677008069842,5.82463412783221,664609.657174968,164.0544628684204,12,0.5954637556552839,0.5954637556552839,114103.24538655956,5.962457123714592,True,664.609657174968
Mitchell,2000,19.581019012419443,19.25511351864831,2340699.9415764106,242.56565110387558,12,0.9833560503891845,0.9833560503891845,121562.51061877537,8.072461588567677,True,2340.6999415764108
Mitchell,2001,31.911520818139127,31.393419421519663,3816262.881788153,342.4782516416109,12,0.9875170377918886,0.9833560503891845,121562.51061877537,9.317824026832861,True,3816.262881788153
Mitchell,2002,7.125643266641177,7.1256432666411795,866211.0852666737,118.76945083113178,12,1.0000000000000004,1.0000000000000004,121562.51061877537,5.999558991623634,True,866.2110852666736
Mitchell,2003,13.22646390042553,13.226463900425536,1607842.1583443282,151.49107832118443,12,1.0000000000000004,1.0000000000000004,121562.51061877537,8.730853359155176,True,1607.8421583443283
Mitchell,2004,25.31156819786786,25.311568197867874,3076937.777831171,341.79435056429224,12,1.0000000000000004,1.0000000000000004,121562.51061877537,7.40549636238259,True,3076.9377778311714
Mitchell,2005,17.541526592399457,17.541526592399464,2132392.012658091,238.32636244284686,12,1.0000000000000004,1.0000000000000004,121562.51061877537,7.36029636528611,True,2132.3920126580906
Mitchell,2006,25.634473762653766,25.634473762653776,3116190.988979318,248.38907034748755,12,1.0000000000000004,1.0000000000000004,121562.51061877537,10.320290553361321,True,3116.1909889793183
Mitchell,2007,28.280345923961605,28.280345923961626,3437829.851684225,375.98178853827585,12,1.0000000000000004,1.0000000000000004,121562.51061877537,7.521732909965823,True,3437.8298516842246
Mitchell,2008,33.873825052898674,33.40469211376243,4060758.239796168,426.27609505412033,12,0.7793522375069043,0.11740895002761612,121562.51061877537,7.946451946501487,True,4060.7582397961683
Mitchell,2009,14.771975159787736,14.771975159787745,1795718.3872219834,189.32077250916697,9,1.0000000000000004,1.0000000000000004,121562.51061877537,7.8026172004302765,False,1795.7183872219834
Mitchell,2010,27.716881015056224,27.716881015056234,3369333.6427121074,376.1012056513984,12,1.0000000000000004,1.0000000000000004,121562.51061877537,7.369527297061237,True,3369.3336427121076
Mitchell,2011,27.945996308079586,27.945996308079597,3397185.4729531836,333.04612989872624,12,1.0000000000000004,1.0000000000000004,121562.51061877537,8.391028689202152,True,3397.1854729531838
Mitchell,2012,4.670088295011966,4.669942134352201,567689.890296256,91.54458454705193,12,0.9997278997661844,0.9967347971942074,121562.51061877537,5.101435893907675,True,567.6898902962561
Mitchell,2013,51.90135661866645,51.90135661866649,6309259.215085493,418.3805092315773,12,1.0000000000000004,1.0000000000000004,121562.51061877537,12.405299834352128,True,6309.259215085493
Mitchell,2014,29.791026445342403,29.791026445342418,3621471.968606155,317.4135062902036,12,1.0000000000000004,1.0000000000000004,121562.51061877537,9.385557279375876,True,3621.471968606155
Mitchell,2015,28.09388244741696,28.093882447416973,3415162.8833367527,308.07734009298974,12,1.0000000000000004,1.0000000000000004,121562.51061877537,9.119100560572592,True,3415.1628833367527
Mitchell,2016,54.771689362052655,54.77168936205268,6658184.069682795,601.6634820267286,12,1.0000000000000004,1.0000000000000004,121562.51061877537,9.103376056255222,True,6658.184069682795
Mitchell,2017,31.867405834155793,31.867405834155804,3873881.8601073897,405.85880610116084,12,1.0000000000000004,1.0000000000000004,121562.51061877537,7.851845359790666,True,3873.88186010739
Mitchell,2018,46.76410391958838,46.76410391958841,5684761.87930248,647.1546086445203,12,1.0000000000000004,1.0000000000000004,121562.51061877537,7.226110004460423,True,5684.76187930248
Mitchell,2019,37.09147571483853,37.09147571483855,4508932.91045111,606.4541043838336,12,1.0000000000000004,1.0000000000000004,121562.51061877537,6.116122464456567,True,4508.932910451111
Mitchell,2020,21.418940600122923,21.4128672347197,2603001.9005990415,356.4168318502784,12,0.9986130041990992,0.9833560503891845,121562.51061877537,6.009519945769697,True,2603.0019005990416
Monona,2000,2.0885875581698774,1.6399461095497767,296960.1444188426,48.06255915631989,12,0.7851938517659168,0.7851938517659168,181079.20906033227,4.345560442124819,True,296.9601444188426
Monona,2001,6.570362596546773,5.15900831468127,934189.1451581622,125.68644900943796,12,0.7851938517659168,0.7851938517659168,181079.20906033227,5.2275823275533835,True,934.1891451581622
Monona,2002,3.4973789996151248,2.7461204877930285,497265.32591393543,70.84797851448513,12,0.7851938517659168,0.7851938517659168,181079.20906033227,4.936455595412751,True,497.26532591393544
Monona,2003,6.893067901484778,5.935261875622574,1074752.5260036802,93.63917249198525,12,0.8030943641187571,0.7851938517659168,181079.20906033227,7.361308006085561,True,1074.7525260036803
Monona,2004,8.260754972707277,6.870446950967017,1244095.099772079,110.45447896749359,12,0.8030943641187571,0.7851938517659168,181079.20906033227,7.47887731663502,True,1244.0950997720788
Monona,2005,5.894783877904849,4.68301068514438,847995.8708870289,82.00136923969836,12,0.8030943641187571,0.7851938517659168,181079.20906033227,7.188640790465088,True,847.9958708870289
Monona,2006,4.865430859409948,3.8613589718845645,699211.8285268749,70.08757872889423,12,0.8030943641187571,0.7851938517659168,181079.20906033227,6.941930292998023,True,699.2118285268749
Monona,2007,15.692252514363451,12.32146019463643,2231160.266513133,191.85121415910865,12,0.7851938517659168,0.7851938517659168,181079.20906033227,8.179386605992152,True,2231.160266513133
Monona,2008,12.757880101529755,9.088486471425753,1645735.9418013054,176.7456223809739,11,0.6225512161222941,0.18883752107263366,181079.20906033227,7.218215608209089,False,1645.7359418013054
Monona,2009,8.633747983826789,6.170979330600011,1117436.0563127089,131.86998499857472,11,0.6767654280035017,0.18883752107263366,181079.20906033227,6.547166881015497,False,1117.4360563127088
Monona,2010,22.518050158479245,17.681034538194435,3201667.7495446657,276.36086627379694,12,0.7851938517659168,0.7851938517659168,181079.20906033227,8.14806034663754,True,3201.6677495446656
Monona,2011,15.640301945336343,12.280668927240606,2223773.816076528,196.39622512888926,12,0.7851938517659168,0.7851938517659168,181079.20906033227,7.963646926040487,True,2223.773816076528
Monona,2012,3.3927190647585665,2.675482449121171,484474.2457416623,64.44678041472812,12,0.8030943641187571,0.7851938517659168,181079.20906033227,5.264373243978567,True,484.4742457416623
Monona,2013,7.793759067749575,6.119611702141831,1108134.4467801966,94.24271835341811,12,0.7851938517659168,0.7851938517659168,181079.20906033227,8.26987931154779,True,1108.1344467801966
Monona,2014,11.549053835218164,9.550000991159365,1729306.6260045266,164.6883474163932,12,0.8030943641187571,0.7851938517659168,181079.20906033227,7.012672126715725,True,1729.3066260045266
Monona,2015,23.622218162520678,18.54802046628441,3358660.8756696368,231.26487294759968,12,0.7851938517659168,0.7851938517659168,181079.20906033227,10.214356318554712,True,3358.660875669637
Monona,2016,31.885118270421785,25.035998828764292,4533498.865948043,301.54613009457404,12,0.7851938517659168,0.7851938517659168,181079.20906033227,10.573877456302172,True,4533.498865948043
Monona,2017,14.900976861971138,11.70015541732592,2118654.88885234,189.80198890844716,12,0.7851938517659168,0.7851938517659168,181079.20906033227,7.850801220612482,True,2118.6548888523403
Monona,2018,18.859753222168525,14.808562275869166,2681522.7442350625,265.46339449010054,12,0.7851938517659168,0.7851938517659168,181079.20906033227,7.104464726066715,True,2681.5227442350624
Monona,2019,20.75250597947938,16.294740103822633,2950638.649843879,306.98960402932937,12,0.7851938517659168,0.7851938517659168,181079.20906033227,6.760002849313657,True,2950.638649843879
Monona,2020,10.961456560532296,8.660957935271867,1568319.4126238385,149.22265150711127,12,0.8030943641187571,0.7851938517659168,181079.20906033227,7.345705527829952,True,1568.3194126238386
Monroe,2000,1.14604324752229,1.1446559770163045,128586.46946270223,67.18036411436319,12,0.918621427094656,0.023457125135885902,112336.34563100757,1.7059199702629557,True,128.5864694627022
Monroe,2001,12.783655085400198,12.783655085400184,1436069.096101103,264.25711094537604,12,0.9999999999999988,0.9999999999999988,112336.34563100757,4.837582246951408,True,1436.0690961011028
Monroe,2002,4.334568064780738,4.334568064780732,486929.536286336,107.68494295767515,12,0.9999999999999988,0.9999999999999988,112336.34563100757,4.025231332930558,True,486.92953628633603
Monroe,2003,6.957784836009812,6.887429093674522,773708.6151760785,119.50353623488505,12,0.9941357187160272,0.9765428748641128,112336.34563100757,5.822241797375968,True,773.7086151760785
Monroe,2004,9.716898162446153,9.716898162446142,1091560.830437852,192.07451707605372,12,0.9999999999999988,0.9999999999999988,112336.34563100757,5.058921042919324,True,1091.560830437852
Monroe,2005,8.198205678222683,8.198205678222672,920956.4666229109,142.27893598667183,12,0.9999999999999988,0.9999999999999988,112336.34563100757,5.762065636329092,True,920.956466622911
Monroe,2006,5.194298532569565,5.19429853256956,583508.5152653696,88.90442914949023,12,0.9999999999999988,0.9999999999999988,112336.34563100757,5.842564405689511,True,583.5085152653695
Monroe,2007,19.389368194108723,19.3893681941087,2178130.76702026,363.5513799901184,12,0.9999999999999988,0.9999999999999988,112336.34563100757,5.33332267770122,True,2178.13076702026
Monroe,2008,19.5269748022045,19.502343439488108,2190821.993232949,489.0202164602053,11,0.9957350681571104,0.9765428748641128,112336.34563100757,3.9930812970374476,False,2190.8219932329494
Monroe,2009,10.172787215341193,10.129660803991944,1137929.0772021092,308.6359347696368,11,0.9957350681571104,0.9765428748641128,112336.34563100757,3.2960475658591326,False,1137.929077202109
Monroe,2010,21.09129235872208,21.091292358722058,2369318.70821403,670.5344616880752,12,0.9999999999999988,0.9999999999999988,112336.34563100757,3.14544494933558,True,2369.3187082140303
Monroe,2011,17.719359757014114,17.719359757014097,1990528.1220241014,292.74044800009455,12,0.9999999999999988,0.9999999999999988,112336.34563100757,6.052924998259343,True,1990.5281220241015
Monroe,2012,1.7051911877803474,1.705191187780345,191554.9466374412,67.19274459906457,12,0.9999999999999988,0.9999999999999988,112336.34563100757,2.5377608817069905,True,191.5549466374412
Monroe,2013,10.592402309805117,10.58582714621159,1189173.137086928,217.88970770988422,12,0.9980452395720083,0.9765428748641128,112336.34563100757,4.861359639762648,True,1189.173137086928
Monroe,2014,8.947600097401327,8.94760009740132,1005140.6971097114,264.35688898587614,12,0.9999999999999988,0.9999999999999988,112336.34563100757,3.384666891687991,True,1005.1406971097114
Monroe,2015,23.148994685516826,23.148994685516797,2600473.4680025727,396.7398785704072,12,0.9999999999999988,0.9999999999999988,112336.34563100757,5.834804096056783,True,2600.4734680025726
Monroe,2016,17.54660286647048,17.54660286647046,1971121.2442578538,290.19779573869744,12,0.9999999999999988,0.9999999999999988,112336.34563100757,6.0464287200409865,True,1971.1212442578537
Monroe,2017,9.831461072370072,9.72196975072567,1092130.5541317193,196.89062271398396,12,0.9941357187160272,0.9765428748641128,112336.34563100757,4.993361764441107,True,1092.1305541317192
Monroe,2018,14.807131870365156,14.691697416062206,1650411.598836945,376.5946474894464,12,0.9902261978600463,0.9765428748641128,112336.34563100757,3.9318487315410153,True,1650.411598836945
Monroe,2019,13.286740247665337,13.286740247665323,1492583.844771151,454.17167475419046,12,0.9999999999999988,0.9999999999999988,112336.34563100757,2.9254885291682857,True,1492.583844771151
Monroe,2020,6.73968124766857,6.739681247668562,757111.162080916,190.50683416029233,12,0.9999999999999988,0.9999999999999988,112336.34563100757,3.537763501963298,True,757.111162080916
Montgomery,2000,1.44547881674753,0.9612887066769945,105828.92113723567,48.52009580547191,12,0.6882389387351139,0.23825140567780423,110090.67349086788,2.9791343004407556,True,105.82892113723567
Montgomery,2001,10.182635866210571,7.615668966412971,838414.1255959056,187.44361974397677,12,0.6872277270851073,0.23825140567780423,110090.67349086788,5.4323726142926105,True,838.4141255959056
Montgomery,2002,1.729466647738448,1.3189368455363544,145202.64561701805,56.21934195285504,12,0.7311141475758309,0.5015699286221462,110090.67349086788,3.0762840468477215,True,145.20264561701805
Montgomery,2003,4.8355141049121135,3.6578518422641637,402695.3728446737,86.45145151738849,12,0.7091709373304691,0.5015699286221462,110090.67349086788,5.593328995684379,True,402.69537284467367
Montgomery,2004,13.256664269237527,10.300732926025239,1134014.6252756768,176.2491404047938,12,0.7770229913665677,0.7770229913665678,110090.67349086788,7.521548325734109,True,1134.0146252756767
Montgomery,2005,7.565080560735778,5.878241527231986,647139.568674957,124.32870183294219,12,0.7770229913665677,0.7770229913665678,110090.67349086788,6.084741857033796,True,647.139568674957
Montgomery,2006,3.5998117805061316,2.7971365180454844,307938.6431175285,77.86766304552549,12,0.7770229913665677,0.7770229913665678,110090.67349086788,4.6229867954320065,True,307.9386431175285
Montgomery,2007,33.98021057392522,26.198950505851112,2884260.105943063,433.7855884867714,12,0.7540685694711994,0.5015699286221462,110090.67349086788,7.833411592225238,True,2884.2601059430626
Montgomery,2008,20.58514521140058,15.823835859640822,1742056.7469968044,371.5063700028413,9,0.7199447170974316,0.2633185229443421,110090.67349086788,5.5409938761596855,False,1742.0567469968043
Montgomery,2009,10.392363107772791,8.075105069369176,888993.7555963739,194.20372666069247,9,0.7770229913665678,0.7770229913665678,110090.67349086788,5.351268632414068,False,888.993755596374
Montgomery,2010,29.538176124017234,22.95184197139641,2526783.740486999,530.6671116721151,12,0.7770229913665677,0.7770229913665678,110090.67349086788,5.566234551627551,True,2526.7837404869992
Montgomery,2011,12.628572317690603,9.812691038980983,1080285.7652392206,232.81280784446813,12,0.7770229913665677,0.7770229913665678,110090.67349086788,5.424346037752008,True,1080.2857652392206
Montgomery,2012,5.905731750828953,4.39549373764234,483902.8659019372,126.86568884407662,12,0.733136570875844,0.5137044684222258,110090.67349086788,4.655105572387938,True,483.90286590193716
Montgomery,2013,16.981318621547448,13.1948749926636,1452632.674570146,179.31742489823102,12,0.7770229913665677,0.7770229913665678,110090.67349086788,9.469976847584638,True,1452.632674570146
Montgomery,2014,23.03747332464746,17.900646436245083,1970694.2220881248,393.68162950756283,12,0.7770229913665677,0.7770229913665678,110090.67349086788,5.851802979342449,True,1970.694222088125
Montgomery,2015,30.665184299167333,23.82755323494611,2623191.3832747247,461.7836592357992,12,0.7770229913665677,0.7770229913665678,110090.67349086788,6.64059537098277,True,2623.1913832747246
Montgomery,2016,26.819209696590313,20.83914254453187,2294195.2376997117,415.3686330048199,12,0.7770229913665677,0.7770229913665678,110090.67349086788,6.45672483802577,True,2294.1952376997115
Montgomery,2017,14.837235195706135,11.43999864544686,1259437.1556118613,286.09902491252456,12,0.7540685694711994,0.5015699286221462,110090.67349086788,5.186048851527073,True,1259.4371556118613
Montgomery,2018,17.64606638230523,13.331023062739959,1467621.3072993343,337.592373407507,12,0.7540685694711994,0.5015699286221462,110090.67349086788,5.227033479516642,True,1467.6213072993344
Montgomery,2019,17.468189890129448,13.573185162187622,1494281.09592149,433.8596497118838,12,0.7770229913665677,0.7770229913665678,110090.67349086788,4.0262305798037845,True,1494.28109592149
Montgomery,2020,5.977173245727,4.644401035311011,511305.2379390733,148.1095350164013,12,0.7770229913665677,0.7770229913665678,110090.67349086788,4.03564378557066,True,511.3052379390733
Muscatine,2000,8.101857671605963,7.833103069212485,911087.6176695607,180.11438679933744,12,0.896022426556203,0.6880672796686057,116312.47662890237,4.498173530486553,True,911.0876176695607
Muscatine,2001,27.963882693931676,27.78682896700143,3231954.8948156605,318.9240187619516,12,0.9480112132781023,0.6880672796686057,116312.47662890237,8.76819588643282,True,3231.9548948156607
Muscatine,2002,9.029289538910183,8.74780260795137,1017478.5863915948,220.84872223444688,12,0.9480112132781023,0.6880672796686057,116312.47662890237,4.088449979495439,True,1017.4785863915948
Muscatine,2003,4.503065873911636,4.186800508700958,486977.1363181567,126.21645507852617,12,0.8700280331952532,0.6880672796686057,116312.47662890237,3.567732805607662,True,486.97713631815674
Muscatine,2004,14.948445863363407,14.493099601759956,1685728.3087100592,247.36191138378766,12,0.9480112132781023,0.6880672796686057,116312.47662890237,6.043147782833288,True,1685.728308710059
Muscatine,2005,8.536021428881352,8.148705431427912,947796.1100487687,136.7079913131382,12,0.9220168199171526,0.6880672796686057,116312.47662890237,6.243981311472174,True,947.7961100487687
Muscatine,2006,7.650439805979611,7.011060194553944,815473.7750228834,121.31589339297972,12,0.9220168199171526,0.6880672796686057,116312.47662890237,6.306213960933766,True,815.4737750228834
Muscatine,2007,22.637249026734988,20.62185099453811,2398578.561846921,333.6396246925762,12,0.8700280331952532,0.6880672796686057,116312.47662890237,6.784940202349619,True,2398.5785618469213
Muscatine,2008,27.350198719271038,24.91132950464576,2897498.430803996,503.4734928877348,12,0.7617387754997771,0.04695510199910351,116312.47662890237,5.432301621759782,True,2897.498430803996
Muscatine,2009,20.299979329802994,16.518605182275138,1921319.8792054425,433.04937374215456,12,0.7617387754997771,0.04695510199910351,116312.47662890237,4.687682412373138,True,1921.3198792054425
Muscatine,2010,22.111183175341623,20.837489909389685,2423660.0580908763,415.0846596385795,12,0.9220168199171526,0.6880672796686057,116312.47662890237,5.32690926101537,True,2423.660058090876
Muscatine,2011,16.432226374303372,15.523968375050863,1805631.2088109232,274.6712852556424,12,0.896022426556203,0.6880672796686057,116312.47662890237,5.982506092331258,True,1805.6312088109232
Muscatine,2012,3.561317404342267,3.2713690775868143,380501.0393813302,102.85933981841791,12,0.896022426556203,0.6880672796686057,116312.47662890237,3.4623179680418095,True,380.5010393813302
Muscatine,2013,22.28492888330706,22.145960221524067,2575851.48069062,339.69181521709066,12,0.9220168199171526,0.6880672796686057,116312.47662890237,6.560337307233965,True,2575.85148069062
Muscatine,2014,16.570458596503588,16.230568224623735,1887817.5873003532,316.5632851183544,12,0.9220168199171526,0.6880672796686057,116312.47662890237,5.234485291087482,True,1887.8175873003531
Muscatine,2015,23.164743366394404,20.6107871854039,2397291.7028055717,330.32402953133584,12,0.9220168199171526,0.6880672796686057,116312.47662890237,7.012733345273298,True,2397.2917028055717
Muscatine,2016,26.787797913391035,24.2784362949228,2823885.054139503,401.98783014226734,12,0.9220168199171526,0.6880672796686057,116312.47662890237,6.663833057809382,True,2823.8850541395027
Muscatine,2017,17.133848279371445,16.196715330762682,1883880.0733743191,283.3179103893445,12,0.9220168199171526,0.6880672796686057,116312.47662890237,6.047569762118309,True,1883.8800733743192
Muscatine,2018,22.805227897195426,21.913625641671903,2548828.070301479,471.90024858003505,12,0.9480112132781023,0.6880672796686057,116312.47662890237,4.8326373986488,True,2548.8280703014793
Muscatine,2019,21.939537179054483,20.747985476824756,2413249.575869985,477.84934178611667,12,0.9220168199171526,0.6880672796686057,116312.47662890237,4.591308444006296,True,2413.2495758699847
Muscatine,2020,15.864463681300519,14.422477716669379,1677514.1023509724,314.98796807122216,12,0.9220168199171526,0.6880672796686057,116312.47662890237,5.036530054923683,True,1677.5141023509723
O'Brien,2000,1.3584086598660656,1.3584086598660665,201689.4463944299,30.24923400762992,12,1.0000000000000009,1.0000000000000009,148474.79433347814,4.490720854364204,True,201.6894463944299
O'Brien,2001,13.778900885851677,13.778900885851687,2045819.4751682095,184.91708874276233,12,1.0000000000000009,1.0000000000000009,148474.79433347814,7.451394016385078,True,2045.8194751682095
O'Brien,2002,3.842549463580176,3.8425494635801787,570521.7413212839,59.4592922713044,12,1.0000000000000009,1.0000000000000009,148474.79433347814,6.462487723612926,True,570.5217413212839
O'Brien,2003,6.5707238564784225,6.570723856478428,975586.8732127132,84.38783952892143,12,1.0000000000000009,1.0000000000000009,148474.79433347814,7.786339706239904,True,975.5868732127132
O'Brien,2004,11.599576250622128,11.599576250622137,1722244.6981666193,160.0482685557802,12,1.0000000000000009,1.0000000000000009,148474.79433347814,7.247548727201276,True,1722.2446981666194
O'Brien,2005,12.711900704655712,12.711900704655724,1887396.8427113541,138.6560255995864,12,1.0000000000000009,1.0000000000000009,148474.79433347814,9.167939618697416,True,1887.396842711354
O'Brien,2006,13.530852789412357,13.530852789412366,2008990.5850645704,144.22851784759823,12,1.0000000000000009,1.0000000000000009,148474.79433347814,9.381537709282977,True,2008.9905850645705
O'Brien,2007,17.359924962294365,17.359924962294382,2577511.288421272,237.49706590177593,12,1.0000000000000009,1.0000000000000009,148474.79433347814,7.309532392065039,True,2577.5112884212717
O'Brien,2008,15.747433757996465,15.449645428344011,2293882.927498538,186.38008187633915,11,0.9224609510845799,0.715690153976791,148474.79433347814,8.44909692036979,False,2293.8829274985383
O'Brien,2009,8.016955376068239,7.766450975896077,1153122.2113472107,121.01325763992757,11,0.9483073007230537,0.715690153976791,148474.79433347814,6.624857087908932,False,1153.1222113472106
O'Brien,2010,37.99556289104273,37.99556289104276,5641383.385832308,407.8813015104688,12,1.0000000000000009,1.0000000000000009,148474.79433347814,9.315348055999946,True,5641.383385832308
O'Brien,2011,25.508513564875678,25.5085135648757,3787371.3052976565,284.0253310910379,12,1.0000000000000009,1.0000000000000009,148474.79433347814,8.981069916154592,True,3787.3713052976564
O'Brien,2012,5.154028754998557,5.154028754998562,765243.3593872439,82.09910036444614,12,1.0000000000000009,1.0000000000000009,148474.79433347814,6.277813925023913,True,765.2433593872439
O'Brien,2013,9.639149709615527,9.639149709615534,1431170.770684772,109.5316910283373,12,1.0000000000000009,1.0000000000000009,148474.79433347814,8.800329492878687,True,1431.170770684772
O'Brien,2014,6.895941192642458,6.895941192642464,1023873.4503133497,127.41934185586992,12,1.0000000000000009,1.0000000000000009,148474.79433347814,5.4120050317343384,True,1023.8734503133497
O'Brien,2015,14.459805664271972,14.459805664271983,2146916.672104845,154.28582596037353,12,1.0000000000000009,1.0000000000000009,148474.79433347814,9.37208948020008,True,2146.916672104845
O'Brien,2016,44.43733007613745,44.437330076137485,6597823.443783396,362.8255129756185,12,1.0000000000000009,1.0000000000000009,148474.79433347814,12.247575897211945,True,6597.823443783396
O'Brien,2017,19.293623452655495,19.293623452655506,2864616.774080597,223.81321630291654,12,1.0000000000000009,1.0000000000000009,148474.79433347814,8.620412936894146,True,2864.6167740805968
O'Brien,2018,37.227414857381504,37.21953988664946,5526163.529856965,476.3541242120905,12,0.9998467338029403,0.9981608056352728,148474.79433347814,7.815071386010816,True,5526.163529856965
O'Brien,2019,31.804064109408944,31.804064109408973,4722101.877613251,442.3674691223709,12,1.0000000000000009,1.0000000000000009,148474.79433347814,7.189512414307091,True,4722.101877613251
O'Brien,2020,15.203755562530555,15.203755562530567,2257374.4802432,201.71294518418887,12,1.0000000000000009,1.0000000000000009,148474.79433347814,7.537322678347513,True,2257.3744802432
Osceola,2000,1.2736985008354678,1.2736985008354709,131766.77302820687,32.53495652023935,12,1.0000000000000024,1.0000000000000024,103452.09085335005,3.914861542978013,True,131.76677302820687
Osceola,2001,14.380273874181825,14.380273874181858,1487669.3993279175,211.23331184843087,12,1.0000000000000024,1.0000000000000024,103452.09085335005,6.807768030688408,True,1487.6693993279175
Osceola,2002,3.786439161044235,3.7864391610442443,391715.0480990317,60.07109148944286,12,1.0000000000000024,1.0000000000000024,103452.09085335005,6.303263461942721,True,391.71504809903166
Osceola,2003,5.194484816673776,5.194484816673788,537380.3151908842,73.759943518774,12,1.0000000000000024,1.0000000000000024,103452.09085335005,7.042419731994008,True,537.3803151908842
Osceola,2004,9.726693875201873,9.726693875201896,1006246.8184801099,146.60405560087355,12,1.0000000000000024,1.0000000000000024,103452.09085335005,6.6346690310414,True,1006.2468184801099
Osceola,2005,13.012124793186535,13.012124793186565,1346131.5162998654,146.61449855264027,12,1.0000000000000024,1.0000000000000024,103452.09085335005,8.875060053160214,True,1346.1315162998656
Osceola,2006,16.510612758908366,16.5106127589084,1708057.4111790722,169.98349250480345,12,1.0000000000000024,1.0000000000000024,103452.09085335005,9.713068319526263,True,1708.0574111790722
Osceola,2007,15.840754690617736,15.840754690617775,1638759.1934394212,227.54271374842205,12,1.0000000000000024,1.0000000000000024,103452.09085335005,6.961662023654927,True,1638.7591934394213
Osceola,2008,15.131104848061305,14.676673858308142,1518332.5974146817,180.8322768942683,11,0.8816738493940388,0.5661374477781357,103452.09085335005,8.36748013569966,False,1518.3325974146817
Osceola,2009,6.980756525283611,6.598481764413639,682626.7349862934,111.48999896889181,11,0.9211158995960266,0.5661374477781357,103452.09085335005,6.261329796254996,False,682.6267349862934
Osceola,2010,30.57844019608257,30.578440196082646,3163403.5733188726,363.38617396627467,12,1.0000000000000024,1.0000000000000024,103452.09085335005,8.414860659756556,True,3163.4035733188725
Osceola,2011,25.273079326218923,25.273079326218983,2614552.8985999287,294.360658388806,12,1.0000000000000024,1.0000000000000024,103452.09085335005,8.585753090970805,True,2614.5528985999285
Osceola,2012,5.196618742705086,5.196618742705098,537601.0743005495,90.62633425644691,12,1.0000000000000024,1.0000000000000024,103452.09085335005,5.734115569543091,True,537.6010743005495
Osceola,2013,8.318885687362158,8.31888568736218,860606.1179276257,99.03156603276913,12,1.0000000000000024,1.0000000000000024,103452.09085335005,8.400236430280698,True,860.6061179276256
Osceola,2014,9.177477423730137,9.17747742373016,949429.2282443015,145.35947883454895,12,1.0000000000000024,1.0000000000000024,103452.09085335005,6.31364221811508,True,949.4292282443015
Osceola,2015,12.603708701034648,12.603708701034677,1303880.017628598,146.08231439698812,12,1.0000000000000024,1.0000000000000024,103452.09085335005,8.62781285541743,True,1303.8800176285981
Osceola,2016,40.63333413523667,40.63333413523677,4203603.374633045,334.9168537910882,12,1.0000000000000024,1.0000000000000024,103452.09085335005,12.132364697472829,True,4203.603374633045
Osceola,2017,19.773052747994782,19.77305274799483,2045563.6493336435,228.39540528598735,12,1.0000000000000024,1.0000000000000024,103452.09085335005,8.657377639990514,True,2045.5636493336435
Osceola,2018,39.39343551506663,37.970810799658345,3928159.7686216193,482.91516514582787,12,0.9684918185889355,0.6219018230671999,103452.09085335005,8.157423572144566,True,3928.159768621619
Osceola,2019,35.94327832702827,35.94327832702834,3718407.2950549843,482.17697883422886,12,1.0000000000000024,1.0000000000000024,103452.09085335005,7.454374618616014,True,3718.4072950549844
Osceola,2020,14.26967628156507,14.269676281565106,1476227.8471283677,200.69915706973578,12,1.0000000000000024,1.0000000000000024,103452.09085335005,7.109983165802171,True,1476.2278471283678
Page,2000,1.1946754356327405,0.3225412976058021,44733.80005397558,46.645323878231174,12,0.3080706156587834,0.0115496412446012,138691.69742303065,2.561190139340594,True,44.73380005397558
Page,2001,10.578002548723719,3.659980664347517,507608.93087382865,202.56553542435375,12,0.3055518597548164,0.0115496412446012,138691.69742303065,5.222014952624543,True,507.6089308738286
Page,2002,1.20991486553865,0.42855675307709473,59437.26352636489,51.29652233391809,12,0.33243332570187095,0.17283843692692838,138691.69742303065,2.3586684057500613,True,59.437263526364895
Page,2003,4.056756368656488,1.4468171832536747,200661.53100626016,81.16389635031081,12,0.3189925927283437,0.17283843692692838,138691.69742303065,4.998227723256601,True,200.66153100626016
Page,2004,12.56079883943841,4.576555990407632,634730.3186611738,170.97341266336636,12,0.3643523034568595,0.3643523034568595,138691.69742303065,7.346638663737541,True,634.7303186611738
Page,2005,6.716818148715766,2.4472881643854274,339418.54960190784,119.75965951972437,12,0.3643523034568595,0.3643523034568595,138691.69742303065,5.608581533758876,True,339.41854960190784
Page,2006,3.1460928571512254,1.1462861793922212,158980.37595246776,73.9464802137189,12,0.3643523034568595,0.3643523034568595,138691.69742303065,4.254553899061104,True,158.98037595246777
Page,2007,32.85070552123792,11.892059421752347,1649329.9070583773,455.06655416305625,12,0.3483928145793653,0.17283843692692838,138691.69742303065,7.218879353077459,True,1649.3299070583773
Page,2008,18.9304879372735,6.829655163075261,947216.4673808732,398.9796464960408,9,0.3417896914819114,0.16128879568232715,138691.69742303065,4.744725226844712,False,947.2164673808732
Page,2009,9.895105040220631,3.6053043143519674,500025.77508405,203.15432474200006,9,0.3643523034568595,0.3643523034568595,138691.69742303065,4.870733149681711,False,500.02577508405
Page,2010,26.971984735207066,9.827304767075946,1362965.5792392038,551.8326585239591,12,0.3643523034568595,0.3643523034568595,138691.69742303065,4.887710851936831,True,1362.9655792392039
Page,2011,10.784597148044659,3.9293928127443483,544974.1590413705,227.54607826134915,12,0.3643523034568595,0.3643523034568595,138691.69742303065,4.739522311458146,True,544.9741590413705
Page,2012,6.034044641075908,2.1016571712482834,291482.4004817094,134.25173167648194,12,0.33747083750980494,0.2030635077745323,138691.69742303065,4.494574904714577,True,291.4824004817094
Page,2013,18.020843918091007,6.565935991792992,910640.8078727404,182.71907372749254,12,0.3643523034568595,0.3643523034568595,138691.69742303065,9.862595924149286,True,910.6408078727404
Page,2014,21.447163312294006,7.814323355449768,1083781.7703797605,415.8903156440916,12,0.3643523034568595,0.3643523034568595,138691.69742303065,5.15692780176395,True,1083.7817703797605
Page,2015,28.398655549772442,10.347115564637516,1435059.0210918374,488.3031715894179,12,0.3643523034568595,0.3643523034568595,138691.69742303065,5.81578355457642,True,1435.0590210918374
Page,2016,22.310492978169563,8.128879507854169,1127408.097091585,399.4526799091452,12,0.3643523034568595,0.3643523034568595,138691.69742303065,5.5852655646831675,True,1127.408097091585
Page,2017,12.514939148184657,4.521014373584896,627027.1575464088,283.8354001720647,12,0.3483928145793653,0.17283843692692838,138691.69742303065,4.409224198460777,True,627.0271575464088
Page,2018,15.327250813188153,5.394439202070842,748163.9295805442,339.07827482271927,12,0.3483928145793653,0.17283843692692838,138691.69742303065,4.520269197783821,True,748.1639295805443
Page,2019,14.281239530912423,5.203402519307101,721668.7277779757,443.02955983368645,12,0.3643523034568595,0.3643523034568595,138691.69742303065,3.2235410062194516,True,721.6687277779757
Page,2020,4.421675732663105,1.611047738335099,223438.9454592294,142.11218153922553,12,0.3643523034568595,0.3643523034568595,138691.69742303065,3.1113981115282807,True,223.43894545922942
Palo Alto,2000,2.0038309598400943,1.8989824347627335,279977.212946739,43.97977735793456,12,0.8576106110443115,0.14566366626586874,147435.3884593569,4.55625535238999,True,279.977212946739
Palo Alto,2001,17.98838018982383,17.98838018982383,2652123.8210412767,272.30849773074874,12,1.0,1.0,147435.3884593569,6.605882790925699,True,2652.1238210412766
Palo Alto,2002,4.614152101592183,4.614152101592183,680289.3075088018,67.4173632989817,12,1.0,1.0,147435.3884593569,6.844159836286385,True,680.2893075088018
Palo Alto,2003,9.835950109520464,9.835950109520464,1450167.1252640036,100.42180903283743,12,1.0,1.0,147435.3884593569,9.794635452448539,True,1450.1671252640037
Palo Alto,2004,9.999869464272534,9.999869464272534,1474334.6390078824,160.14381812953542,12,1.0,1.0,147435.3884593569,6.244305637938485,True,1474.3346390078825
Palo Alto,2005,15.717564965621703,15.717564965621703,2317325.2963416143,194.1198299589441,12,1.0,1.0,147435.3884593569,8.096836355639674,True,2317.3252963416144
Palo Alto,2006,17.06886037452394,16.73254239807243,2466968.888372468,206.4798770016503,12,0.9288053055221557,0.14566366626586874,147435.3884593569,8.266597511769884,True,2466.968888372468
Palo Alto,2007,18.095631391829627,18.095631391829627,2667936.443671735,282.8602467379643,12,1.0,1.0,147435.3884593569,6.39737524113561,True,2667.936443671735
Palo Alto,2008,17.564679139505376,14.38733200224851,2121201.882645246,229.23478836413645,12,0.6897094048700095,0.008961716865167847,147435.3884593569,7.662309575632174,True,2121.2018826452463
Palo Alto,2009,9.512405144464397,6.062821962907962,893874.5112612562,155.7359347020443,12,0.6921231916433488,0.008961716865167847,147435.3884593569,6.1080348364451895,True,893.8745112612562
Palo Alto,2010,23.47915537890491,23.47915537890491,3461658.393986445,449.7995951484984,12,1.0,1.0,147435.3884593569,5.219914742509588,True,3461.658393986445
Palo Alto,2011,19.864753307742603,19.8637374947039,2928617.8537863633,343.35728654428596,12,0.9951724264533214,0.9710345587199284,147435.3884593569,5.785446846831504,True,2928.6178537863634
Palo Alto,2012,4.819812908116253,4.585493868324606,676064.0697544377,83.04906676069213,12,0.8503692507242936,0.11669822498579727,147435.3884593569,5.803572630147259,True,676.0640697544377
Palo Alto,2013,12.526528794274624,12.526528794274624,1846853.638831199,111.89364869222557,12,1.0,1.0,147435.3884593569,11.195031121677037,True,1846.8536388311989
Palo Alto,2014,11.286079916531216,11.286079916531216,1663967.576677126,143.7930985936896,12,1.0,1.0,147435.3884593569,7.848832820844789,True,1663.967576677126
Palo Alto,2015,17.459736766158244,16.540637550067643,2438675.3225596487,175.03543738031112,12,0.9288053055221557,0.14566366626586874,147435.3884593569,9.974972512693137,True,2438.6753225596485
Palo Alto,2016,32.97462460032957,32.97462460032957,4861626.587251055,333.7083696978263,12,1.0,1.0,147435.3884593569,9.881269873509067,True,4861.626587251055
Palo Alto,2017,17.92906015129162,17.927857879272402,2643200.6906746696,266.51077347750356,12,0.9975862132266607,0.9710345587199284,147435.3884593569,6.72733035042016,True,2643.2006906746697
Palo Alto,2018,26.656177971355387,26.656177971355387,3930063.9540485344,567.8857507211724,12,1.0,1.0,147435.3884593569,4.6939332317291,True,3930.0639540485345
Palo Alto,2019,21.500799335138677,21.277489217819593,3137054.88826901,529.3457375117923,12,0.9288053055221557,0.14566366626586874,147435.3884593569,4.0617686724377755,True,3137.05488826901
Palo Alto,2020,11.201641937588237,11.199900728473564,1651261.7146087342,230.71697922575487,12,0.9927586396799821,0.9710345587199284,147435.3884593569,4.855144157651056,True,1651.2617146087343
Plymouth,2000,1.6251633796187832,0.7692403409552713,172308.5131689411,28.344836827292795,12,0.48236202700413805,0.46077977817810833,223998.27985485262,5.733542900673674,True,172.30851316894112
Plymouth,2001,16.62484096993476,7.660390534372866,1715914.302715917,150.18042587307212,12,0.4607797781781084,0.46077977817810833,223998.27985485262,11.069911989719328,True,1715.9143027159168
Plymouth,2002,4.5058104652447035,2.9851201612642733,668661.7812832373,50.9803628663376,12,0.6550200176123763,0.46077977817810833,223998.27985485262,8.838325605995042,True,668.6617812832372
Plymouth,2003,5.405805194205577,4.44114534497255,994808.9178592374,58.65700282823286,12,0.6999550360975336,0.46077977817810833,223998.27985485262,9.215958766314,True,994.8089178592375
Plymouth,2004,12.339118848943324,9.440840017945064,2114731.924404551,116.31237939782652,12,0.6999550360975336,0.46077977817810833,223998.27985485262,10.608603239677082,True,2114.7319244045507
Plymouth,2005,9.949500423975293,7.229788417913164,1619460.1693270854,97.93507654991379,12,0.7431195337495932,0.7197667640904656,223998.27985485262,10.159281816565906,True,1619.4601693270854
Plymouth,2006,11.155399253639066,8.150964161347417,1825801.9513003728,103.91233691859021,12,0.7431195337495932,0.7197667640904656,223998.27985485262,10.735394453094369,True,1825.8019513003728
Plymouth,2007,14.888097648188381,10.715957867699421,2400356.1293617445,158.98770008857744,12,0.7197667640904656,0.7197667640904656,223998.27985485262,9.364307830035731,True,2400.3561293617445
Plymouth,2008,13.358429714990095,9.1818919213962,2056727.9962059164,130.58264246835918,11,0.57215981845289,0.2648702920568075,223998.27985485262,10.229866284278103,False,2056.7279962059165
Plymouth,2009,7.701821981154815,4.52946799684308,1014593.0399504551,102.79499216986115,12,0.5408056240919242,0.005883306144450396,223998.27985485262,7.4924097162516645,True,1014.593039950455
Plymouth,2010,41.00940430077415,26.931387103350872,6032584.385255757,355.69698516545674,12,0.676602266438406,0.46077977817810833,223998.27985485262,11.529308937408658,True,6032.584385255756
Plymouth,2011,22.6637946239174,16.312646118467914,3654004.670417751,222.24456019766575,12,0.7197667640904656,0.7197667640904656,223998.27985485262,10.197682500647069,True,3654.004670417751
Plymouth,2012,4.206689204909115,3.010213352446065,674282.6129440279,64.61762516265102,12,0.678372787271504,0.46077977817810833,223998.27985485262,6.510126601403762,True,674.2826129440278
Plymouth,2013,9.645234302157741,4.667845438726588,1045589.3489030759,110.771246031079,12,0.5471087734822274,0.46077977817810833,223998.27985485262,8.707344773797692,True,1045.589348903076
Plymouth,2014,7.531858419125427,3.7195613797352824,833175.3508752458,121.60364732378238,12,0.484132547837236,0.46077977817810833,223998.27985485262,6.193776736869634,True,833.1753508752457
Plymouth,2015,13.763150001024375,6.341781204504042,1420548.0810247408,119.31507107329385,12,0.4607797781781084,0.46077977817810833,223998.27985485262,11.535131209509847,True,1420.548081024741
Plymouth,2016,49.80483800906054,22.949062210011533,5140550.459324585,306.88827397057304,12,0.4607797781781084,0.46077977817810833,223998.27985485262,16.2289804575056,True,5140.550459324585
Plymouth,2017,25.842384469860797,11.907648183615851,2667292.7102467106,190.30031718177733,12,0.4607797781781084,0.46077977817810833,223998.27985485262,13.57979053980021,True,2667.2927102467106
Plymouth,2018,56.14972097396663,25.872655975147023,5795430.433709308,436.02025361309154,12,0.4607797781781084,0.46077977817810833,223998.27985485262,12.877778155643165,True,5795.430433709307
Plymouth,2019,48.48390769676556,22.34040423372352,5004212.119616134,413.1386319051021,12,0.4607797781781084,0.46077977817810833,223998.27985485262,11.735505700154981,True,5004.212119616134
Plymouth,2020,20.084803239597374,9.334899283535533,2091001.3821302552,169.62811106319666,12,0.484132547837236,0.46077977817810833,223998.27985485262,11.84049218829925,True,2091.001382130255
Pocahontas,2000,3.1369948928450504,3.094791488555074,463712.19990315504,45.61076111014185,12,0.965564869726724,0.793389218360345,149836.3303692739,6.877751689496624,True,463.712199903155
Pocahontas,2001,21.699981541441936,21.69998154144193,3251445.6032506377,244.69262833748385,12,0.9999999999999997,0.9999999999999997,149836.3303692739,8.868261250401456,True,3251.4456032506378
Pocahontas,2002,9.946364784337295,9.946364784337291,1490326.7997992737,93.75039064456718,12,0.9999999999999997,0.9999999999999997,149836.3303692739,10.609411561863913,True,1490.3267997992737
Pocahontas,2003,17.445007107869056,17.44500710786905,2613895.848308999,146.2505825584075,12,0.9999999999999997,0.9999999999999997,149836.3303692739,11.928162474773126,True,2613.895848308999
Pocahontas,2004,19.254132400069714,19.254132400069704,2884968.543270585,189.52320770414076,12,0.9999999999999997,0.9999999999999997,149836.3303692739,10.159247847961073,True,2884.968543270585
Pocahontas,2005,18.160937497331588,18.160937497331584,2721168.2306659096,181.83454573102395,12,0.9999999999999997,0.9999999999999997,149836.3303692739,9.987616722839832,True,2721.1682306659095
Pocahontas,2006,18.038857357353407,17.94030648646293,2688109.689631687,168.43822719319914,12,0.9827824348633617,0.793389218360345,149836.3303692739,10.709479467901776,True,2688.109689631687
Pocahontas,2007,31.965646337448785,31.965646337448774,4789615.145085346,351.0891823809474,12,0.9999999999999997,0.9999999999999997,149836.3303692739,9.104708416440081,True,4789.615145085346
Pocahontas,2008,29.500851652623716,26.3911130518596,3954347.5340512916,346.34145251687966,12,0.8190598787849628,0.34510977568640366,149836.3303692739,8.517851801521196,True,3954.347534051292
Pocahontas,2009,18.400488298871302,14.857087261106788,2226131.4351803274,219.95387186495498,12,0.8190598787849628,0.34510977568640366,149836.3303692739,8.365612363563505,True,2226.1314351803276
Pocahontas,2010,36.677906494012596,36.67790649401258,5495682.914690206,530.1954690336488,12,0.9999999999999997,0.9999999999999997,149836.3303692739,6.917808362425827,True,5495.6829146902055
Pocahontas,2011,21.691955127971756,21.69195512797175,3250242.9549102406,272.0628167526341,12,0.9999999999999997,0.9999999999999997,149836.3303692739,7.973142154039591,True,3250.2429549102408
Pocahontas,2012,4.809649356192148,4.681581290268791,701470.9608593262,65.15719474375518,12,0.965564869726724,0.793389218360345,149836.3303692739,7.381609007427558,True,701.4709608593262
Pocahontas,2013,32.244690208342575,32.24469020834257,4831426.0547121065,163.8503928829527,12,0.9999999999999997,0.9999999999999997,149836.3303692739,19.679348728432238,True,4831.426054712107
Pocahontas,2014,28.24544806299677,28.245448062996758,4232194.28739535,199.65469308259318,12,0.9999999999999997,0.9999999999999997,149836.3303692739,14.147149574546784,True,4232.194287395349
Pocahontas,2015,53.07078231165402,52.54158487082961,7872638.268830869,336.12421753383836,12,0.9827824348633617,0.793389218360345,149836.3303692739,15.789038558732017,True,7872.6382688308695
Pocahontas,2016,39.19514696631861,39.1951469663186,5872856.989717558,359.52424362661424,12,0.9999999999999997,0.9999999999999997,149836.3303692739,10.901948244420739,True,5872.8569897175585
Pocahontas,2017,22.76801176635215,22.76801176635214,3411475.332874655,247.7602949465977,12,0.9999999999999997,0.9999999999999997,149836.3303692739,9.189532072223104,True,3411.4753328746547
Pocahontas,2018,41.30572551549529,41.30572551549527,6189098.334482295,515.325932242481,12,0.9999999999999997,0.9999999999999997,149836.3303692739,8.01545641915403,True,6189.098334482295
Pocahontas,2019,31.369652458754405,31.27154707025807,4685613.857977488,475.6934711860031,12,0.9827824348633617,0.793389218360345,149836.3303692739,6.594509775495408,True,4685.613857977488
Pocahontas,2020,13.458640681408893,13.458640681408886,2016593.3314609316,200.79742160552942,12,0.9999999999999997,0.9999999999999997,149836.3303692739,6.702596364931749,True,2016.5933314609315
Polk,2000,2.4428136499569164,2.442813649956915,374246.18323446653,56.99647006681056,12,0.9999999999999994,0.9999999999999994,153202.91960914305,4.285903402602793,True,374.2461832344665
Polk,2001,18.853954551752896,18.853954551752885,2888480.8835066343,224.45223514441489,12,0.9999999999999994,0.9999999999999994,153202.91960914305,8.399985208265832,True,2888.480883506634
Polk,2002,8.181779857969234,8.181779857969229,1253472.5618401656,92.52712692026974,12,0.9999999999999994,0.9999999999999994,153202.91960914305,8.84257420531326,True,1253.4725618401656
Polk,2003,14.574909711845473,14.574909711845464,2232918.7208943786,146.37351546013647,12,0.9999999999999994,0.9999999999999994,153202.91960914305,9.957340756644477,True,2232.9187208943786
Polk,2004,18.33737213590489,18.33737213590488,2809338.949179975,223.75663244731237,12,0.9999999999999994,0.9999999999999994,153202.91960914305,8.195230655441135,True,2809.338949179975
Polk,2005,14.798205412755786,14.79820541275578,2267128.2742100097,180.80665709999386,12,0.9999999999999994,0.9999999999999994,153202.91960914305,8.184546769520628,True,2267.1282742100097
Polk,2006,13.21984729401814,13.21984729401813,2025319.2022306067,141.19205854861434,12,0.9999999999999994,0.9999999999999994,153202.91960914305,9.363024684186728,True,2025.3192022306066
Polk,2007,29.304128453769298,29.304128453769284,4489478.035718817,389.20890001060366,12,0.9999999999999994,0.9999999999999994,153202.91960914305,7.529151685115868,True,4489.478035718817
Polk,2008,27.528185988051902,24.249968225604896,3715165.932591621,492.05311163830225,12,0.8258770334191269,0.3035081336765091,153202.91960914305,5.594555818658715,True,3715.1659325916207
Polk,2009,20.3215157756235,15.858024832535712,2429495.7035787627,323.17899405613065,12,0.8258770334191269,0.3035081336765091,153202.91960914305,6.288006383265739,True,2429.495703578763
Polk,2010,29.68735962519927,29.687359625199246,4548190.17006712,624.3659982384096,12,0.9999999999999994,0.9999999999999994,153202.91960914305,4.754800823388747,True,4548.190170067121
Polk,2011,15.774229177333591,15.774229177333583,2416657.9645512355,268.05979523990175,12,0.9999999999999994,0.9999999999999994,153202.91960914305,5.8845934591632245,True,2416.6579645512356
Polk,2012,3.334289352083964,3.334289352083962,510822.8635609409,69.47049418753905,12,0.9999999999999994,0.9999999999999994,153202.91960914305,4.799576267707099,True,510.8228635609409
Polk,2013,24.052916604585036,24.052916604585025,3684977.0489376616,199.7251815366626,12,0.9999999999999994,0.9999999999999994,153202.91960914305,12.04300650500085,True,3684.9770489376615
Polk,2014,20.70107823214478,20.70107823214477,3171465.6242218562,278.75812421579633,12,0.9999999999999994,0.9999999999999994,153202.91960914305,7.426179341097646,True,3171.465624221856
Polk,2015,34.035211463716415,34.03521146371639,5214293.765755926,406.24574538079867,12,0.9999999999999994,0.9999999999999994,153202.91960914305,8.377985948336063,True,5214.293765755926
Polk,2016,22.352522274370912,22.352522274370905,3424471.6730620246,317.7360436113232,12,0.9999999999999994,0.9999999999999994,153202.91960914305,7.034934412953813,True,3424.471673062025
Polk,2017,14.788558972722289,14.70974986207101,2253576.625589468,222.12326103922365,12,0.963892034462579,0.5667044135509547,153202.91960914305,6.657816431981363,True,2253.576625589468
Polk,2018,27.040528181038813,27.0405281810388,4142687.8651084537,461.3106640743644,12,0.9999999999999994,0.9999999999999994,153202.91960914305,5.861674200681347,True,4142.6878651084535
Polk,2019,20.278029343313634,20.27802934331362,3106653.299315521,435.85698085262834,12,0.9999999999999994,0.9999999999999994,153202.91960914305,4.652450283954503,True,3106.653299315521
Polk,2020,8.632823815234579,8.596259687150843,1316972.0817898877,184.17304766143954,12,0.963892034462579,0.5667044135509547,153202.91960914305,4.687343737235684,True,1316.9720817898879
Pottawattamie,2000,2.0793929283580024,1.1797870206322403,293127.9569134264,53.433220638316996,12,0.5665036103974451,0.5400496963846754,248458.36730458436,3.891573263818705,True,293.1279569134264
Pottawattamie,2001,9.367226750060302,5.369915317562904,1334200.3923655576,155.32050334846406,12,0.5694429341766417,0.5400496963846754,248458.36730458436,6.0309016183425435,True,1334.2003923655577
Pottawattamie,2002,2.974682973022113,1.7113993131993583,425211.4791636996,67.92135628722062,12,0.575321581735035,0.575321581735035,248458.36730458436,4.379598900297283,True,425.2114791636996
Pottawattamie,2003,6.378386534318621,3.6657531267953414,910787.0368252456,96.84288472694496,12,0.5723822579558383,0.5400496963846754,248458.36730458436,6.586324387488984,True,910.7870368252457
Pottawattamie,2004,14.45129779575979,8.314143505980546,2065718.5210319392,184.20737581271203,12,0.575321581735035,0.575321581735035,248458.36730458436,7.845124405036183,True,2065.7185210319394
Pottawattamie,2005,9.24272492251349,5.317539121962289,1321187.0883210031,131.91135538241136,12,0.575321581735035,0.575321581735035,248458.36730458436,7.0067697323849085,True,1321.187088321003
Pottawattamie,2006,4.522308306810168,2.601781568167514,646434.4005100616,83.88409493425974,12,0.575321581735035,0.575321581735035,248458.36730458436,5.391139178832789,True,646.4344005100617
Pottawattamie,2007,35.604775138667314,20.484195550098327,5089469.781925263,379.6969722638566,12,0.575321581735035,0.575321581735035,248458.36730458436,9.377155400102867,True,5089.469781925263
Pottawattamie,2008,27.374041760240175,13.767681547831135,3420695.678943577,347.0190502670793,11,0.4264081957948667,0.017548538170964707,248458.36730458436,7.8883397724626505,False,3420.695678943577
Pottawattamie,2009,12.95400141317893,6.525378446196738,1621284.8747865672,208.15022473893296,11,0.47390830108702225,0.017548538170964707,248458.36730458436,6.22339054854548,False,1621.2848747865671
Pottawattamie,2010,34.845707037457885,20.04748728946591,4980965.960500107,478.68900315714075,12,0.575321581735035,0.575321581735035,248458.36730458436,7.279404124104973,True,4980.965960500107
Pottawattamie,2011,16.761124593185787,9.643036712609641,2395893.1574731576,244.40131095984663,12,0.575321581735035,0.575321581735035,248458.36730458436,6.858033832698843,True,2395.8931574731578
Pottawattamie,2012,5.507870853455955,3.144135542861592,781186.7835637041,108.23308316545283,12,0.5773295039749552,0.5400496963846754,248458.36730458436,5.088897675617566,True,781.1867835637041
Pottawattamie,2013,14.346710403719943,8.253972122162638,2050768.4372500847,168.3850463466028,12,0.575321581735035,0.575321581735035,248458.36730458436,8.520180808804575,True,2050.768437250085
Pottawattamie,2014,26.653493694335864,15.33433015099009,3809942.633024458,344.53408024170824,12,0.575321581735035,0.575321581735035,248458.36730458436,7.736097884899247,True,3809.942633024458
Pottawattamie,2015,35.92682815072085,20.6694795983955,5135505.154052762,405.163677264455,12,0.575321581735035,0.575321581735035,248458.36730458436,8.867238147626693,True,5135.505154052762
Pottawattamie,2016,36.75104174155781,21.14366746516334,5253321.097225544,447.60962116111034,12,0.575321581735035,0.575321581735035,248458.36730458436,8.210512018536312,True,5253.321097225544
Pottawattamie,2017,19.99774933206258,11.50513677686298,2858547.4991953042,290.9818031382328,12,0.575321581735035,0.575321581735035,248458.36730458436,6.872508561149618,True,2858.547499195304
Pottawattamie,2018,22.295586416188485,12.82713204267172,3187008.2845225334,331.3126290336186,12,0.575321581735035,0.575321581735035,248458.36730458436,6.729470736210944,True,3187.0082845225334
Pottawattamie,2019,24.688000343071714,14.203539407251107,3528988.211071933,415.9226578231685,12,0.575321581735035,0.575321581735035,248458.36730458436,5.935719028216043,True,3528.988211071933
Pottawattamie,2020,9.599632439771769,5.522875719324447,1372204.684049484,162.9951042848109,12,0.575321581735035,0.575321581735035,248458.36730458436,5.8895219472345435,True,1372.204684049484
Poweshiek,2000,6.420985456339815,6.4209797949569465,974406.1918508171,101.41326249878384,12,0.9999991183000013,0.9999991183000014,151753.5053787458,6.331504675157075,True,974.4061918508171
Poweshiek,2001,25.3437636555481,25.343741309951728,3846001.583197301,304.68962477479823,12,0.9999991183000013,0.9999991183000014,151753.5053787458,8.317895193930593,True,3846.001583197301
Poweshiek,2002,10.275630718965415,10.275621658941825,1559361.6066901854,129.180867393234,12,0.9999991183000013,0.9999991183000014,151753.5053787458,7.9544524869041195,True,1559.3616066901855
Poweshiek,2003,11.112089958068442,11.107125753454005,1685545.2677691884,136.88539689082359,12,0.9796817352990569,0.756190522288666,151753.5053787458,8.117805266642993,True,1685.5452677691883
Poweshiek,2004,18.692819888780672,18.69280340732141,2836698.442416787,232.3961080736109,12,0.9999991183000013,0.9999991183000014,151753.5053787458,8.04351675410148,True,2836.698442416787
Poweshiek,2005,14.192428325658238,14.192415812194206,2153748.84929321,162.8247245112694,12,0.9999991183000013,0.9999991183000014,151753.5053787458,8.716384055466929,True,2153.7488492932102
Poweshiek,2006,11.097490846250853,11.073497141070728,1680442.0079590024,122.58037127632258,12,0.9796817352990569,0.756190522288666,151753.5053787458,9.053236444548464,True,1680.4420079590025
Poweshiek,2007,37.125715244830715,37.12568251108763,5633952.460635945,423.9012762096618,12,0.9999991183000013,0.9999991183000014,151753.5053787458,8.758104145567215,True,5633.9524606359455
Poweshiek,2008,42.37565294401998,40.95873963081146,6215632.314870995,654.7627625912172,12,0.8658697881809875,0.31712743559158524,151753.5053787458,6.471909425074626,True,6215.632314870994
Poweshiek,2009,30.729069102325234,26.956677387450757,4090770.286909623,538.4857707704323,12,0.8292811976228974,0.31712743559158524,151753.5053787458,5.706570307022222,True,4090.770286909623
Poweshiek,2010,36.317498255819764,36.317466234681596,5511302.807587172,611.0641465129436,12,0.9999991183000013,0.9999991183000014,151753.5053787458,5.9433201020002056,True,5511.302807587172
Poweshiek,2011,17.074538358256554,17.060580128744977,2589002.8383320253,269.2513686593296,12,0.9796817352990569,0.756190522288666,151753.5053787458,6.341486189383171,True,2589.0028383320255
Poweshiek,2012,4.250831051322507,4.217171027002121,639970.4861292572,82.39415858231288,12,0.8780948202943337,0.756190522288666,151753.5053787458,5.159141284361644,True,639.9704861292572
Poweshiek,2013,25.995839735288147,25.97623845239802,3941985.2417055666,373.9873823876942,12,0.9390469692971676,0.756190522288666,151753.5053787458,6.950993792710244,True,3941.9852417055668
Poweshiek,2014,21.721930646664113,21.5725541365372,3273710.7101922827,336.06647843533085,12,0.9796817352990569,0.756190522288666,151753.5053787458,6.463581475843047,True,3273.7107101922825
Poweshiek,2015,37.75362197028065,37.75358868291221,5729239.423259274,405.80162811877153,12,0.9999991183000013,0.9999991183000014,151753.5053787458,9.303467348147448,True,5729.239423259274
Poweshiek,2016,26.973763800409856,26.973740017642353,4093359.600852179,325.5916063244309,12,0.9999991183000013,0.9999991183000014,151753.5053787458,8.284539059502734,True,4093.359600852179
Poweshiek,2017,18.242453829389405,18.236527882649437,2767457.032129288,222.7711271576293,12,0.9796817352990569,0.756190522288666,151753.5053787458,8.188877105461398,True,2767.457032129288
Poweshiek,2018,22.670199923133854,22.670179934818613,3440279.2726756306,430.3321552912965,12,0.9999991183000013,0.9999991183000014,151753.5053787458,5.268070174256012,True,3440.2792726756306
Poweshiek,2019,26.047152398966663,26.047129433192435,3952743.196540856,490.808080388564,12,0.9999991183000013,0.9999991183000014,151753.5053787458,5.30699339308872,True,3952.743196540856
Poweshiek,2020,16.33301794722535,16.28466316784258,2471254.719632263,278.6686459226104,12,0.9796817352990569,0.756190522288666,151753.5053787458,5.861089213373946,True,2471.254719632263
Ringgold,2000,0.1852071722830847,0.013384467754077211,1866.3316920457619,7.756173324148625,5,0.07226754552258578,0.07226754552258578,139440.1126990825,2.3878678897807433,False,1.866331692045762
Ringgold,2001,4.69409139883483,0.33923046385247446,47302.33411055108,214.24491718563192,8,0.07226754552258578,0.07226754552258578,139440.1126990825,2.190993121562668,False,47.30233411055108
Ringgold,2002,0.2255768160456044,0.016301882822415674,2273.1363779648786,23.53410671980618,6,0.07226754552258578,0.07226754552258578,139440.1126990825,0.9585102112915981,False,2.2731363779648786
Ringgold,2003,0.6948473613937685,0.05021491332077279,7001.973172623216,36.78983517913131,7,0.07226754552258578,0.07226754552258578,139440.1126990825,1.8886938688649364,False,7.001973172623216
Ringgold,2004,3.2844196583788823,0.2373569471771716,33097.07946429497,152.31812982261616,9,0.07226754552258578,0.07226754552258578,139440.1126990825,2.156289380787298,False,33.09707946429497
Ringgold,2005,1.9855559185130358,0.14349125272878044,20008.436451833677,80.03875514651831,6,0.07226754552258578,0.07226754552258578,139440.1126990825,2.4807431285985055,False,20.008436451833678
Ringgold,2006,0.4946287367231878,0.035745604747922065,4984.3711545471115,21.51536984653508,4,0.07226754552258578,0.07226754552258578,139440.1126990825,2.2989553061429002,False,4.984371154547111
Ringgold,2007,7.89637531351997,0.5706516624332271,79571.73212160796,260.68628175854855,11,0.07226754552258578,0.07226754552258578,139440.1126990825,3.029072055595817,False,79.57173212160795
Ringgold,2008,6.678364332170326,0.4826289983915322,67297.84192756057,499.22843129642666,9,0.07226754552258578,0.07226754552258578,139440.1126990825,1.337737178715472,False,67.29784192756057
Ringgold,2009,4.466429816433887,0.32277792008257045,45008.18955308907,258.49073410278646,8,0.07226754552258578,0.07226754552258578,139440.1126990825,1.7278877836517934,False,45.00818955308907
Ringgold,2010,14.377453192015503,1.0390232530528267,144881.51950265345,504.89200905522034,12,0.07226754552258578,0.07226754552258578,139440.1126990825,2.847629380967888,True,144.88151950265345
Ringgold,2011,13.848010005776459,1.0007616934896737,139546.32332512477,332.79559682981164,11,0.07226754552258578,0.07226754552258578,139440.1126990825,4.161115753240628,False,139.54632332512477
Ringgold,2012,2.701376563191587,0.19522185375409434,27221.757288794717,98.2841294346059,8,0.07226754552258578,0.07226754552258578,139440.1126990825,2.748537916275657,False,27.221757288794716
Ringgold,2013,2.0788156497244348,0.15023090459952437,20948.214268242784,180.6641956874011,7,0.07226754552258578,0.07226754552258578,139440.1126990825,1.150651705953602,False,20.948214268242783
Ringgold,2014,9.679619968675777,0.6995223767276072,97541.47904642759,345.7658084185158,11,0.07226754552258578,0.07226754552258578,139440.1126990825,2.7994728608213166,False,97.54147904642758
Ringgold,2015,7.511499057037365,0.5428376000473079,75693.3361278961,417.4731521734383,12,0.07226754552258578,0.07226754552258578,139440.1126990825,1.7992771554125544,True,75.69333612789609
Ringgold,2016,3.6698098937400636,0.26520815355509575,36980.65482043813,226.88781119894497,12,0.07226754552258578,0.07226754552258578,139440.1126990825,1.6174557259588602,True,36.98065482043813
Ringgold,2017,2.658774994255772,0.19214314293169177,26792.461504751016,140.52084439270936,8,0.07226754552258578,0.07226754552258578,139440.1126990825,1.892085836621771,False,26.792461504751017
Ringgold,2018,4.3666480035919495,0.31556693338068953,44002.688754707204,236.76487843790608,9,0.07226754552258578,0.07226754552258578,139440.1126990825,1.8442971915436124,False,44.0026887547072
Ringgold,2019,4.73565288822407,0.34223401067889786,47721.14901852453,364.3186105849472,10,0.07226754552258578,0.07226754552258578,139440.1126990825,1.2998657632725767,False,47.72114901852453
Ringgold,2020,1.4102109183409437,0.10191248173765165,14210.687938941332,150.44347197429693,7,0.07226754552258578,0.07226754552258578,139440.1126990825,0.9373692988033914,False,14.210687938941332
Sac,2000,2.6202254925127635,2.6202254925127635,392455.84312613244,37.84808270623936,12,1.0,1.0,149779.41564478568,6.923007204485981,True,392.45584312613244
Sac,2001,13.96097147876046,13.96097147876046,2091066.1499222612,171.0411710651852,12,1.0,1.0,149779.41564478568,8.162345587215267,True,2091.066149922261
Sac,2002,10.39506837588371,10.39506837588371,1556967.2669274542,101.44402412821422,12,1.0,1.0,149779.41564478568,10.247097811050432,True,1556.9672669274541
Sac,2003,17.37841765573109,17.37841765573109,2602929.2413064293,158.9960250718599,12,1.0,1.0,149779.41564478568,10.930095672440073,True,2602.929241306429
Sac,2004,20.28423702471026,20.28423702471026,3038161.168361429,172.86848031858412,12,1.0,1.0,149779.41564478568,11.73391296512116,True,3038.161168361429
Sac,2005,14.02735416697732,14.02735416697732,2101008.9101723125,131.99354573137512,12,1.0,1.0,149779.41564478568,10.627303092171568,True,2101.0089101723124
Sac,2006,10.961831772012296,10.961831772012296,1641856.757208447,93.36790327438497,12,1.0,1.0,149779.41564478568,11.74047117647936,True,1641.8567572084469
Sac,2007,35.40518042905478,35.40518042905478,5302967.235462027,339.93275878668095,12,1.0,1.0,149779.41564478568,10.415348186925609,True,5302.967235462027
Sac,2008,33.10679385175028,31.54689846764297,4725076.01788895,381.38715496017204,12,0.9193064017093713,0.49192478885239665,149779.41564478568,8.68062634548025,True,4725.07601788895
Sac,2009,19.734985571901753,18.157566674641195,2719629.726058992,239.10263186132607,12,0.9320812211722433,0.49192478885239665,149779.41564478568,8.2537717875676,True,2719.629726058992
Sac,2010,39.66626709423384,39.66626709423384,5941190.306184336,498.41508959601197,12,1.0,1.0,149779.41564478568,7.958480375541027,True,5941.190306184336
Sac,2011,19.438625043197213,19.438625043197213,2911505.899908176,222.04641626233223,12,1.0,1.0,149779.41564478568,8.754307036521519,True,2911.505899908176
Sac,2012,4.386609742999984,4.386609742999984,657023.8439682609,57.0380900678505,12,1.0,1.0,149779.41564478568,7.690667302817868,True,657.023843968261
Sac,2013,31.0040605673108,31.0040605673108,4643770.074387354,151.22340030317068,12,1.0,1.0,149779.41564478568,20.502158068892953,True,4643.770074387354
Sac,2014,33.08661229900592,33.08661229900592,4955693.455810686,232.82912988799646,12,1.0,1.0,149779.41564478568,14.210684167793948,True,4955.693455810686
Sac,2015,71.29935994161043,71.29935994161043,10679176.46790165,449.4306371324924,12,1.0,1.0,149779.41564478568,15.864374622193669,True,10679.17646790165
Sac,2016,48.158239458495736,48.158239458495736,7213112.96457515,396.6799838230014,12,1.0,1.0,149779.41564478568,12.14032505355348,True,7213.11296457515
Sac,2017,26.752491297639107,26.752491297639107,4006972.513602599,260.6358896791496,12,1.0,1.0,149779.41564478568,10.264315989088152,True,4006.972513602599
Sac,2018,37.953313216358644,37.953313216358644,5684625.075329718,382.39439576379596,12,1.0,1.0,149779.41564478568,9.925175064490826,True,5684.625075329718
Sac,2019,32.446545002540674,32.446545002540674,4859824.5501727825,421.2894833791275,12,1.0,1.0,149779.41564478568,7.701722042119274,True,4859.824550172782
Sac,2020,14.351578612340942,14.351578612340942,2149571.0581366303,182.78072790745742,12,1.0,1.0,149779.41564478568,7.851800776068253,True,2149.57105813663
Scott,2000,11.477618041932493,11.150709680699379,1353041.9404119947,212.2433342690053,12,0.8641203006243311,0.5923609018729932,121341.32975894422,5.407763726226295,True,1353.0419404119948
Scott,2001,23.501303656900653,23.11318763583178,2804584.9226998165,317.63745576107095,12,0.9320601503121657,0.5923609018729932,121341.32975894422,7.398782237627068,True,2804.5849226998166
Scott,2002,10.862097395881392,10.410905250006344,1263273.0870301437,234.56533164808272,12,0.9320601503121657,0.5923609018729932,121341.32975894422,4.630734354289723,True,1263.2730870301436
Scott,2003,5.326487785170975,4.931558393149352,598401.8532086245,138.54582048313512,12,0.7856863177390849,0.05879220537704448,121341.32975894422,3.8445676431064593,True,598.4018532086245
Scott,2004,17.42965478792731,17.10665704806746,2075744.5139427218,280.2992975204312,12,0.9320601503121657,0.5923609018729932,121341.32975894422,6.218229921413503,True,2075.744513942722
Scott,2005,6.371801403239111,6.047215346757794,733777.1515142856,143.45531949700023,12,0.8980902254682485,0.5923609018729932,121341.32975894422,4.4416626902234535,True,733.7771515142856
Scott,2006,13.05134628745704,11.3713906441586,1379819.6619706221,173.62524840536457,12,0.8980902254682485,0.5923609018729932,121341.32975894422,7.516963349124163,True,1379.819661970622
Scott,2007,24.362675901499255,20.69384411658805,2511018.562931098,400.7230190129756,12,0.830150375780414,0.5923609018729932,121341.32975894422,6.079679665397605,True,2511.018562931098
Scott,2008,26.27527025856967,25.157921132207928,3052695.604152754,490.75891365600603,12,0.8389281160826583,0.40763909812700705,121341.32975894422,5.354007747475603,True,3052.6956041527537
Scott,2009,14.575620216737102,13.695540466982676,1661835.0920311098,370.886287689461,11,0.915194308453809,0.5335686964959486,121341.32975894422,3.9299431390521256,False,1661.8350920311098
Scott,2010,22.164459022052206,20.66614463341624,2507657.4708093954,442.481041419382,12,0.8980902254682485,0.5923609018729932,121341.32975894422,5.009131905618711,True,2507.6574708093954
Scott,2011,16.137279856731016,14.544746326848138,1764878.8603062723,298.57555058316206,12,0.8641203006243311,0.5923609018729932,121341.32975894422,5.4047559571480415,True,1764.8788603062724
Scott,2012,6.324755402704191,5.59637658246368,679071.7763479587,139.4887363186219,12,0.8641203006243311,0.5923609018729932,121341.32975894422,4.53424094993384,True,679.0717763479587
Scott,2013,21.011787459294386,20.879839790069905,2533587.5252807965,370.4226510356372,12,0.8980902254682485,0.5923609018729932,121341.32975894422,5.672381913079313,True,2533.5875252807964
Scott,2014,14.430249016900754,14.193231866051601,1722225.6282037226,297.2728477158394,12,0.8980902254682485,0.5923609018729932,121341.32975894422,4.854210240786776,True,1722.2256282037226
Scott,2015,19.78735045919599,15.788329998490383,1915776.9566898528,310.3247150047139,12,0.8536261674269193,0.05879220537704448,121341.32975894422,6.376337269461576,True,1915.7769566898528
Scott,2016,26.04220126391454,22.979797734012706,2788399.214636676,450.31590872008115,12,0.8980902254682485,0.5923609018729932,121341.32975894422,5.783095990975196,True,2788.399214636676
Scott,2017,20.732564321855612,19.02077083697613,2308005.62639883,339.5801333432486,12,0.8980902254682485,0.5923609018729932,121341.32975894422,6.105352547494018,True,2308.0056263988304
Scott,2018,22.471811953686256,21.36353643810109,2592279.919752845,501.8524830604753,12,0.9320601503121657,0.5923609018729932,121341.32975894422,4.477772395713804,True,2592.279919752845
Scott,2019,20.091465238087107,18.660443617023187,2264283.042381396,466.4437941580142,12,0.8980902254682485,0.5923609018729932,121341.32975894422,4.30737111088691,True,2264.283042381396
Scott,2020,16.59599525582757,14.467526131050874,1755508.8590639872,333.40586307405056,12,0.8536261674269193,0.46643130350405154,121341.32975894422,4.977715479508992,True,1755.508859063987
Shelby,2000,1.9864585402484338,1.4863023854308401,227627.77303408162,51.9989232345613,12,0.7453981462159941,0.6596526234366865,153150.37859412323,3.820191682215692,True,227.62777303408163
Shelby,2001,9.391303950545653,7.207140433583598,1103776.2859843415,156.6393779209962,12,0.7549254265248061,0.6596526234366865,153150.37859412323,5.995493646101124,True,1103.7762859843415
Shelby,2002,2.921629121807594,2.2612824701315906,346316.2664089072,67.13769124078796,12,0.7739799871424301,0.77397998714243,153150.37859412323,4.351697336938845,True,346.3162664089072
Shelby,2003,6.473321173224432,4.997335990873353,765343.898964292,97.84596265086896,12,0.7644527068336181,0.6596526234366865,153150.37859412323,6.615828592051717,True,765.3438989642921
Shelby,2004,14.524668398391167,11.241802660234853,1721686.3334953894,183.4788804030715,12,0.7739799871424301,0.77397998714243,153150.37859412323,7.91626173349378,True,1721.6863334953894
Shelby,2005,9.216468755518033,7.133362368894454,1092477.147445257,131.94347162337706,12,0.7739799871424301,0.77397998714243,153150.37859412323,6.985164663414166,True,1092.477147445257
Shelby,2006,4.551213342178171,3.522548044061516,539479.5665640095,85.1295547302839,12,0.7739799871424301,0.77397998714243,153150.37859412323,5.3462200719806265,True,539.4795665640095
Shelby,2007,35.43006247128697,27.42215929598218,4199714.078048027,386.53329004582633,12,0.7739799871424301,0.77397998714243,153150.37859412323,9.166108944222238,True,4199.714078048027
Shelby,2008,26.873013940568654,18.288809138475674,2800938.0435932106,353.2519476734619,11,0.5890458569610361,0.057779055242070845,153150.37859412323,7.607322229234941,False,2800.9380435932108
Shelby,2009,13.092240188765768,8.9423959022163,1369531.3179629624,214.11474640646446,11,0.6437616358878192,0.057779055242070845,153150.37859412323,6.114590614843562,False,1369.5313179629625
Shelby,2010,34.085467162620624,26.381469436268834,4040332.0320338616,483.5398056236078,12,0.7739799871424301,0.77397998714243,153150.37859412323,7.049154333563408,True,4040.3320320338617
Shelby,2011,16.23508852495682,12.565633607802294,1924431.54430996,241.49174910614812,12,0.7739799871424301,0.77397998714243,153150.37859412323,6.722833630982836,True,1924.43154430996
Shelby,2012,5.389606321502353,4.07336450636547,623837.3163017358,107.25325460410967,12,0.7604287445435091,0.6596526234366865,153150.37859412323,5.025121467312412,True,623.8373163017358
Shelby,2013,14.75179076884931,11.417590829601803,1748608.358186306,167.93201365592316,12,0.7739799871424301,0.77397998714243,153150.37859412323,8.784382708037038,True,1748.608358186306
Shelby,2014,25.800848668926537,19.969340521039545,3058312.061072172,338.87884384865185,12,0.7739799871424301,0.77397998714243,153150.37859412323,7.613590856220451,True,3058.312061072172
Shelby,2015,36.06634552654842,27.91462964691238,4275136.098739368,412.861560111904,12,0.7739799871424301,0.77397998714243,153150.37859412323,8.735699568827096,True,4275.136098739368
Shelby,2016,36.32267134856492,28.113020703340986,4305519.764141097,446.17939358107867,12,0.7739799871424301,0.77397998714243,153150.37859412323,8.140822250224437,True,4305.519764141097
Shelby,2017,19.683102574969134,15.23432747789774,2333143.0208668937,290.81566319268023,12,0.7739799871424301,0.77397998714243,153150.37859412323,6.768240183104606,True,2333.1430208668935
Shelby,2018,22.36670536991939,17.311382334628732,2651244.758536007,335.74200658736333,12,0.7739799871424301,0.77397998714243,153150.37859412323,6.66187278656755,True,2651.244758536007
Shelby,2019,24.016938835796505,18.58863001133031,2846855.7237813184,412.5695842914521,12,0.7739799871424301,0.77397998714243,153150.37859412323,5.821306211179684,True,2846.8557237813184
Shelby,2020,9.347105434646583,7.234472544126696,1107962.209061793,161.5280972899129,12,0.7739799871424301,0.77397998714243,153150.37859412323,5.7866746352309635,True,1107.9622090617931
Sioux,2000,1.3838949290487206,0.9715050595148684,193625.21434721348,25.774498080085692,12,0.7117345305495694,0.6855285787813484,199304.38081702043,5.369241041081486,True,193.62521434721347
Sioux,2001,18.566305879312274,12.727733282664738,2536693.0011056783,183.8533636084578,12,0.6855285787813484,0.6855285787813484,199304.38081702043,10.098431442816512,True,2536.6930011056784
Sioux,2002,4.728389865854256,4.412098847185733,879350.6288418423,51.42089654770161,12,0.9213821446953364,0.6855285787813484,199304.38081702043,9.195463679766593,True,879.3506288418423
Sioux,2003,4.641727298664095,4.559904580755713,908808.9590522127,53.99442309332967,12,0.9475880964635574,0.6855285787813484,199304.38081702043,8.59667912488081,True,908.8089590522127
Sioux,2004,11.930787725138739,11.863272840291877,2364402.247897748,119.18575859147674,12,0.9475880964635574,0.6855285787813484,199304.38081702043,10.010246078168553,True,2364.402247897748
Sioux,2005,11.490623034309074,11.490623034309062,2290131.509054761,113.02409368163943,12,0.9999999999999991,0.9999999999999991,199304.38081702043,10.16652526024697,True,2290.131509054761
Sioux,2006,14.495669083340847,14.495669083340834,2889050.3511836715,130.17954533688612,12,0.9999999999999991,0.9999999999999991,199304.38081702043,11.135135743352091,True,2889.0503511836714
Sioux,2007,15.56442976140539,15.564429761405377,3102059.036366904,167.91407781833914,12,0.9999999999999991,0.9999999999999991,199304.38081702043,9.269282220782017,True,3102.0590363669044
Sioux,2008,14.33629082226986,13.74796719246796,2740030.088787538,137.00161867465818,11,0.7844493493124812,0.31447142121865074,199304.38081702043,10.464322218202893,False,2740.030088787538
Sioux,2009,6.785143221359004,6.0572990166902425,1207246.2299449954,79.1665635017707,11,0.8181818181818176,0.31447142121865074,199304.38081702043,8.570718395787436,False,1207.2462299449953
Sioux,2010,40.67485629515599,37.88094491713307,7549838.271472864,358.1855380894736,12,0.9475880964635574,0.6855285787813484,199304.38081702043,11.3558064103067,True,7549.838271472864
Sioux,2011,24.86683965351647,24.86683965351645,4956070.0800202275,242.3974964564207,12,0.9999999999999991,0.9999999999999991,199304.38081702043,10.258703170223189,True,4956.070080020228
Sioux,2012,4.574651664005773,4.546378766248156,906113.204966738,71.80106958510575,12,0.9213821446953364,0.6855285787813484,199304.38081702043,6.371286236319143,True,906.113204966738
Sioux,2013,9.30608140603708,6.691752221193553,1333695.533025902,107.58534730037411,12,0.790352385854232,0.6855285787813484,199304.38081702043,8.649952469879437,True,1333.695533025902
Sioux,2014,8.43745323979937,5.784115328013744,1152799.5240240162,128.70648783678442,12,0.6855285787813484,0.6855285787813484,199304.38081702043,6.5555772530279075,True,1152.7995240240161
Sioux,2015,11.824245610518227,8.105858288540158,1615533.0671880092,108.14979607807246,12,0.6855285787813484,0.6855285787813484,199304.38081702043,10.933211193465775,True,1615.5330671880092
Sioux,2016,50.07185834610639,34.32568988894731,6841260.369433704,305.49888702289144,12,0.6855285787813484,0.6855285787813484,199304.38081702043,16.390193376499745,True,6841.260369433704
Sioux,2017,27.43909383384682,18.81028299896507,3748971.80610166,205.49722258806958,12,0.6855285787813484,0.6855285787813484,199304.38081702043,13.352537561468646,True,3748.9718061016597
Sioux,2018,62.316424784515036,41.439334704222894,8259040.944694411,483.0455988436886,12,0.668339669640505,0.4792616690912264,199304.38081702043,12.90073337458983,True,8259.04094469441
Sioux,2019,54.292936679118476,37.219359719501824,7417981.443301263,478.0935156195663,12,0.6855285787813484,0.6855285787813484,199304.38081702043,11.356133247019613,True,7417.981443301263
Sioux,2020,20.2103648579213,13.854782697703293,2761318.8869201234,181.15525065138854,12,0.6855285787813484,0.6855285787813484,199304.38081702043,11.156378181283694,True,2761.3188869201235
Story,2000,3.440198847734456,3.440198847734457,510756.8161990009,54.192389579856716,12,1.0000000000000002,1.0000000000000002,148467.23657714145,6.348121709350083,True,510.7568161990009
Story,2001,24.320714964945026,24.320714964945033,3610829.342425718,210.1336027389788,12,1.0000000000000002,1.0000000000000002,148467.23657714145,11.573929465795834,True,3610.829342425718
Story,2002,15.45376346035326,15.453763460353263,2294377.5556754516,118.17254440544876,12,1.0000000000000002,1.0000000000000002,148467.23657714145,13.07728756971802,True,2294.3775556754517
Story,2003,20.052819989192958,20.0527253123986,2977172.7129723155,155.76136130297968,12,0.9997467226323343,0.9969606715880092,148467.23657714145,12.874065699892771,True,2977.1727129723154
Story,2004,31.39465267926624,31.394652679266247,4661077.326589809,248.2261571486287,12,1.0000000000000002,1.0000000000000002,148467.23657714145,12.64760049460391,True,4661.077326589809
Story,2005,21.3093399212853,21.309339921285304,3163738.8113961895,177.7057386259594,12,1.0000000000000002,1.0000000000000002,148467.23657714145,11.991362848522222,True,3163.7388113961897
Story,2006,24.214432394099354,24.214181092674195,3595012.552807805,195.22535517558865,12,0.9997467226323343,0.9969606715880092,148467.23657714145,12.40332351928392,True,3595.012552807805
Story,2007,48.15301959812655,48.153019598126555,7149145.752578782,445.927975521146,12,1.0000000000000002,1.0000000000000002,148467.23657714145,10.79838499521166,True,7149.145752578782
Story,2008,37.31087467992305,37.198586827961954,5522771.390922366,531.3904763668119,12,0.9942245174372579,0.9742847855592776,148467.23657714145,7.021366836497056,True,5522.771390922366
Story,2009,31.07759836965598,30.90322475077635,4588116.380070085,403.33792806344525,12,0.9935711963898196,0.9742847855592776,148467.23657714145,7.70510190273191,True,4588.116380070085
Story,2010,32.5218423378468,32.521842337846806,4828428.060297596,680.6222333847674,12,1.0000000000000002,1.0000000000000002,148467.23657714145,4.778251538465633,True,4828.428060297596
Story,2011,15.597304713104359,15.59726290475236,2315682.521635741,213.40530827111942,12,0.9997467226323343,0.9969606715880092,148467.23657714145,7.308770732773367,True,2315.682521635741
Story,2012,3.553145342312423,3.491449746479676,518365.8955077987,49.41737523756382,12,0.9904150982285215,0.9032171492142028,148467.23657714145,7.190072975813489,True,518.3658955077987
Story,2013,32.95155496430166,32.951312242496726,4892190.2702340195,242.8395221428818,12,0.9992401678970024,0.9969606715880092,148467.23657714145,13.569271868733804,True,4892.190270234019
Story,2014,32.18136212281784,32.18034357829226,4777726.683172011,305.78161231604105,12,0.9997467226323343,0.9969606715880092,148467.23657714145,10.524296042221382,True,4777.726683172011
Story,2015,45.16448247757871,45.16448247757872,6705445.904882839,461.9088260608041,12,1.0000000000000002,1.0000000000000002,148467.23657714145,9.777791618043993,True,6705.445904882839
Story,2016,29.33068524287544,29.33068524287545,4354645.7849236615,342.3048007861739,12,1.0000000000000002,1.0000000000000002,148467.23657714145,8.568587170121903,True,4354.645784923661
Story,2017,20.455565842604468,20.45516617019106,3036921.9950144975,237.98033635601854,12,0.9985498250132614,0.9825979001591338,148467.23657714145,8.595485726183252,True,3036.9219950144975
Story,2018,34.90585189689345,34.90585189689346,5182375.371502742,540.68941172712,12,1.0000000000000002,1.0000000000000002,148467.23657714145,6.455804596837574,True,5182.375371502742
Story,2019,23.72488154469829,23.7248815446983,3522367.601061379,432.0789776229709,12,1.0000000000000002,1.0000000000000002,148467.23657714145,5.490866895496234,True,3522.367601061379
Story,2020,13.259289165743393,13.258320964448039,1968426.2752443815,204.40453772948285,12,0.9985498250132614,0.9856372285711249,148467.23657714145,6.486788068908366,True,1968.4262752443815
Tama,2000,9.44045040168395,9.440450401683952,1763874.3048117023,120.59622795167509,12,1.0000000000000002,1.0000000000000002,186842.1769894654,7.828147332656951,True,1763.8743048117024
Tama,2001,30.636669030474334,30.63666903047434,5724221.93735956,298.67144504810034,12,1.0000000000000002,1.0000000000000002,186842.1769894654,10.25764917886287,True,5724.22193735956
Tama,2002,11.917798781780657,11.91779878178066,2226747.469310297,120.64259747688378,12,1.0000000000000002,1.0000000000000002,186842.1769894654,9.878599293308664,True,2226.747469310297
Tama,2003,15.867559507569656,15.867559507569656,2964729.361904204,162.21986244805342,12,1.0000000000000002,1.0000000000000002,186842.1769894654,9.78151458650806,True,2964.729361904204
Tama,2004,22.348897404137524,22.348897404137528,4175716.644303267,255.83605725360036,12,1.0000000000000002,1.0000000000000002,186842.1769894654,8.73563235927449,True,4175.716644303267
Tama,2005,18.227448314216858,18.22744831421686,3405656.1239912394,191.0897959169076,12,1.0000000000000002,1.0000000000000002,186842.1769894654,9.538682181722972,True,3405.6561239912394
Tama,2006,15.937862283992114,15.93786228399212,2977864.8856993816,157.72258876214053,12,1.0000000000000002,1.0000000000000002,186842.1769894654,10.10499663306174,True,2977.8648856993814
Tama,2007,43.59954918314284,43.59954918314284,8146234.685137677,450.2101380792158,12,1.0000000000000002,1.0000000000000002,186842.1769894654,9.684266411493242,True,8146.234685137677
Tama,2008,53.05021019950456,52.02076586091006,9719673.142111696,638.4567709927769,12,0.8851829113700806,0.31109746822048306,186842.1769894654,8.309131112669293,True,9719.673142111697
Tama,2009,31.710296952633527,28.284717914644617,5284778.270705134,455.6219096176795,12,0.8277743670551209,0.31109746822048306,186842.1769894654,6.959783163027038,True,5284.778270705134
Tama,2010,40.43592239331487,40.43592239331487,7555135.768544024,535.6105062653601,12,1.0000000000000002,1.0000000000000002,186842.1769894654,7.549501348519386,True,7555.135768544023
Tama,2011,18.22158683134095,18.221586831340954,3404560.9517703187,253.1563735403411,12,1.0000000000000002,1.0000000000000002,186842.1769894654,7.197759462468085,True,3404.5609517703188
Tama,2012,4.492544256644412,4.492544256644412,839396.7491329616,73.27132077620281,12,1.0000000000000002,1.0000000000000002,186842.1769894654,6.131381567921058,True,839.3967491329616
Tama,2013,33.41249477806664,33.41249477806664,6242863.262983115,382.1422768882652,12,1.0000000000000002,1.0000000000000002,186842.1769894654,8.743469853725747,True,6242.863262983115
Tama,2014,27.189333191234983,27.189333191234983,5080114.204342273,319.7202883849643,12,1.0000000000000002,1.0000000000000002,186842.1769894654,8.50410004588049,True,5080.114204342273
Tama,2015,43.22139516862804,43.22139516862805,8075579.565828428,389.53866781721456,12,1.0000000000000002,1.0000000000000002,186842.1769894654,11.095533958366634,True,8075.579565828428
Tama,2016,39.441529654544766,39.441529654544766,7369341.264449701,398.50277493319254,12,1.0000000000000002,1.0000000000000002,186842.1769894654,9.897429111041193,True,7369.341264449701
Tama,2017,24.868018630727608,24.868018630727615,4646394.738379734,269.1933359202677,12,1.0000000000000002,1.0000000000000002,186842.1769894654,9.2379770642217,True,4646.394738379734
Tama,2018,32.7584302089605,32.7584302089605,6120656.414999648,494.01428165728925,12,1.0000000000000002,1.0000000000000002,186842.1769894654,6.631069470110155,True,6120.656414999648
Tama,2019,29.44452795258012,29.444527952580128,5501479.703087237,477.87958041133345,12,1.0000000000000002,1.0000000000000002,186842.1769894654,6.161495313785081,True,5501.479703087237
Tama,2020,21.891780216081933,21.891780216081933,4090307.8737476575,310.0283617149539,12,1.0000000000000002,1.0000000000000002,186842.1769894654,7.061218559161907,True,4090.3078737476576
Union,2000,0.7463100821751482,0.12030220788574143,13264.22274277931,42.26975907996851,12,0.24011004796611765,0.015419695209187468,110257.51709708582,1.7655886818830295,True,13.26422274277931
Union,2001,5.339817289256921,2.728563002849853,300844.58193719346,224.85192865572307,12,0.37492425962027576,0.015419695209187468,110257.51709708582,2.374814982100003,True,300.8445819371935
Union,2002,1.9563627828187373,0.16773237148845194,18493.754817122743,67.54425264071406,12,0.2850481185175037,0.015419695209187468,110257.51709708582,2.896416358657714,True,18.493754817122742
Union,2003,1.3413161386309012,0.5016931022857061,55315.43580275627,52.26606400146248,12,0.32998618906888977,0.015419695209187468,110257.51709708582,2.5663232237908122,True,55.31543580275627
Union,2004,3.6962635259338943,1.9258154845192734,212335.6337102164,171.09534842191968,12,0.4198623301716618,0.015419695209187468,110257.51709708582,2.1603530195449494,True,212.3356337102164
Union,2005,3.5739809304218504,1.2002530700340421,132336.92339010813,132.51313222632507,12,0.2850481185175037,0.015419695209187468,110257.51709708582,2.697076788070853,True,132.33692339010813
Union,2006,1.8013637583300321,0.3247998699527086,35811.62721444203,65.93499034279934,12,0.1951719774147316,0.015419695209187468,110257.51709708582,2.7320300631950523,True,35.81162721444203
Union,2007,8.55663887471229,4.521895536371387,498572.9744127044,295.459878894751,12,0.5097384712744338,0.015419695209187468,110257.51709708582,2.8960408792966246,True,498.5729744127044
Union,2008,6.930886688925181,3.8444002603996257,423874.02743905294,499.9649027318214,9,0.5546765418258199,0.5546765418258199,110257.51709708582,1.3862746466911244,False,423.87402743905295
Union,2009,4.836897640344084,2.5523285548605723,281413.40927491983,287.769079880448,9,0.4947591144239719,0.015419695209187468,110257.51709708582,1.6808260436991862,False,281.41340927491984
Union,2010,14.548558021697229,8.069743852027313,889749.9207340046,509.3404060923384,12,0.5546765418258199,0.5546765418258199,110257.51709708582,2.8563526175576412,True,889.7499207340046
Union,2011,13.765928575179553,7.623972719500078,840600.3024679957,335.10561807196564,12,0.5097384712744338,0.015419695209187468,110257.51709708582,4.10793726896672,True,840.6003024679957
Union,2012,2.776151733684659,1.489209072239667,164196.4947436004,102.11350738635606,12,0.37492425962027576,0.015419695209187468,110257.51709708582,2.7186919779190695,True,164.1964947436004
Union,2013,2.43746417634165,1.2930012319075948,142563.10543360465,187.76249848496454,12,0.3299861890688897,0.015419695209187468,110257.51709708582,1.298163475672345,True,142.56310543360465
Union,2014,9.792762826908415,5.34332495914526,589141.7430382437,361.32671746751396,12,0.5097384712744338,0.015419695209187468,110257.51709708582,2.7102238371810574,True,589.1417430382437
Union,2015,7.588866539201134,4.209366248341763,464114.27109443804,417.426289243919,12,0.5546765418258199,0.5546765418258199,110257.51709708582,1.818013559459034,True,464.11427109443804
Union,2016,3.734650546728362,2.071523050187196,228400.9881230221,227.98244406660612,12,0.5546765418258199,0.5546765418258199,110257.51709708582,1.6381307613481266,True,228.4009881230221
Union,2017,2.8601032304077703,1.5192681468784341,167510.73367950684,157.3831849934109,11,0.4076064927485565,0.015419695209187468,110257.51709708582,1.8172864086639962,False,167.51073367950684
Union,2018,5.110312926388458,2.4918695501808754,274747.3495327754,288.4663666505383,12,0.4198623301716618,0.015419695209187468,110257.51709708582,1.7715454961788772,True,274.7473495327754
Union,2019,5.029473876629834,2.668464058821393,294218.2215884587,385.301697000719,12,0.4648004007230479,0.015419695209187468,110257.51709708582,1.3053339540885667,True,294.2182215884587
Union,2020,1.5180919005575546,0.7936487415123687,87505.73968638066,166.58241361849855,11,0.3585831430561354,0.015419695209187468,110257.51709708582,0.9113158271522214,False,87.50573968638066
Van Buren,2000,2.2460125131930195,1.9003824741818918,241460.85277736335,73.92524483141801,11,0.8277816508165489,0.7280217493848108,127059.08208362713,3.0382212711164005,False,241.46085277736336
Van Buren,2001,14.368281720277253,12.186568447290997,1548414.2006620867,275.2540844507947,12,0.8296290563986181,0.7280217493848108,127059.08208362713,5.220006725402751,True,1548.4142006620866
Van Buren,2002,5.182759637552017,4.4251332803986925,562253.3727051675,117.8416460153426,12,0.8444765727303403,0.7280217493848108,127059.08208362713,4.398071320963421,True,562.2533727051675
Van Buren,2003,6.673488018776275,5.292856011343463,672505.4264021083,117.86908321691267,12,0.7991468642944759,0.7280217493848108,127059.08208362713,5.661779863422843,True,672.5054264021082
Van Buren,2004,10.289366446792034,8.74545233929903,1111189.1466374442,193.05415349743512,12,0.8499505178013796,0.8499505178013795,127059.08208362713,5.329782478328672,True,1111.189146637444
Van Buren,2005,8.027963929866244,6.9216342933255905,879456.4998285047,139.40321706803346,12,0.8522939106165502,0.7280217493848108,127059.08208362713,5.758808224596659,True,879.4564998285048
Van Buren,2006,5.359029642817287,4.585714199871461,582656.6369335226,89.6617435827093,12,0.8421331799151696,0.7280217493848108,127059.08208362713,5.976941144216988,True,582.6566369335227
Van Buren,2007,20.445920287915015,17.378020535639102,2208035.337688726,362.79269181292915,12,0.8499505178013796,0.8499505178013795,127059.08208362713,5.635703460768105,True,2208.035337688726
Van Buren,2008,20.316016569690706,17.267608803070022,2194006.5242972365,496.74126572697884,11,0.8499505178013795,0.8499505178013795,127059.08208362713,4.0898588402874685,False,2194.0065242972364
Van Buren,2009,10.846996512573698,10.779015423529168,1369571.8054788755,376.61210040095114,11,0.9863591379819412,0.8499505178013795,127059.08208362713,2.880150823891665,False,1369.5718054788756
Van Buren,2010,22.604056379374406,19.21232942406085,2441100.9413094325,685.6602967132485,12,0.8499505178013796,0.8499505178013795,127059.08208362713,3.2966844496798533,True,2441.1009413094325
Van Buren,2011,18.27685984568986,15.529626414832379,1973180.0773702508,298.14914660511425,12,0.8397897870999987,0.7280217493848108,127059.08208362713,6.130106375886018,True,1973.1800773702507
Van Buren,2012,1.8787258320543243,1.5931406686540397,202422.99098927827,67.0001804869339,12,0.8296290563986181,0.7280217493848108,127059.08208362713,2.8040608523744286,True,202.42299098927828
Van Buren,2013,11.619292735595916,10.177902834521023,1293194.991690588,226.83195278341415,12,0.8421331799151696,0.7280217493848108,127059.08208362713,5.122423271068146,True,1293.194991690588
Van Buren,2014,9.417034932620897,8.00401371713481,1016982.6358839095,263.7897205439721,12,0.8499505178013796,0.8499505178013795,127059.08208362713,3.5699021604032275,True,1016.9826358839096
Van Buren,2015,23.845853665540638,20.26779567044219,2575207.513744897,392.21940570891246,12,0.8499505178013796,0.8499505178013795,127059.08208362713,6.079723062769096,True,2575.2075137448974
Van Buren,2016,16.86895988346616,14.337781187722763,1821745.3168279515,282.29940150720245,12,0.8499505178013796,0.8499505178013795,127059.08208362713,5.975556375040978,True,1821.7453168279515
Van Buren,2017,10.39985162130617,8.797272602212898,1117773.381676613,193.82937743002176,12,0.8093075949958566,0.7280217493848108,127059.08208362713,5.365467174892428,True,1117.7733816766129
Van Buren,2018,14.632492968424996,12.261998088529102,1557998.221639698,367.7219062817951,12,0.8397897870999987,0.7280217493848108,127059.08208362713,3.9792279759399833,True,1557.998221639698
Van Buren,2019,14.337067395195902,12.357501860040824,1570132.8431835016,454.160492084438,12,0.8624546413179309,0.8499505178013795,127059.08208362713,3.1568283998887203,True,1570.1328431835016
Van Buren,2020,7.486471230508084,6.363130098875477,808493.4695418176,194.77337969096595,12,0.8499505178013796,0.8499505178013795,127059.08208362713,3.8436829726867052,True,808.4934695418176
Wapello,2000,3.7952591462705816,3.770518697755925,425406.73888443643,83.07150658016579,11,0.9363506835849872,0.6499287597174312,112824.4607665314,4.56866536133912,False,425.40673888443644
Wapello,2001,16.311625760926752,16.237665779694616,1832005.8857012042,293.80747705056643,12,0.9416547932862382,0.6499287597174312,112824.4607665314,5.551807572997674,True,1832.005885701204
Wapello,2002,6.523993352974859,6.329090134422069,714076.1815589434,134.2062819605382,12,0.9124821899293575,0.6499287597174312,112824.4607665314,4.861168387701228,True,714.0761815589434
Wapello,2003,6.131413241059713,5.042461661766662,568913.0179247316,113.46777035906146,12,0.8541369832155962,0.6499287597174312,112824.4607665314,5.403660635665308,True,568.9130179247315
Wapello,2004,10.829515137433301,10.829515137433297,1221834.2057439007,195.1686627984598,12,0.9999999999999997,0.9999999999999997,112824.4607665314,5.548798143181602,True,1221.8342057439008
Wapello,2005,7.8285194626568115,7.790698525677346,878981.3601541577,137.51702542630528,12,0.970827396643119,0.6499287597174312,112824.4607665314,5.692763814799119,True,878.9813601541578
Wapello,2006,5.588999515164973,5.512723706105514,621970.0794962292,90.33431375020358,12,0.9416547932862382,0.6499287597174312,112824.4607665314,6.187017184433284,True,621.9700794962292
Wapello,2007,21.388452124908596,21.38845212490859,2413140.5776235843,361.1492586293419,12,0.9999999999999997,0.9999999999999997,112824.4607665314,5.922330342330896,True,2413.1405776235842
Wapello,2008,20.971131113643292,20.97113111364329,2366056.5595610323,511.4802820239064,11,0.9999999999999997,0.9999999999999997,112824.4607665314,4.1000859369712925,False,2366.0565595610324
Wapello,2009,14.946830173982507,14.946830173982502,1686368.0545484964,396.93321207354336,11,0.9999999999999997,0.9999999999999997,112824.4607665314,3.7655781172609903,False,1686.3680545484963
Wapello,2010,24.312605930279908,24.312605930279897,2743056.653913003,713.5545425517341,12,0.9999999999999997,0.9999999999999997,112824.4607665314,3.407252631780029,True,2743.0566539130027
Wapello,2011,18.580269324727773,18.566487768834573,2094753.970847161,306.4261131840571,12,0.970827396643119,0.6499287597174312,112824.4607665314,6.06353979811355,True,2094.753970847161
Wapello,2012,2.0977169508663858,2.087141709227822,235480.63788696576,66.05871373748732,12,0.9416547932862382,0.6499287597174312,112824.4607665314,3.1755340547540256,True,235.48063788696575
Wapello,2013,13.735271497980268,13.72412865720137,1548417.4152392452,252.68243349835885,12,0.9416547932862382,0.6499287597174312,112824.4607665314,5.435784081947065,True,1548.4174152392452
Wapello,2014,9.912705966701534,9.912705966701528,1118395.7054302783,266.19839519493024,12,0.9999999999999997,0.9999999999999997,112824.4607665314,3.7238038040923254,True,1118.3957054302782
Wapello,2015,24.138435608361718,24.138435608361707,2723405.98126105,388.37492101999175,12,0.9999999999999997,0.9999999999999997,112824.4607665314,6.215240558006881,True,2723.40598126105
Wapello,2016,15.36091457374648,15.360914573746474,1733086.9036636995,265.6958629136509,12,0.9999999999999997,0.9999999999999997,112824.4607665314,5.78139019753524,True,1733.0869036636996
Wapello,2017,11.046914435084632,10.926078865363793,1232728.9562772654,187.0199665999675,12,0.8833095865724768,0.6499287597174312,112824.4607665314,5.90681018498618,True,1232.7289562772655
Wapello,2018,14.06220002392201,13.560051344436294,1529905.4809025044,351.35118680218955,12,0.970827396643119,0.6499287597174312,112824.4607665314,4.002320342762644,True,1529.9054809025045
Wapello,2019,16.008595457513554,16.008595457513547,1806161.1501235098,461.0777872729198,12,0.9999999999999997,0.9999999999999997,112824.4607665314,3.471994509255722,True,1806.1611501235097
Wapello,2020,8.365624561976547,8.365624561976544,943847.0801802541,199.8793766759534,12,0.9999999999999997,0.9999999999999997,112824.4607665314,4.185336527008981,True,943.847080180254
Warren,2000,1.3317783176760687,1.3317783176760691,197459.39369637065,67.89655536367653,12,1.0000000000000004,1.0000000000000004,148267.46394319888,1.96148141911268,True,197.45939369637065
Warren,2001,12.813085020904811,12.813085020904815,1899763.6213381467,217.9925707054578,12,1.0000000000000004,1.0000000000000004,148267.46394319888,5.877762246410361,True,1899.7636213381468
Warren,2002,3.0301077412975896,3.0301077412975905,449266.3902768482,79.72187616233433,12,1.0000000000000004,1.0000000000000004,148267.46394319888,3.8008485087926274,True,449.2663902768482
Warren,2003,8.286232283416677,8.28623228341668,1228578.646306453,135.1217720250137,12,1.0000000000000004,1.0000000000000004,148267.46394319888,6.1324183062687565,True,1228.578646306453
Warren,2004,10.090256926442654,10.090256926442658,1496056.8050189498,235.47707734759155,12,1.0000000000000004,1.0000000000000004,148267.46394319888,4.285027247704566,True,1496.0568050189497
Warren,2005,8.438036281595041,8.438036281595043,1251086.240132797,183.00618698488174,12,1.0000000000000004,1.0000000000000004,148267.46394319888,4.610792903024701,True,1251.086240132797
Warren,2006,3.809243079091771,3.809243079091772,564786.8108801192,96.98193764434926,12,1.0000000000000004,1.0000000000000004,148267.46394319888,3.927786113184262,True,564.7868108801192
Warren,2007,17.188611329277,17.188611329277006,2548511.8104972374,386.2529073292723,12,1.0000000000000004,1.0000000000000004,148267.46394319888,4.450092414352774,True,2548.5118104972375
Warren,2008,20.534891693877466,15.847063152597721,2349603.864583378,570.5544991634379,12,0.7508629211279086,0.0034516845116332965,148267.46394319888,3.5991113423846923,True,2349.6038645833783
Warren,2009,14.735991990039315,9.375485801982764,1390079.5030954527,325.4517254409085,12,0.7508629211279086,0.0034516845116332965,148267.46394319888,4.527858001083142,True,1390.0795030954528
Warren,2010,20.629175736152906,20.629175736152916,3058635.5696379654,664.6623383989063,12,1.0000000000000004,1.0000000000000004,148267.46394319888,3.1037076338409926,True,3058.6355696379655
Warren,2011,10.177251074985126,10.177251074985133,1508955.2068012403,302.13931827185667,12,1.0000000000000004,1.0000000000000004,148267.46394319888,3.368396782383653,True,1508.9552068012404
Warren,2012,2.117276731869534,2.1172767318695347,313923.25150024024,86.3503165989485,12,1.0000000000000004,1.0000000000000004,148267.46394319888,2.4519617475210467,True,313.9232515002402
Warren,2013,11.289299733191841,11.289299733191848,1673835.8411349866,203.02443917351667,12,1.0000000000000004,1.0000000000000004,148267.46394319888,5.560561959510372,True,1673.8358411349866
Warren,2014,8.140388752893829,8.140388752893832,1206954.795903308,329.41822405314457,12,1.0000000000000004,1.0000000000000004,148267.46394319888,2.4711409868995444,True,1206.9547959033082
Warren,2015,10.594118413299563,10.594118413299567,1570763.0698538728,415.9453197784559,12,1.0000000000000004,1.0000000000000004,148267.46394319888,2.546997864753542,True,1570.7630698538728
Warren,2016,6.164153979528205,6.164153979528207,913943.4779000244,266.62441291721154,12,1.0000000000000004,1.0000000000000004,148267.46394319888,2.3119240702996735,True,913.9434779000244
Warren,2017,5.9409621482758,5.629225070863947,834630.9252224715,200.29353442478643,12,0.9169543070426366,0.0034516845116332965,148267.46394319888,2.966127771092247,True,834.6309252224714
Warren,2018,9.032431420420867,9.03243142042087,1339215.6999466678,381.0791399852865,12,1.0000000000000004,1.0000000000000004,148267.46394319888,2.3702245735018743,True,1339.2156999466677
Warren,2019,7.539570648318113,7.539570648318116,1117873.0192467072,417.60402154791586,12,1.0000000000000004,1.0000000000000004,148267.46394319888,1.8054353548539817,True,1117.8730192467071
Warren,2020,2.3936331895687233,2.1947839099961897,325415.04423847306,169.73171958295185,12,0.9169543070426366,0.0034516845116332965,148267.46394319888,1.4102450593502052,True,325.41504423847306
Washington,2000,8.420172987839777,8.19830126434582,1210993.1594464167,127.08530277809331,12,0.8775885880535291,0.5103543522141178,147712.69320304092,6.62560721324514,True,1210.9931594464167
Washington,2001,21.670833491764277,21.61679341400319,3193074.7735961694,327.61378747608615,12,0.9183923920356859,0.5103543522141178,147712.69320304092,6.614750147945505,True,3193.0747735961695
Washington,2002,9.648984861136611,9.281000593106103,1370921.5932267227,174.45924194458863,12,0.8775885880535291,0.5103543522141178,147712.69320304092,5.530796049315233,True,1370.9215932267227
Washington,2003,4.588035918958001,3.981966464048227,588186.9906487535,97.78598423765588,12,0.7959809800892154,0.5103543522141178,147712.69320304092,4.691915671480472,True,588.1869906487535
Washington,2004,14.198082639050568,14.198082639050563,2097237.024933497,218.68625204683042,12,0.9999999999999994,0.9999999999999994,147712.69320304092,6.492444086521785,True,2097.2370249334967
Washington,2005,8.405489781820608,8.37208729072979,1236663.561444648,133.70075901819297,12,0.9591961960178427,0.5103543522141178,147712.69320304092,6.286792867553469,True,1236.6635614446482
Washington,2006,7.456243992209647,7.264934403556826,1073123.0266928067,103.76444999237168,12,0.9183923920356859,0.5103543522141178,147712.69320304092,7.185740388695548,True,1073.1230266928067
Washington,2007,28.970096282582194,28.97009628258218,4279250.944251618,390.0241113470024,12,0.9999999999999994,0.9999999999999994,147712.69320304092,7.427770601804577,True,4279.250944251618
Washington,2008,29.796221238858333,29.644660357662232,4378892.620519711,633.7215469464268,12,0.9591961960178427,0.5103543522141178,147712.69320304092,4.7017844639228015,True,4378.89262051971
Washington,2009,26.54255062066938,25.607935516216163,3782617.1224700934,583.3738417902744,12,0.9591961960178427,0.5103543522141178,147712.69320304092,4.549835580425554,True,3782.6171224700934
Washington,2010,28.740480601817094,28.740480601817076,4245333.7936441535,669.3187388809646,12,0.9999999999999994,0.9999999999999994,147712.69320304092,4.293990132394674,True,4245.333793644154
Washington,2011,18.416889766842274,18.40364702988986,2718452.2675431767,311.69068741416623,12,0.9591961960178427,0.5103543522141178,147712.69320304092,5.908707096651368,True,2718.4522675431767
Washington,2012,3.824059095979247,3.7904215817730176,559893.380218623,88.82136532563294,12,0.9183923920356859,0.5103543522141178,147712.69320304092,4.305336989540356,True,559.893380218623
Washington,2013,20.71797637822521,20.68933068558092,3056076.7561354744,352.12575966707897,12,0.9183923920356859,0.5103543522141178,147712.69320304092,5.883686668596253,True,3056.0767561354746
Washington,2014,13.644581020981457,13.644581020981446,2015477.8102362675,314.7313040480958,12,0.9999999999999994,0.9999999999999994,147712.69320304092,4.335311055965489,True,2015.4778102362675
Washington,2015,25.49256225701469,25.492562257014676,3765575.02762983,367.497900501786,12,0.9999999999999994,0.9999999999999994,147712.69320304092,6.936791263897519,True,3765.57502762983
Washington,2016,18.119291055646993,18.119291055646986,2676449.2807593867,294.3640798988808,12,0.9999999999999994,0.9999999999999994,147712.69320304092,6.155401522451817,True,2676.4492807593865
Washington,2017,14.754256165790078,14.599950403941648,2156597.9947970463,202.7819046573548,12,0.8367847840713724,0.5103543522141178,147712.69320304092,7.275923456148949,True,2156.5979947970463
Washington,2018,15.175640827303418,14.93880215960525,2206650.7002226952,354.9161766551466,12,0.9591961960178427,0.5103543522141178,147712.69320304092,4.275838021902504,True,2206.6507002226954
Washington,2019,22.145177767396486,22.145177767396476,3271123.8494822383,497.6886324799294,12,0.9999999999999994,0.9999999999999994,147712.69320304092,4.449604897955862,True,3271.1238494822383
Washington,2020,12.819089593310693,12.819089593310686,1893542.2482389957,256.20974560730986,12,0.9999999999999994,0.9999999999999994,147712.69320304092,5.0033575276088,True,1893.5422482389956
Wayne,2000,0.10150354016651432,0.07554857484142158,10308.357440002366,19.587244008533975,12,0.6699888352298539,0.5998993663424402,136446.74914966794,0.5182124658389419,True,10.308357440002366
Wayne,2001,3.379194123712008,2.580379504933807,352084.39502064744,318.00218939891914,12,0.7120425165623021,0.5998993663424402,136446.74914966794,1.0626323454248185,True,352.08439502064743
Wayne,2002,1.013387156451279,0.7468976807102727,101911.76048034338,78.60986637050397,12,0.6840067290073367,0.5998993663424402,136446.74914966794,1.2891348163282499,True,101.91176048034337
Wayne,2003,0.45110270396345703,0.19229827980183378,26238.475146033474,32.469217695551286,11,0.5978724885809557,0.16821472532979284,136446.74914966794,1.3893242153021264,False,26.238475146033473
Wayne,2004,1.892929982313593,1.4506014354774723,197929.85018274287,201.03732559205605,12,0.7260604103397849,0.5998993663424402,136446.74914966794,0.9415813589535692,True,197.92985018274288
Wayne,2005,0.6579671982712171,0.50038441824417,68275.82719456479,89.69808450134053,12,0.6840067290073367,0.5998993663424402,136446.74914966794,0.733535394795843,True,68.27582719456478
Wayne,2006,0.2881663724615042,0.21979491552335828,29990.301702788125,19.700556293396215,12,0.6559709414523712,0.5998993663424402,136446.74914966794,1.4627321592847604,True,29.990301702788123
Wayne,2007,3.9061544510921076,2.9164009987500603,397933.4354962907,342.97711199805684,12,0.7540961978947504,0.5998993663424402,136446.74914966794,1.138896536954407,True,397.93343549629066
Wayne,2008,5.027014698137454,3.8613208286828162,526864.6744976721,549.310658094133,9,0.7681140916722331,0.7681140916722331,136446.74914966794,0.9151496742442591,False,526.8646744976721
Wayne,2009,3.5622974571470656,2.695420347394346,367781.3439938271,374.4509415962485,9,0.7494235666355895,0.5998993663424402,136446.74914966794,0.9513388968822811,False,367.78134399382714
Wayne,2010,9.00449037108087,6.916475942354149,943730.65790611,772.153466314856,12,0.7681140916722331,0.7681140916722331,136446.74914966794,1.1661529428929827,True,943.7306579061101
Wayne,2011,5.595144951413759,4.297066200513857,586320.7139410309,312.7633388418395,12,0.7540961978947504,0.5998993663424402,136446.74914966794,1.7889388737607614,True,586.3207139410309
Wayne,2012,1.2258268683855214,0.9406659357921374,128350.80897466742,59.6932721493254,12,0.7120425165623021,0.5998993663424402,136446.74914966794,2.0535427599262115,True,128.35080897466742
Wayne,2013,3.2814556890611137,2.4858782119153493,339190.00079783873,287.3565945553306,12,0.6480330089229493,0.16821472532979284,136446.74914966794,1.141945496026982,True,339.1900007978387
Wayne,2014,5.109369693942673,3.8668367758707975,527617.3075599535,358.91833771468634,12,0.7540961978947504,0.5998993663424402,136446.74914966794,1.4235465723136849,True,527.6173075599536
Wayne,2015,3.6716638372817387,2.8202567332994493,384814.8630261718,461.4719394341502,12,0.7681140916722331,0.7681140916722331,136446.74914966794,0.7956418415784665,True,384.8148630261718
Wayne,2016,2.4973180064905613,1.918225152172209,261735.586151025,158.32681136510425,12,0.7681140916722331,0.7681140916722331,136446.74914966794,1.5773184497044563,True,261.735586151025
Wayne,2017,1.8732016963344182,0.5696166119218011,77722.33495837776,119.76054299602698,11,0.6131647363382096,0.16821472532979284,136446.74914966794,1.564122581171464,False,77.72233495837776
Wayne,2018,1.581416763423158,1.1379778490719867,155273.37811020404,202.67499962969052,10,0.5713228092365218,0.16821472532979284,136446.74914966794,0.7802722419206021,False,155.27337811020405
Wayne,2019,4.077052659698861,3.0978832803243757,422696.1028453706,452.1163943690291,12,0.7400783041172677,0.5998993663424402,136446.74914966794,0.9017705861758831,True,422.6961028453706
Wayne,2020,1.145391515839571,0.8739516161177583,119247.8569333667,160.27292929780958,12,0.6980246227848195,0.5998993663424402,136446.74914966794,0.7146506405403454,True,119.24785693336669
Webster,2000,3.6357730829123005,3.631043692661835,675517.3272648106,50.02223493614399,12,0.9946073818306047,0.9838221454918097,186039.4378150829,7.268313955890927,True,675.5173272648105
Webster,2001,24.539133145359624,24.539133145359678,4565246.534832183,252.41125763752095,12,1.0000000000000022,1.0000000000000022,186039.4378150829,9.721885376681346,True,4565.246534832183
Webster,2002,10.315019190774262,10.315019190774288,1919000.3713034394,97.14729276801394,12,1.0000000000000022,1.0000000000000022,186039.4378150829,10.617917285051217,True,1919.0003713034394
Webster,2003,18.432869931965882,18.43161366460447,3429007.0441878154,151.66628724105942,12,0.9973036909153036,0.9838221454918097,186039.4378150829,12.153571019160346,True,3429.0070441878156
Webster,2004,19.951210479307086,19.937700724309664,3709198.6340759415,195.79716143201514,12,0.9973036909153036,0.9838221454918097,186039.4378150829,10.189734280818245,True,3709.1986340759413
Webster,2005,18.7938964049136,18.793022261988714,3496243.29646672,185.15738883934011,12,0.9986518454576528,0.9838221454918097,186039.4378150829,10.150227610533515,True,3496.24329646672
Webster,2006,19.059830418160793,19.059830418160836,3545880.135845458,171.69319255866472,12,1.0000000000000022,1.0000000000000022,186039.4378150829,11.101098496755114,True,3545.880135845458
Webster,2007,33.87417633669585,33.87417633669591,6301932.722127892,365.7955314662643,12,1.0000000000000022,1.0000000000000022,186039.4378150829,9.260412832522507,True,6301.932722127892
Webster,2008,29.52069841878942,26.115195304416684,4858456.252864772,361.9836002169462,12,0.8095025959610008,0.2380103838439969,186039.4378150829,8.155258525827385,True,4858.456252864772
Webster,2009,19.089157550786048,15.032544053884763,2796646.0447151884,230.10425337617085,12,0.8081544414186516,0.2380103838439969,186039.4378150829,8.295873401166293,True,2796.6460447151885
Webster,2010,37.67697812378482,37.676978123784906,7009403.82872012,537.0448235516928,12,1.0000000000000022,1.0000000000000022,186039.4378150829,7.015611448335327,True,7009.40382872012
Webster,2011,22.675968225948196,22.66865474136564,4217263.784107877,261.31539427209157,12,0.9932592272882553,0.9838221454918097,186039.4378150829,8.677624327917364,True,4217.263784107877
Webster,2012,4.430239413756363,4.418536930081792,822022.1264375988,60.78331003235135,12,0.9905629182035566,0.9838221454918097,186039.4378150829,7.2885787420895785,True,822.0221264375988
Webster,2013,33.347069346110466,33.34488335284185,6203463.352972213,175.85332866635844,12,0.9959555363729541,0.9838221454918097,186039.4378150829,18.963001496195115,True,6203.463352972213
Webster,2014,28.323744537805165,28.32374453780523,5269333.510631309,205.87342359574222,12,1.0000000000000022,1.0000000000000022,186039.4378150829,13.757844039851554,True,5269.333510631309
Webster,2015,49.33678158642022,49.33678158642034,9178587.109943174,347.6558980155139,12,1.0000000000000022,1.0000000000000022,186039.4378150829,14.191268397298584,True,9178.587109943173
Webster,2016,37.091981486541485,37.09198148654157,6900571.383203656,369.22877364800894,12,1.0000000000000022,1.0000000000000022,186039.4378150829,10.045799280502933,True,6900.571383203656
Webster,2017,22.03269702504049,22.028700468624876,4098207.0509798257,245.36841304700224,12,0.9986518454576528,0.9838221454918097,186039.4378150829,8.979434944961705,True,4098.207050979826
Webster,2018,44.095098749646425,44.09509874964653,8203427.381784806,528.8500703490406,12,1.0000000000000022,1.0000000000000022,186039.4378150829,8.337920560461246,True,8203.427381784806
Webster,2019,33.26609793980593,33.266097939806,6188806.159022996,463.0003866574269,12,1.0000000000000022,1.0000000000000022,186039.4378150829,7.184896362607026,True,6188.806159022996
Webster,2020,14.011424315627536,14.00924878373502,2606272.767937697,197.43414522677963,12,0.9973036909153036,0.9838221454918097,186039.4378150829,7.096758415082424,True,2606.272767937697
Winnebago,2000,9.807542803718988,7.643715422177819,794338.1411076384,135.35829214975095,12,0.779371099892559,0.7793710998925591,103920.4231495733,7.245616539597448,True,794.3381411076384
Winnebago,2001,24.073016927028537,18.76338933910466,1949899.3598399486,328.76230247096163,12,0.7814488121952637,0.7793710998925591,103920.4231495733,7.322316684758837,True,1949.8993598399486
Winnebago,2002,9.411381903907337,7.413175641825988,770380.3495806662,130.4116156098463,12,0.7876819491033776,0.7876819491033775,103920.4231495733,7.216674572964006,True,770.3803495806661
Winnebago,2003,14.21595833966469,11.197653773359498,1163664.918409935,147.88560128308401,12,0.7876819491033776,0.7876819491033775,103920.4231495733,9.612807613671846,True,1163.664918409935
Winnebago,2004,19.56365265354312,15.409936053724309,1601407.0754108955,301.813043137011,12,0.7876819491033776,0.7876819491033775,103920.4231495733,6.482043469758863,True,1601.4070754108955
Winnebago,2005,23.08552989423731,18.184055183177133,1889694.709210959,266.6950828167802,12,0.7876819491033776,0.7876819491033775,103920.4231495733,8.656151305983055,True,1889.694709210959
Winnebago,2006,21.195889626502748,16.695619653983748,1735015.8591863236,205.54126359326523,12,0.7876819491033776,0.7876819491033775,103920.4231495733,10.312230865937545,True,1735.0158591863235
Winnebago,2007,21.345428902837266,16.813409042634422,1747256.5822974315,327.88520330356886,12,0.7876819491033776,0.7876819491033775,103920.4231495733,6.510031159617422,True,1747.2565822974316
Winnebago,2008,24.272421312690977,16.850413965364346,1751102.149526142,338.22765864663546,12,0.5693389485376484,0.00249718758057653,103920.4231495733,7.1763561294227785,True,1751.102149526142
Winnebago,2009,17.517883010063045,10.77709404576943,1119960.173559106,272.34566281219634,12,0.5913857587226773,0.00249718758057653,103920.4231495733,6.432223971983353,True,1119.960173559106
Winnebago,2010,24.146932520461814,19.02010287258509,1976577.138867457,391.29139273484,12,0.7876819491033776,0.7876819491033775,103920.4231495733,6.171087064218934,True,1976.5771388674568
Winnebago,2011,21.251705748347646,16.71876842060366,1737421.4888088556,299.9375018851269,12,0.7435883287333197,0.5231202268830312,103920.4231495733,7.085377992008095,True,1737.4214888088557
Winnebago,2012,2.4246645325648624,1.8629765866629973,193601.31520376637,54.34693966365718,12,0.7213334195832429,0.5206230393024547,103920.4231495733,4.461455507100579,True,193.60131520376638
Winnebago,2013,29.988774863294303,23.62161663554203,2454768.396242527,331.4486357272207,12,0.7876819491033776,0.7876819491033775,103920.4231495733,9.047789500625612,True,2454.7683962425267
Winnebago,2014,28.460114151151185,19.933059020186597,2071451.92804321,234.93041067059372,12,0.6596039015804684,0.27536975901174127,103920.4231495733,12.114274209930345,True,2071.45192804321
Winnebago,2015,28.806656477058254,8.162019998990141,848200.5720503352,229.5749100841722,12,0.3180624415193776,0.27536975901174127,103920.4231495733,12.54782435349598,True,848.2005720503353
Winnebago,2016,58.140821919671296,17.367791574951934,1804868.249642599,457.4457907684627,12,0.3180624415193776,0.27536975901174127,103920.4231495733,12.709882371417297,True,1804.8682496425988
Winnebago,2017,24.423704669587597,6.811713417772267,707876.14074852,242.58682682098623,12,0.3387083138419851,0.27536975901174127,103920.4231495733,10.068025947513938,True,707.87614074852
Winnebago,2018,36.87470870836549,10.625841884961224,1104241.9850056302,592.5276417926094,12,0.3180624415193776,0.27536975901174127,103920.4231495733,6.2232891948814775,True,1104.24198500563
Winnebago,2019,25.870432838710812,7.842511707321009,814997.1351802817,483.5820337045397,12,0.3180624415193776,0.27536975901174127,103920.4231495733,5.34975061842707,True,814.9971351802817
Winnebago,2020,15.237798078804582,4.357320934435175,452814.6353049975,245.13535933450683,12,0.2939221227043592,0.00249718758057653,103920.4231495733,6.216075118731194,True,452.8146353049975
Winneshiek,2000,15.127526048843823,15.028594075418505,2683863.9299543076,272.57837093763396,12,0.9934601353118887,0.9934601353118887,178583.8326915866,5.5497895877824455,True,2683.8639299543074
Winneshiek,2001,19.56584824316759,19.437890243149155,3471292.939059972,297.1839907251074,12,0.9934601353118887,0.9934601353118887,178583.8326915866,6.583749075927119,True,3471.292939059972
Winneshiek,2002,6.7264340255105175,6.682444057150171,1193376.4714729933,147.9230977032628,12,0.9934601353118887,0.9934601353118887,178583.8326915866,4.547250652500464,True,1193.3764714729932
Winneshiek,2003,5.27847635903304,5.24395583788557,936485.7319950258,111.51472746506906,12,0.9934601353118887,0.9934601353118887,178583.8326915866,4.7334342996860865,True,936.4857319950257
Winneshiek,2004,19.181115511981773,19.055673611966377,3403035.228144886,337.4375162873882,12,0.9934601353118887,0.9934601353118887,178583.8326915866,5.684345867353302,True,3403.035228144886
Winneshiek,2005,12.837295698279398,12.75334152145138,2277540.608525538,242.18219580799305,12,0.9934601353118887,0.9934601353118887,178583.8326915866,5.300676895529127,True,2277.5406085255377
Winneshiek,2006,16.414858942144424,16.307507985788366,2912257.277750741,227.54372150977076,12,0.9934601353118887,0.9934601353118887,178583.8326915866,7.213936219918758,True,2912.257277750741
Winneshiek,2007,28.408321668777653,28.222535089047508,5040088.484474892,422.86175217287706,12,0.9934601353118887,0.9934601353118887,178583.8326915866,6.7181109482712404,True,5040.088484474892
Winneshiek,2008,35.20755418972989,34.372965041534826,6138455.8380912095,496.6517826588809,11,0.8661885172516143,0.2934662359803793,178583.8326915866,7.088981741139095,False,6138.455838091209
Winneshiek,2009,11.52332996964094,10.342823647260312,1847061.087780921,221.8948493505246,11,0.8661885172516143,0.2934662359803793,178583.8326915866,5.193148918674392,False,1847.061087780921
Winneshiek,2010,24.92183334395709,24.758847926107943,4421529.955672498,388.1821869844219,12,0.9934601353118887,0.9934601353118887,178583.8326915866,6.420138321534375,True,4421.529955672498
Winneshiek,2011,26.045821587651247,25.875485438777318,4620943.362412193,352.158957540117,12,0.9934601353118887,0.9934601353118887,178583.8326915866,7.396041199572264,True,4620.943362412193
Winneshiek,2012,6.532325059870353,6.375586124645449,1138576.6057944838,122.0235631461958,12,0.940567609501319,0.35874982558505336,178583.8326915866,5.353330857945862,True,1138.5766057944838
Winneshiek,2013,37.87251861440577,37.624837467269586,6719187.679303011,528.0265160865589,12,0.9934601353118887,0.9934601353118887,178583.8326915866,7.172465294943136,True,6719.187679303011
Winneshiek,2014,25.17382456916964,25.009191162805017,4466237.210370277,357.84055379681723,12,0.9934601353118887,0.9934601353118887,178583.8326915866,7.034927791740284,True,4466.237210370277
Winneshiek,2015,19.190577980857405,19.065074197575946,3404714.0207525874,272.57103267206435,12,0.9934601353118887,0.9934601353118887,178583.8326915866,7.040578667780143,True,3404.714020752587
Winneshiek,2016,48.12123531137317,47.80652894381202,8537473.166467216,635.5626613801722,12,0.9934601353118887,0.9934601353118887,178583.8326915866,7.571438386086791,True,8537.473166467216
Winneshiek,2017,30.976320136587628,30.77373919435872,5495692.29157988,459.3793125887287,12,0.9934601353118887,0.9934601353118887,178583.8326915866,6.743081215831761,True,5495.69229157988
Winneshiek,2018,36.65084181115762,36.41115026500728,6502442.767034278,640.1420334782694,12,0.9934601353118887,0.9934601353118887,178583.8326915866,5.725423405179624,True,6502.442767034278
Winneshiek,2019,38.43042913172546,38.17909932529792,6818169.886224471,686.8196217756798,12,0.9934601353118887,0.9934601353118887,178583.8326915866,5.595418056398673,True,6818.169886224471
Winneshiek,2020,22.177879393502057,22.032839063199305,3934708.8449830385,383.27591580685396,12,0.9934601353118887,0.9934601353118887,178583.8326915866,5.786400469962809,True,3934.7088449830385
Woodbury,2000,1.6738710403044577,0.7717769558176522,175590.04698740813,38.301792349501795,12,0.4614749881053775,0.4608919827635056,227513.98012574867,4.37021595498841,True,175.59004698740813
Woodbury,2001,9.70574185530801,4.473298607883654,1017737.9705705812,158.09053636260586,12,0.4608919827635056,0.4608919827635056,227513.98012574867,6.139356648804292,True,1017.7379705705812
Woodbury,2002,3.7818354385333035,1.765207139237668,401609.3019943485,67.84294777972185,12,0.46613903084035296,0.4608919827635056,227513.98012574867,5.574397284169436,True,401.6093019943485
Woodbury,2003,8.277419012779225,5.564231238853094,1265940.3954914925,94.83985099849232,12,0.5110646823450993,0.4608919827635056,227513.98012574867,8.727785762665118,True,1265.9403954914924
Woodbury,2004,11.33238388232197,6.853624201329292,1559295.320330582,143.95271852384076,12,0.5110646823450993,0.4608919827635056,227513.98012574867,7.872295847226501,True,1559.2953203305822
Woodbury,2005,9.847877531613713,4.771595130384285,1085604.599662369,115.79621919031004,12,0.512230693028843,0.4678880468659687,227513.98012574867,8.504489697913899,True,1085.6045996623689
Woodbury,2006,9.321170517190202,4.509089127488573,1025880.8141366645,111.77031972950377,12,0.512230693028843,0.4678880468659687,227513.98012574867,8.339575783399779,True,1025.8808141366644
Woodbury,2007,17.19984422047249,8.047601518715794,1830941.85198905,226.07040914645737,12,0.4678880468659687,0.4678880468659687,227513.98012574867,7.608180250308544,True,1830.9418519890498
Woodbury,2008,14.313658946255238,6.470594915201684,1472150.8029389663,185.7588051674796,11,0.40842599857061274,0.2521925578171511,227513.98012574867,7.705507651898431,False,1472.1508029389663
Woodbury,2009,8.855465147913318,3.7565296634647423,854663.0151953028,137.09729193650128,12,0.39178211743525787,0.0069960641024630526,227513.98012574867,6.459256067592395,True,854.6630151953028
Woodbury,2010,29.57120163374077,13.811745890089869,3142365.279939797,351.95823527304094,12,0.46672203618222485,0.4608919827635056,227513.98012574867,8.401906439495619,True,3142.365279939797
Woodbury,2011,20.329159971096843,9.511770953302333,2164060.8676303006,247.99016743279432,12,0.4678880468659687,0.4678880468659687,227513.98012574867,8.197566936441572,True,2164.0608676303004
Woodbury,2012,4.300375140007764,2.0471742474028667,465760.7610375604,74.8930763846484,12,0.5104816770032273,0.4608919827635056,227513.98012574867,5.74201961997285,True,465.7607610375604
Woodbury,2013,9.294297211200353,4.292701710838163,976649.6517254012,106.0568299268731,12,0.46322400413099335,0.4608919827635056,227513.98012574867,8.76350652533065,True,976.6496517254012
Woodbury,2014,9.752064013013165,5.256803424280732,1195996.269796774,149.75764550274403,12,0.50523462892638,0.4608919827635056,227513.98012574867,6.511897259251766,True,1195.996269796774
Woodbury,2015,21.08588128131468,9.718313632061012,2211052.214540521,209.60344271422994,12,0.4608919827635056,0.4608919827635056,227513.98012574867,10.059892627843352,True,2211.052214540521
Woodbury,2016,38.68284852414495,17.828614755233513,4056259.1030918267,349.38491213166174,12,0.4608919827635056,0.4608919827635056,227513.98012574867,11.071699773219674,True,4056.2591030918265
Woodbury,2017,16.694248264748573,7.694245183486183,1750548.345758313,214.39417764925705,12,0.4608919827635056,0.4608919827635056,227513.98012574867,7.786707851768205,True,1750.5483457583132
Woodbury,2018,25.652558104714895,11.823058367838083,2689911.0665258802,375.3796595397615,12,0.4608919827635056,0.4608919827635056,227513.98012574867,6.833763485258233,True,2689.9110665258804
Woodbury,2019,24.821585507310505,11.440069759798234,2602775.8039679145,384.07664896675595,12,0.4608919827635056,0.4608919827635056,227513.98012574867,6.462664568149509,True,2602.7758039679147
Woodbury,2020,13.069585540506603,6.216888312028211,1414429.0038667857,183.25491054225316,12,0.50523462892638,0.4608919827635056,227513.98012574867,7.131915593330386,True,1414.4290038667857
Worth,2000,14.79052702289737,7.169261706361642,745646.7101441438,196.07228764683597,12,0.48471982744515,0.48471982744514996,104006.06654971105,7.543405139199459,True,745.6467101441438
Worth,2001,25.012542271150224,12.311761000163461,1280497.833927138,340.77121632000467,12,0.6135398705838623,0.48471982744514996,104006.06654971105,7.339980923641726,True,1280.4978339271381
Worth,2002,7.664164169455196,7.664164169455191,797119.5686562674,136.11876158565644,12,0.9999999999999994,0.9999999999999993,104006.06654971105,5.630498015244072,True,797.1195686562673
Worth,2003,14.135282383861517,14.135282383861508,1470155.1203148582,159.53478816407525,12,0.9999999999999994,0.9999999999999993,104006.06654971105,8.860313506872204,True,1470.155120314858
Worth,2004,24.427260906945204,24.42726090694519,2540583.3235148964,347.1953696600492,12,0.9999999999999994,0.9999999999999993,104006.06654971105,7.03559524162513,True,2540.5833235148966
Worth,2005,25.312170145652694,25.312170145652676,2632619.2526863604,265.0524713263069,12,0.9999999999999994,0.9999999999999993,104006.06654971105,9.549871396781208,True,2632.6192526863606
Worth,2006,24.660460145761526,24.66046014576151,2564837.459066569,220.96720170905104,12,0.9999999999999994,0.9999999999999993,104006.06654971105,11.160235525918509,True,2564.837459066569
Worth,2007,29.56391497586606,29.56391497586604,3074826.5084499223,338.85697120459344,12,0.9999999999999994,0.9999999999999993,104006.06654971105,8.724599901477635,True,3074.826508449922
Worth,2008,34.36314907557414,34.363149075574114,3573975.9696118026,363.7628080242258,9,0.9999999999999994,0.9999999999999993,104006.06654971105,9.446581211041682,False,3573.9759696118026
Worth,2009,13.9232768474787,13.923276847478691,1448105.2583889195,214.604705270231,9,0.9999999999999994,0.9999999999999993,104006.06654971105,6.487871190869959,False,1448.1052583889195
Worth,2010,20.20376316865348,20.203763168653474,2101313.9366735737,356.8476604559408,12,0.9999999999999994,0.9999999999999993,104006.06654971105,5.661733397057817,True,2101.3139366735736
Worth,2011,20.584259000464428,20.584259000464417,2140887.8114787904,313.0618208577795,12,0.9999999999999994,0.9999999999999993,104006.06654971105,6.575141914163857,True,2140.8878114787904
Worth,2012,2.168711269276349,2.168711269276348,225559.12859946414,64.94644932261093,12,0.9999999999999994,0.9999999999999993,104006.06654971105,3.3392299223374446,True,225.55912859946415
Worth,2013,38.782232843313096,38.782232843313075,4033587.490048008,379.6931228310953,12,0.9999999999999994,0.9999999999999993,104006.06654971105,10.214099363755183,True,4033.587490048008
Worth,2014,24.14270845731336,23.63488912405304,2458171.8511313023,282.1480958352322,12,0.928833976621697,0.7153359064867898,104006.06654971105,8.556750449030899,True,2458.1718511313024
Worth,2015,19.962270382541497,14.461629546591857,1504097.2050401005,276.94284092404314,12,0.7390579142795572,0.7153359064867898,104006.06654971105,7.20808319721705,True,1504.0972050401006
Worth,2016,46.69424139917826,34.384663089975874,3576213.5576254246,608.6036650683325,12,0.7390579142795572,0.7153359064867898,104006.06654971105,7.672356260611009,True,3576.2135576254245
Worth,2017,24.013324424271204,17.301298399418144,1799439.9927262922,364.7386848503094,12,0.7627799220723247,0.7153359064867898,104006.06654971105,6.583706478550909,True,1799.4399927262923
Worth,2018,39.26992687408089,28.41073524042468,2954888.82014183,642.4718620146388,12,0.7390579142795572,0.7153359064867898,104006.06654971105,6.1123185614603806,True,2954.88882014183
Worth,2019,25.726071451017233,18.95920393328144,1971872.2260144127,522.0362372191847,12,0.7390579142795572,0.7153359064867898,104006.06654971105,4.928024075121007,True,1971.8722260144127
Worth,2020,15.397161388097695,11.144020308355667,1159045.717822171,329.0203633836153,12,0.7198399076927539,0.2000557339319404,104006.06654971105,4.679698614929087,True,1159.0457178221711
Wright,2000,10.371351270470997,10.273651358006617,1547424.4021732078,98.7641745827247,12,0.7898263229305001,0.3694789687915032,150620.684725421,10.501126865373609,True,1547.424402173208
Wright,2001,42.730385796024436,42.73038579602437,6436079.967178594,346.64420597206174,12,0.9999999999999986,0.9999999999999984,150620.684725421,12.326871489514627,True,6436.079967178594
Wright,2002,21.734820359091618,21.734820359091586,3273713.5248703947,173.20214617352357,12,0.9999999999999986,0.9999999999999984,150620.684725421,12.548816997519454,True,3273.713524870395
Wright,2003,22.40329476795738,22.39361150578319,3372941.0984761296,187.9380586881501,12,0.8949131614652494,0.3694789687915032,150620.684725421,11.920573684935034,True,3372.94109847613
Wright,2004,23.553723450827732,23.476613463935983,3536063.594972076,213.91112416613353,12,0.8949131614652494,0.3694789687915032,150620.684725421,11.010985773949182,True,3536.063594972076
Wright,2005,23.021317033761946,22.885122736404217,3446972.856582503,205.595819013627,12,0.947456580732624,0.3694789687915032,150620.684725421,11.197366339553861,True,3446.972856582503
Wright,2006,24.28791191774891,24.28791191774888,3658261.923602048,180.02187542241322,12,0.9999999999999986,0.9999999999999984,150620.684725421,13.491644757482067,True,3658.261923602048
Wright,2007,55.86702550533053,55.86702550533044,8414729.63518543,435.2728541600426,12,0.9999999999999986,0.9999999999999984,150620.684725421,12.834943638545663,True,8414.72963518543
Wright,2008,42.344712743794915,42.34462983032519,6377977.139488066,427.3855026364497,12,0.9999887639101508,0.9999550556406077,150620.684725421,9.907849583708256,True,6377.977139488065
Wright,2009,27.61555803634714,27.573163105448135,4153088.7069883132,289.39027452082917,12,0.9474453446427762,0.3694789687915032,150620.684725421,9.542669698238072,True,4153.088706988313
Wright,2010,46.24450780353021,46.24450780353013,6965379.4301577825,571.1483297800684,12,0.9999999999999986,0.9999999999999984,150620.684725421,8.096759701868962,True,6965.379430157783
Wright,2011,21.30924209174471,21.225172515333185,3196950.0176746706,226.827495468934,12,0.7372829036631255,0.3694789687915032,150620.684725421,9.39447047532348,True,3196.9500176746706
Wright,2012,2.8537270567746353,2.462072600054857,370839.0608639602,39.0606666213981,12,0.6014098964257002,4.494435939060355e-05,150620.684725421,7.305884163306407,True,370.8390608639602
Wright,2013,55.80897363426092,55.789716930812226,8403085.364756348,247.72281172465603,12,0.8423697421978747,0.3694789687915032,150620.684725421,22.52879871890547,True,8403.085364756347
Wright,2014,42.504449365837765,42.5044493658377,6402049.26735946,261.238274494538,12,0.9999999999999986,0.9999999999999984,150620.684725421,16.270375942452663,True,6402.04926735946
Wright,2015,45.5883132085782,45.58831320857813,6866542.950952993,312.62534271524953,12,0.9999999999999986,0.9999999999999984,150620.684725421,14.582411269869981,True,6866.542950952993
Wright,2016,57.58517428133511,57.585174281335014,8673518.38028738,458.45618724903863,12,0.9999999999999986,0.9999999999999984,150620.684725421,12.560671201074701,True,8673.518380287382
Wright,2017,31.517307813185912,31.510770115486295,4746173.771019878,288.6968955470882,12,0.947456580732624,0.3694789687915032,150620.684725421,10.917092736123742,True,4746.173771019878
Wright,2018,54.468980525108606,54.46898052510852,8204155.142987466,635.5584808394299,12,0.9999999999999986,0.9999999999999984,150620.684725421,8.570254692088653,True,8204.155142987467
Wright,2019,32.731042673561056,32.731042673561014,4929972.0592687335,480.26215388717407,12,0.9999999999999986,0.9999999999999984,150620.684725421,6.815245050779167,True,4929.972059268734
Wright,2020,17.9928614933399,17.976124839910135,2707576.2320969133,239.8150194297611,12,0.8949131614652494,0.3694789687915032,150620.684725421,7.5028084296487485,True,2707.5762320969134
